date,open,high,low,close,volume
2019-01-02,127.76628721876284,136.20544775108172,127.34035873643892,134.39280700683594,28146200
2019-01-03,133.41224573928244,135.86871461921098,129.87610581949215,130.490234375,22717900
2019-01-04,132.73865703839883,136.6908098064628,132.48112906966958,136.6412811279297,29002100
2019-01-07,136.2549995143873,137.55256944662003,134.62065870634493,136.7403564453125,20089300
2019-01-08,138.56285706486196,141.78202417777658,138.2161714840137,141.1778106689453,26263800
2019-01-09,141.59385395230558,143.3272519915252,139.92979908938983,142.86170959472656,22205900
2019-01-10,141.72263078246374,143.18858608977013,139.50387576851548,142.83200073242188,16125000
2019-01-11,141.79196360297962,143.98100450340465,141.21747922679185,142.43580627441406,12908000
2019-01-14,140.6528576671611,145.179509707381,139.92978734911048,144.0106964111328,20520300
2019-01-15,144.62483023474576,149.25052517201027,144.605030852391,147.5369415283203,24069000
2019-01-16,147.58644501535343,148.23027245470783,145.6054189077648,146.14028930664062,18025700
2019-01-17,145.55591330244098,147.58646840736213,145.11018538039298,146.8931121826172,15787900
2019-01-18,148.32935023224297,150.98391832724,147.140737426811,148.61659240722656,31029600
2019-01-22,147.7845393707135,150.09243651802237,144.981385714043,146.17001342773438,22378700
2019-01-23,146.8732991780573,147.38837028482672,141.70281895611384,142.93106079101562,20098400
2019-01-24,143.26785041533324,145.05077746908458,141.1679669487118,144.44656372070312,20955500
2019-01-25,146.08089044248598,148.40860263459268,145.14980556564328,147.59637451171875,22237200
2019-01-28,146.64548336062506,147.54685400661765,144.82294268659737,146.07098388671875,15508500
2019-01-29,146.68510880447596,146.69502361031104,142.0693132672397,142.82211303710938,17632100
2019-01-30,144.83284372922697,149.51796701145534,144.31777262470558,148.9929962158203,44613200
2019-01-31,164.02900201016746,170.05130933460404,163.43468800816098,165.10865783691406,77233600
2019-02-01,164.2666958840769,167.49577840080565,164.08841077320605,164.137939453125,30806500
2019-02-04,164.12803843025216,167.69389208739807,162.06776910768258,167.6443634033203,20036000
2019-02-05,167.54531353757474,170.34846790473443,167.0896858973347,169.5362548828125,22557000
2019-02-06,169.57584497033957,170.8338008783856,167.66416188262832,168.87258911132812,13281200
2019-02-07,166.60434697003964,167.63448934586435,163.68233553102198,164.80162048339844,17517600
2019-02-08,162.9097007259716,165.78218284597503,162.65217274527802,165.74256896972656,12561400
2019-02-11,166.30714636824283,166.70336068362698,163.51390723643058,164.2171630859375,12811200
2019-02-12,165.2770301867724,166.74298546450234,162.9394184722146,163.4742889404297,16292300
2019-02-13,163.81107387053356,164.64310131094078,162.17671806184268,162.5135040283203,14205100
2019-02-14,161.6418382735054,163.30589305833703,160.71075352359836,162.39462280273438,12755200
2019-02-15,162.94934619750686,163.13754615274902,159.3339785060788,160.9584197998047,15504400
2019-02-19,158.97735439157256,162.59272120284032,158.80896897630566,160.7503662109375,14345400
2019-02-20,160.71075036429232,162.16680582941174,159.72023726497466,161.01780700683594,11770700
2019-02-21,160.39375157324972,160.70082327747303,158.0759549433603,158.5216827392578,15607800
2019-02-22,159.05660195678024,160.86924281805312,158.7891591768466,160.3541717529297,15858500
2019-02-25,161.52298999215196,164.49452950409318,161.35458945279422,163.0582733154297,18737100
2019-02-26,162.78093632070426,164.66292047675483,162.24606584070946,162.57293701171875,13784100
2019-02-27,161.35459971698157,162.37482713852486,158.88823143815844,161.2654571533203,12697500
2019-02-28,160.829605187793,161.94888981320577,159.33393586665466,159.9183349609375,11114200
2019-03-01,161.0574499896844,161.58242076881743,160.15607936361377,160.740478515625,11097800
2019-03-04,162.3450989525824,165.91095233189532,162.2757708915011,165.7821807861328,18894700
2019-03-05,165.78218869781378,170.24941288259268,164.96997573678337,169.63528442382812,28187900
2019-03-06,171.2597125986189,171.9233696901264,169.64518648870987,170.8734130859375,21531700
2019-03-07,169.8730242877548,170.1107529114834,166.0199283064306,167.5255126953125,18306500
2019-03-08,164.62327422308334,168.01082721193242,164.39546044197604,167.99102783203125,13184800
2019-03-11,169.9720644168852,172.64644692789264,169.95224992174298,170.43760681152344,18884000
2019-03-12,170.4574021432631,172.1511862579482,169.5956605504402,170.2890167236328,12155300
2019-03-13,170.6852387531999,172.37900783032623,170.48712402560216,171.7252655029297,11973300
2019-03-14,168.14951949564056,169.52633227268862,166.56470740537296,168.55563354492188,18037400
2019-03-15,165.5741783422534,165.99019204292867,160.96828322200295,164.40536499023438,37135400
2019-03-18,162.01827502608603,162.3451311294441,157.76896431402068,158.9476776123047,37524200
2019-03-19,159.94805851675733,162.26587076408438,159.29433132733644,160.03721618652344,25611500
2019-03-20,159.96787441123985,164.54404034738099,159.71034643218633,163.87049865722656,20211500
2019-03-21,163.32572713667582,164.81149699301554,162.19654265041893,164.5044403076172,16223000
2019-03-22,164.0784993905981,165.8317119208794,162.53330127470193,162.7809295654297,16389200
2019-03-25,161.45363613682204,164.96004587882254,160.46312303168816,164.71241760253906,12631200
2019-03-26,165.76239259658405,167.84246127992475,164.77187938146022,166.08924865722656,15437900
2019-03-27,166.2576442256486,167.33729997043608,163.22666118234383,164.29641723632812,10620300
2019-03-28,163.00874780693593,165.13834492221113,161.78050612425693,163.9794464111328,10443000
2019-03-29,164.81150083591083,165.60391446724182,163.24648807039117,165.10865783691406,13455500
2019-04-01,166.23780682372208,167.2976479268335,165.69302162397804,167.09954833984375,10381500
2019-04-02,168.52591268609825,173.24075000550022,167.94151353433404,172.54739379882812,23946500
2019-04-03,172.84451483265318,176.27169639010933,171.30921669242275,171.89361572265625,27391100
2019-04-04,174.35015869140625,176.31137083164904,173.8648017239074,174.35015869140625,17847700
2019-04-05,175.20199280000497,175.32084955643398,173.43888038081997,174.05299377441406,9594100
2019-04-08,173.5478196293826,173.83506179927588,172.5771058380873,173.2704620361328,7297400
2019-04-09,173.9539273984359,177.49006685951855,173.88459933211806,175.8953399658203,19751000
2019-04-10,176.48962686728652,177.09384049695964,174.86518589613718,176.133056640625,11701500
2019-04-11,176.54902830688465,176.7074988874281,175.32078684499965,175.82594299316406,8071000
2019-04-12,176.3113540892616,177.9258954828615,176.26182540519412,177.4009246826172,12329800
2019-04-15,176.80660981206844,178.7876362525398,175.19206842659395,177.94569396972656,10834800
2019-04-16,177.30185198897428,178.46075054862632,176.60849581405824,177.17308044433594,11215200
2019-04-17,177.89618195987288,179.02536643628184,176.66794011495884,177.08395385742188,9973700
2019-04-18,177.10375515461178,177.1829980207035,175.65759929799262,176.58868408203125,11655600
2019-04-22,176.5589799200259,179.94653328909934,176.5589799200259,179.71871948242188,13389900
2019-04-23,181.00637203424947,182.4723272121815,179.75831583665874,182.0364990234375,19954800
2019-04-24,182.73976879610584,183.38359627090549,179.9267000817969,180.84788513183594,37289900
2019-04-25,195.11130055564027,196.59707046721178,190.2974054375873,191.4265899658203,54148800
2019-04-26,190.67378321141203,191.0699824296154,187.2961297100138,189.67337036132812,22075000
2019-04-29,189.13849206324934,193.55618757482065,188.84133508115613,192.93215942382812,19641300
2019-04-30,192.3477451517395,195.51738411228567,190.45586146555874,191.5652313232422,23494700
2019-05-01,192.93215907907037,194.3188715076514,191.17894649048213,191.19876098632812,15996600
2019-05-02,191.16903358994222,192.15954671735122,187.94986592586287,190.7034912109375,13209500
2019-05-03,192.53594491356205,194.2990570563132,191.87230293749556,193.6156005859375,14575400
2019-05-06,189.42577116969312,192.43692498707253,188.74231456637787,192.0407257080078,13994900
2019-05-07,190.7134067538078,191.06999211387665,186.06791249589853,187.96969604492188,16253000
2019-05-08,187.59329612962784,188.91068051185528,186.76126866107327,187.7418670654297,12505700
2019-05-09,185.42407983618182,187.9697061771762,184.49299495058906,186.86032104492188,12967000
2019-05-10,186.4640801098594,188.1974779329258,182.83879874967909,186.55322265625,12578500
2019-05-13,181.7591768541123,183.67086012432736,179.12440804727893,179.81776428222656,16833300
2019-05-14,180.78845353180816,181.74925243883155,176.4103874849534,179.0154266357422,17628100
2019-05-15,178.7083908674386,185.50331206723598,178.31219163053038,184.50289916992188,16746900
2019-05-16,183.2944664710347,186.79097677756872,183.2944664710347,185.216064453125,12953100
2019-05-17,183.08647149771826,185.80048333263917,182.53178647780058,183.5421142578125,10485400
2019-05-20,180.15454480888877,182.4822417495698,179.64937340627384,180.986572265625,10352000
2019-05-21,182.81905257569926,183.9383223610737,182.14549565199104,183.06668090820312,7502800
2019-05-22,182.9775210802697,184.96846252328066,181.86815100012723,183.5619354248047,9213800
2019-05-23,180.68942760865693,182.15538300585317,177.9655161356198,179.1541290283203,12768800
2019-05-24,180.60027165643046,181.88794182559548,179.1145018721705,179.34231567382812,8807700
2019-05-28,179.81775198262014,182.9576919925962,179.72860942580263,182.5614776611328,14843300
2019-05-29,181.75917880764527,182.80912041956958,179.629581395839,180.46160888671875,12797700
2019-05-30,181.34316214986916,181.73936139229684,179.17393577960166,181.27381896972656,8581500
2019-05-31,178.56971659742933,178.82724458565292,175.47932028261908,175.786376953125,15226500
2019-06-03,173.33983392785134,173.3893626174947,159.48254690593828,162.59275817871094,56059600
2019-06-04,162.15689667119824,166.68353341147582,159.31411396460467,165.9109344482422,46044300
2019-06-05,165.89115890119547,167.11940080203408,163.068205138654,166.57461547851562,19758300
2019-06-06,166.70337907404075,168.09009154578806,165.64352266675132,166.73309326171875,12446400
2019-06-07,168.55560495796166,172.2205002430542,167.23822077954702,171.7054443359375,16917300
2019-06-10,173.09217110773463,176.17266757578687,172.15118664812397,173.16151428222656,14767900
2019-06-11,176.78678511505504,178.27255485967893,175.1128154512004,176.410400390625,15266600
2019-06-12,176.68775064583681,177.56930679522955,171.2399280090423,173.37942504882812,17699800
2019-06-13,173.86477894721233,176.34106192101075,172.95350862653834,175.786376953125,12253600
2019-06-14,178.79752840862753,180.11491274970635,178.29237212864777,179.60975646972656,16773700
2019-06-17,183.25483575604957,187.7022453210671,182.66053692371574,187.21688842773438,29459900
2019-06-18,192.15955882531534,192.68452960679804,185.50330898059423,186.68202209472656,37571400
2019-06-19,185.22595867772026,186.31552918614284,182.79920448790395,185.70140075683594,21417100
2019-06-20,189.138460284367,189.34647467109144,185.85986456934782,187.73193359375,14635700
2019-06-21,186.95936475251648,190.17853262242735,186.95936475251648,189.32669067382812,22751200
2019-06-24,190.59454217749877,192.13974030299266,189.75261505221377,190.77284240722656,15509000
2019-06-25,191.0501894529737,191.3077174420357,186.34525178743922,187.0485076904297,16750300
2019-06-26,187.74186954661943,188.95029688721868,185.53302929232473,185.8797149658203,12808600
2019-06-27,188.07863981984457,196.99325807795597,186.48391306022117,187.70223999023438,11159000
2019-06-28,188.7422977494006,191.36715174590506,188.13808407854057,191.16905212402344,16378900
2019-07-01,193.35809299800124,193.42742106434528,190.10919572020654,191.16905212402344,14181800
2019-07-02,191.16904382950221,193.1500701904297,190.88180165734167,193.1500701904297,9050000
2019-07-03,192.3180697909332,195.52732327395668,192.3180697909332,195.3292236328125,10246100
2019-07-05,194.31882909941004,195.20040016079508,192.3279034512982,194.5367431640625,11164100
2019-07-08,193.33826265824044,194.81411756724523,191.80296426491321,193.90284729003906,9723900
2019-07-09,193.12034823722047,197.56775767968807,193.04110537228655,197.32012939453125,14698600
2019-07-10,198.10263543596233,201.0345610905885,197.77576427380922,200.80673217773438,20571700
2019-07-11,201.33170923118854,201.86659482740413,198.31065603780175,199.3209686279297,13678500
2019-07-12,197.78565650521193,203.35235062856086,197.27060055460612,202.92642211914062,15366300
2019-07-15,202.3122957207295,203.38205165621673,199.90535620140582,201.97552490234375,16030300
2019-07-16,201.95573290574328,203.520745553437,201.1732341389123,201.9062042236328,12132700
2019-07-17,202.24295469091985,202.42125490573628,199.6775294249614,199.8855438232422,12083700
2019-07-18,198.2512311831874,200.54922929663354,197.48854682339208,198.87525939941406,11937900
2019-07-19,200.2619632352463,200.41054929235676,196.1909682545911,196.47821044921875,12098300
2019-07-22,198.0134642092826,200.64823250649056,196.92389382651857,200.40060424804688,13589000
2019-07-23,200.9156733788456,202.30240078589875,199.0535190302195,200.4402313232422,14583700
2019-07-24,195.75515263932516,202.86703103567604,195.34903854998686,202.7184600830078,32532500
2019-07-25,204.7390567998404,206.68046914547776,196.37912373378157,198.80589294433594,39889900
2019-07-26,198.2908545034018,200.95533762552375,194.38822979025906,197.8550262451172,24434000
2019-07-29,197.1121450116049,197.73617322175042,193.44724885580385,194.0811767578125,16530800
2019-07-30,193.5363594578028,196.8248702971993,191.66429025061385,195.1707000732422,11903600
2019-07-31,195.08155652241388,196.87438285652664,190.85206125591765,192.38735961914062,14593500
2019-08-01,192.32793743031857,196.58714701824408,189.06915580159875,190.90159606933594,17777000
2019-08-02,189.28709130778836,190.79266059103523,186.2858373188765,187.22682189941406,15297000
2019-08-05,182.9378920159121,183.90859075547962,177.63864015651643,180.00596618652344,23086700
2019-08-06,181.94736956625567,184.02743818857002,181.35305560900483,182.75958251953125,18035700
2019-08-07,181.8582255760392,184.60193619774512,179.50079937526576,183.3935089111328,15833200
2019-08-08,184.84956247221297,188.5342726642332,182.30395149117408,188.35598754882812,14828900
2019-08-09,188.19751427551662,189.16821301195597,185.3448313279026,186.0679168701172,11058800
2019-08-12,185.07739003699646,185.81036010259612,182.7100641885772,183.61141967773438,10930900
2019-08-13,183.7600346831127,189.56444332154607,183.61144861723838,186.6622314453125,13577000
2019-08-14,184.03734848097963,184.2255483999623,177.60891261999535,178.005126953125,18903700
2019-08-15,179.2333320417901,181.46198638771628,178.3220618562505,180.85777282714844,12925900
2019-08-16,182.00678881146158,183.343987591199,180.62997615644224,181.95726013183594,12654600
2019-08-19,184.24533812759105,185.72120810236217,183.09635440679435,184.40382385253906,9691200
2019-08-20,183.69064874192054,184.23543396192582,180.65968111756595,182.0662078857422,10083400
2019-08-21,183.24491091752,184.13636660069616,181.40255607346376,181.8086700439453,8398200
2019-08-22,181.6898315615164,182.3633884062302,178.20323593087247,180.31301879882812,10821400
2019-08-23,179.12440285338127,181.39268653754945,174.9840649461528,176.063720703125,17323400
2019-08-26,177.69805700357497,178.7876275383409,176.54907321076817,178.64895629882812,8773600
2019-08-27,180.20409127445245,182.2940751027625,179.29282078204716,179.580078125,14399600
2019-08-28,178.81736319177548,180.22389025112795,177.22263618891225,180.0356903076172,9386100
2019-08-29,182.02659792057725,184.31468077969416,181.72944096564623,183.8095245361328,10128700
2019-08-30,185.0080395046506,185.0278539989964,181.71954380269955,183.9085693359375,10774500
2019-09-03,182.25440991889056,183.9085649778403,180.3823407693936,180.65968322753906,9779400
2019-09-04,182.898225866457,185.96882232055736,182.1454414009104,185.36460876464844,11308000
2019-09-05,186.74144735596775,189.5446014501332,186.15704821107946,189.08895874023438,13876700
2019-09-06,188.4055159908817,188.4055159908817,184.58213456483298,185.71131896972656,15226800
2019-09-09,185.9490262221933,187.1871676384169,184.0868718097341,186.96925354003906,14722400
2019-09-10,185.66177973401432,186.31552201390195,182.79919745102447,184.40382385253906,15455900
2019-09-11,184.69108752920104,187.64281246717204,184.31468769789163,186.7018280029297,11761700
2019-09-12,188.05882358030752,189.1186647707536,185.4537692103392,185.69149780273438,11419800
2019-09-13,185.55284055569905,186.18676840250643,184.77032665968292,185.41416931152344,11441100
2019-09-16,185.15662504810942,186.00846700387407,184.00764122384822,184.453369140625,8444800
2019-09-17,184.88918847070408,186.53344392942236,183.77980346357674,186.29571533203125,9671100
2019-09-18,186.3056043790931,187.28621778402513,184.24533532816432,186.35513305664062,9681900
2019-09-19,186.87021117787594,189.28706563907247,186.36503980739397,188.33616638183594,10392700
2019-09-20,188.8512593808466,191.26811412280153,186.33534726853642,188.128173828125,19934200
2019-09-23,187.5437815682258,188.29658133705925,183.45297198278223,185.04769897460938,13327600
2019-09-24,186.1966774864623,186.25610586353093,178.67868550662413,179.56024169921875,18546600
2019-09-25,179.72861232725143,181.6799244883696,176.18257335207298,181.06581115722656,18068300
2019-09-26,179.60976400752006,179.6790920736276,175.9844819947255,178.40133666992188,16083300
2019-09-27,178.77773045476368,179.04515813298937,173.9935499507578,175.41989135742188,14656200
2019-09-30,176.18256481707957,176.97497834037966,175.17225231105203,176.3905792236328,10740000
2019-10-01,177.45043076663086,178.13388728144557,173.2209503554695,174.14212036132812,17073000
2019-10-02,173.1813322804418,174.85530208420636,171.44793410017033,172.94361877441406,16151700
2019-10-03,173.90438556670298,178.1338654597459,171.98278780799447,177.67823791503906,16086300
2019-10-04,177.8466119735634,179.26303830724268,176.4103711479782,178.73806762695312,10430200
2019-10-07,178.29235902179337,179.46115723175714,176.40047536258368,177.9753875732422,9178300
2019-10-08,176.56887699236094,178.65886044183696,176.03400651634828,176.063720703125,9466900
2019-10-09,177.46034232581027,179.00554044546192,176.25191505499933,178.143798828125,7556900
2019-10-10,178.6093550824072,179.88711051462911,177.47025578549483,178.3220977783203,8605000
2019-10-11,180.42198667069474,184.72082576311766,180.41208697901448,182.44264221191406,14930500
2019-10-14,182.45253010436787,182.86854383853097,180.83800385097976,181.541259765625,7006000
2019-10-15,182.05631431212092,188.5738924494373,181.9176430800091,187.0980224609375,15039100
2019-10-16,186.53344308076112,187.90034094595524,185.12690111180197,187.75177001953125,10516900
2019-10-17,188.49464346028827,189.02951387704212,186.97915964645037,188.5837860107422,9603000
2019-10-18,188.42532106639536,189.67337736648975,182.17518521710943,184.08688354492188,16874200
2019-10-21,185.26559578132512,188.10837915006954,184.9783535825629,187.9597930908203,8122600
2019-10-22,188.19750299460227,188.8413305118659,179.77814101852795,180.61016845703125,19537600
2019-10-23,180.28327916361334,184.61183157467602,180.27337947392382,184.38400268554688,12300400
2019-10-24,182.86854921030604,184.9585327475872,181.0658229759773,184.6118621826172,11413500
2019-10-25,184.0670738673444,187.20699896756088,183.33408864197534,186.10752868652344,8061200
2019-10-28,185.42408424135684,187.7319820129762,183.3242009101123,187.60321044921875,13657900
2019-10-29,189.87147962073865,190.70350708967274,186.68202587579245,187.51405334472656,13574900
2019-10-30,187.76168121181794,188.64323736200848,184.21564211497505,186.464111328125,28734600
2019-10-31,194.83395847265507,196.21077132248465,186.46412430869682,189.8318634033203,42286500
2019-11-01,191.0204730810479,192.26851424857645,188.10836190944954,191.7831573486328,21711800
2019-11-04,192.70435626000972,195.4975957722311,191.9713710122474,192.87274169921875,16371300
2019-11-05,193.5165587495952,193.89295860150597,191.76336127039724,192.47653198242188,9942000
2019-11-06,192.1892718081689,192.52604266323124,189.5347037308094,189.73280334472656,10973000
2019-11-07,190.08939552831785,191.60487954460535,187.67254085517027,188.613525390625,13473000
2019-11-08,188.19751353054195,190.51531085928715,187.90035653900304,189.029541015625,10760800
2019-11-11,188.12815935842931,188.2767454025339,186.75134665497026,187.8112030029297,8631200
2019-11-12,188.19746679151774,193.2094600678262,187.9399388569586,192.62506103515625,17615500
2019-11-13,192.8529389481432,193.8434522607829,190.91154131922826,191.35726928710938,10860700
2019-11-14,191.0996975890043,192.18926811566243,189.6337423373446,191.31761169433594,9040500
2019-11-15,192.41711806535002,193.44726041393412,191.54547659427996,193.24916076660156,11524300
2019-11-18,192.7142441368938,196.7456400813876,191.2185746586491,195.5272979736328,16167200
2019-11-19,195.5272938194376,198.1026341084602,194.99242335751862,197.42909240722656,19056800
2019-11-20,196.69610204688033,197.6965148817659,193.57597657331223,195.63624572753906,12355400
2019-11-21,195.54712030443008,197.20127558697376,194.99243531316182,196.05227661132812,12131000
2019-11-22,196.49802489778352,197.40929528117786,195.74522514895523,196.93385314941406,9959800
2019-11-25,197.62719512458756,199.06343622164064,197.35975233240896,197.89462280273438,15272300
2019-11-26,198.10262476937731,198.25119569234204,196.16121239646387,197.0823974609375,11735500
2019-11-27,198.00358020038675,201.21284836998765,197.52813810216017,200.0836639404297,12736600
2019-11-29,199.68746742095152,201.86659344093158,199.30116787701886,199.72708129882812,7985200
2019-12-02,200.21243586725922,200.26194943551795,196.17114023966585,197.80548095703125,11503400
2019-12-03,195.72542576590502,197.04279509828882,193.22932812458748,196.93385314941406,11595300
2019-12-04,198.1026148346509,198.1323290177537,196.17111736281907,196.82485961914062,8456300
2019-12-05,197.96397610079532,199.38040277460777,196.32963530577598,197.46871948242188,9740400
2019-12-06,198.5978692112705,199.65772544384058,198.16204104513068,199.1426544189453,12270600
2019-12-09,198.74645988190645,201.212843095993,198.31064678647374,199.42991638183594,11954800
2019-12-10,199.74688457644945,200.13318409868648,198.2512000535582,198.96437072753906,9475700
2019-12-11,198.37998980579962,200.70770195728977,198.37998980579962,200.34120178222656,8036800
2019-12-12,200.43037988090464,201.72794993473346,192.25864484684902,194.8834991455078,23734800
2019-12-13,194.53677738342594,194.93299171341098,191.33742412820706,192.2685089111328,18798000
2019-12-16,193.41748957467868,197.2309557895587,192.96184691663098,196.04234313964844,14911500
2019-12-17,196.95364724270777,197.11213298705007,194.26936485031013,196.50791931152344,10175700
2019-12-18,198.19179314892094,202.3618605938786,198.19179314892094,200.5789337158203,23274400
2019-12-19,200.85625120084208,204.34286164878353,200.58880842393518,204.10513305664062,16514600
2019-12-20,205.51164790141374,205.73947679002524,201.50006693789038,204.3428497314453,27306900
2019-12-23,204.7390548087318,206.61112396373323,203.72872721449957,204.22398376464844,13348900
2019-12-24,204.3428704091078,204.82821219041404,203.05520026268448,203.17405700683594,6046300
2019-12-26,203.6198002465895,205.8484548860392,203.36225714860623,205.8187255859375,9350700
2019-12-27,206.69037809569033,206.94790607475906,204.6301089210467,206.12579345703125,10284200
2019-12-30,205.88804647334175,205.9276603458028,201.96560808237973,202.4707794189453,10524300
2019-12-31,202.0646693128616,203.60986730700924,201.66847012452692,203.3028106689453,8953500
2020-01-02,204.78857212123646,207.79972512885573,204.31313009140806,207.78982543945312,12077100
2020-01-03,205.24424312901255,208.40396748436964,204.9867000286663,206.6903839111328,11188400
2020-01-06,204.73904794226576,210.76136920378502,204.56076284492605,210.5830841064453,17058900
2020-01-07,210.8010285680541,212.544326376281,209.74117217881417,211.0387420654297,14912400
2020-01-08,210.97931264976435,214.18858087478415,210.59301310440352,213.17825317382812,13475000
2020-01-09,215.47621951373543,216.30826202907267,214.22817841177596,216.22901916503906,12642800
2020-01-10,217.12048691546153,217.794043739895,215.35737465701968,215.99130249023438,12119400
2020-01-13,217.51672627034685,219.86423794994275,217.13042668871674,219.8048095703125,14463400
2020-01-14,219.5076076807777,220.27030699618027,216.55588288835204,216.98179626464844,13288900
2020-01-15,218.51710099849535,219.57694218240457,218.05155862086218,219.05197143554688,10036500
2020-01-16,220.458520726566,220.51794909777288,218.2991941838506,219.66610717773438,10015300
2020-01-17,219.9236204700354,220.18114843274336,218.437850832965,220.03257751464844,15905900
2020-01-21,220.05240407245225,220.26040336918837,217.04123564571643,219.3392333984375,14275800
2020-01-22,220.20095040457602,220.63677855824443,219.18072318759292,219.22035217285156,12212800
2020-01-23,218.65576905972154,219.3887542022638,217.1898138886676,217.67515563964844,11195000
2020-01-24,218.7053201723297,219.67601888789403,214.05981079108062,215.87245178222656,11905800
2020-01-27,211.07839107954393,214.0103019948519,210.484077051667,212.8315887451172,13810700
2020-01-28,214.08952097118777,216.66486131909045,211.49438124152425,215.72386169433594,13413800
2020-01-29,219.33924692122235,222.07305793080403,216.37760699198483,221.1122589111328,33181300
2020-01-30,204.57068159128804,209.42419002648705,202.8075693767688,207.54222106933594,48775500
2020-01-31,206.45264146876718,206.71018455185148,199.1525646419062,199.9945068359375,31359900
2020-02-03,201.50999904351116,203.19386838731398,200.578914257847,202.2528839111328,15495600
2020-02-04,204.6598319730783,208.60208538011636,203.25330504670993,207.83938598632812,19628900
2020-02-05,210.49392451231304,210.71183859419315,206.72998698317653,208.11669921875,12538200
2020-02-06,208.47330109928237,209.1864717668593,207.3540164182736,208.84970092773438,10567500
2020-02-07,208.30491808762824,210.80101545300136,207.9384179452559,210.31565856933594,12242500
2020-02-10,209.5133583724852,211.77172728174605,208.661516407481,211.0387420654297,11856400
2020-02-11,208.19598126156143,208.85962332163467,204.550884662822,205.2244415283203,25030800
2020-02-12,205.87814702608262,209.21617122545632,205.43240405469885,208.76052856445312,13813700
2020-02-13,207.53234304119243,212.29670941672606,207.19555704519584,211.1179962158203,15396600
2020-02-14,211.96981669219537,212.89098667822543,210.63261787773015,212.14810180664062,10741700
2020-02-18,211.52406884759571,215.91203448728334,211.37548281886998,215.73374938964844,15609200
2020-02-19,215.92195332094644,216.24882445340782,214.05978388051068,215.42669677734375,12135100
2020-02-20,214.46595562467277,216.6946106710134,210.92981569640918,212.5443572998047,13109200
2020-02-21,211.4547778892819,212.2075776803641,206.8488970280955,208.1860809326172,14092300
2020-02-24,199.88556722929997,201.71800758497398,196.28999946877815,198.81581115722656,23080100
2020-02-25,200.33131367182662,201.56945528908142,194.09107689805575,194.90330505371094,21433500
2020-02-26,195.31932394066715,199.30119171801033,193.63545431989098,195.3292236328125,16524500
2020-02-27,190.0002135535621,194.02169397117004,187.70221610691237,187.94984436035156,21682600
2020-02-28,180.96675545927118,190.91151627759012,180.0951141360233,190.64407348632812,32568900
2020-03-02,192.18926049743837,194.70517229961789,187.05840976299632,194.57640075683594,24949000
2020-03-03,194.3585144831364,195.36884224752663,182.22472696093342,184.1265106201172,27984100
2020-03-04,187.37537047141788,190.01013907356133,184.62174512795494,189.9407958984375,23062500
2020-03-05,185.0080261747884,187.19706666433638,182.1454440663209,183.41329956054688,19333400
2020-03-06,176.63819862906328,182.0364918696107,174.5878293073304,179.37200927734375,24559600
2020-03-09,167.99104039526233,173.3398054904994,163.6228736695342,167.89198303222656,29949000
2020-03-10,173.01291672704218,176.59856921646673,167.89196595095333,176.49952697753906,24517800
2020-03-11,172.35917769838207,174.21144745796823,166.06942863258158,168.6249542236328,20373900
2020-03-12,158.0264875405799,165.01952423653574,152.87582132813574,153.0045928955078,43266300
2020-03-13,161.97860275056385,169.16972226974855,156.10486744135935,168.66456604003906,35028600
2020-03-16,150.87498336852747,157.62037608772266,141.74245012310521,144.6248321533203,39120400
2020-03-17,149.3099411329436,152.47957983903552,138.67182563927966,148.00245666503906,34255600
2020-03-18,138.42420508887238,146.7742232287653,135.79935143154705,145.56581115722656,37553100
2020-03-19,145.2290266245355,158.4127536343785,143.42630063265784,151.67727661132812,39862300
2020-03-20,154.53989229541452,157.75906058285412,146.59597124340334,148.30955505371094,32568400
2020-03-23,148.24023629864953,150.86509071393965,140.90052851456468,146.69503784179688,29830800
2020-03-24,153.7375397916895,159.77966043246067,151.122585899159,159.45278930664062,30440400
2020-03-25,157.41232437254055,161.44371954306814,151.60791757963764,154.72804260253906,35184300
2020-03-26,156.74871203168718,162.44416286380218,155.53038504213757,161.79042053222656,26556800
2020-03-27,156.69917844857162,158.57124771114627,153.2819110789869,155.30255126953125,24879900
2020-03-30,157.66986315635367,165.1680543475872,156.56049335494643,164.37564086914062,22515200
2020-03-31,163.91012090569058,169.3084148492851,162.64226521261256,165.2176055908203,23676300
2020-04-01,160.08671723921043,162.59271409252784,156.5406786415211,158.0858917236328,19507600
2020-04-02,157.59067126282852,159.8193261763341,154.44083112577664,156.68930053710938,20886300
2020-04-03,155.65912549093557,156.41192510962142,149.39909064382988,152.71730041503906,25983300
2020-04-06,158.63066661304399,164.6232738792773,157.0062257367423,163.9794464111328,28453600
2020-04-07,170.1602429023796,171.74506994621117,164.43507825543503,167.22833251953125,31411900
2020-04-08,169.62537901823683,173.3398033763004,166.14868326014061,172.6266326904297,21664200
2020-04-09,174.23124042472077,175.40005368955912,169.94233219455793,173.52798461914062,23534300
2020-04-13,172.02243540934728,173.33981985392103,167.84246825860438,173.13180541992188,19355400
2020-04-14,177.2820342796213,179.51068880331664,174.9444227079841,176.47972106933594,21011800
2020-04-15,173.528010147399,176.4995497511861,171.18049869689742,175.29112243652344,17423000
2020-04-16,176.26182662504232,176.36088399386284,170.873432224306,174.5779571533203,23593200
2020-04-17,177.49995230922693,178.5697083179921,174.98405557467203,177.53958129882812,20974800
2020-04-20,175.72694452361762,178.7876265812138,175.09301670151973,176.549072265625,16110700
2020-04-21,173.58742202763395,173.71619356805294,166.74297282987604,169.1796417236328,24850500
2020-04-22,176.75705336355983,183.02700287646277,176.44999673176386,180.55072021484375,33242000
2020-04-23,182.33366117995732,185.2754864238355,181.41247609765682,183.3737030029297,21426600
2020-04-24,181.49170941583634,188.60360126787867,179.1144840432602,188.26683044433594,28792000
2020-04-27,190.83225789982828,191.91191355387372,185.63206411320718,185.72120666503906,29197800
2020-04-28,186.87022510546225,187.40509558662583,180.82808850214573,181.17477416992188,21731000
2020-04-29,189.11866531471034,195.04194473483852,188.1974953553375,192.34774780273438,45954500
2020-04-30,204.95700068074896,207.70072662594694,199.6577638408697,202.76797485351562,46230100
2020-05-01,199.687447512538,205.3135546800858,197.16163607831987,200.35108947753906,30415600
2020-05-04,198.30074951666384,203.9565868211858,196.87440801921363,203.312744140625,19250700
2020-05-05,205.05606213382558,208.3841873377028,204.54099099962124,205.1055908203125,21071200
2020-05-06,206.14559340216545,209.59259007069178,204.6994526567762,206.49227905273438,21857000
2020-05-07,209.15674084372512,209.59256900725873,207.05684288433847,209.2557830810547,15152000
2020-05-08,210.2265226820095,211.18732167535615,208.84970996690936,210.33547973632812,12506000
2020-05-11,208.88930914314122,212.96031862940882,208.37423809406243,211.15757751464844,12911900
2020-05-12,211.26655115521567,213.23767783979812,208.00776941784343,208.10682678222656,14704600
2020-05-13,207.44315969530925,208.7803584801785,200.19261136841277,203.1542510986328,20684600
2020-05-14,200.63834156670356,204.96687920263764,198.7860868097306,204.8480224609375,17178900
2020-05-15,203.3226454828138,209.33505264954582,202.1835462529561,208.87942504882812,19383200
2020-05-18,210.1373687971041,212.60375209984952,208.9388562920264,211.16751098632812,20151900
2020-05-19,211.24674146908606,218.3982475445858,210.81091326951062,214.82249450683594,31843200
2020-05-20,221.37969340297735,229.1453130251818,221.07263673865003,227.78831481933594,50162900
2020-05-21,232.4932501138746,234.94971851863545,229.00663955890252,229.19483947753906,47782600
2020-05-22,229.3137035988991,233.7512135803886,226.5699929396403,232.68145751953125,33925600
2020-05-26,237.49532252652673,238.61459201573322,229.47216063078233,229.99713134765625,33178300
2020-05-27,226.89687371515933,228.3727287605006,219.03219622075505,226.96620178222656,34697600
2020-05-28,222.1720918721888,229.4325547258456,221.87493491868804,223.3210906982422,29377200
2020-05-29,223.0635621554556,225.33184577143678,220.76557946762244,222.95460510253906,23241500
2020-06-01,222.45935143006128,230.23488593731878,221.37969569141703,229.7099151611328,18223800
2020-06-02,228.7491100859438,230.78956476389462,224.410657637154,230.51222229003906,20919000
2020-06-03,229.90801439833135,230.44288486438953,226.36197540666427,227.9765167236328,15380300
2020-06-04,227.38220129782212,229.43257081816213,222.4791641202689,224.14321899414062,17041500
2020-06-05,224.5592530992839,229.15523371974078,223.1725255577989,228.5807342529297,16750400
2020-06-08,226.8572310456109,229.35332847616843,225.25260454012542,229.20474243164062,15466500
2020-06-09,229.32362864412497,237.49536284160516,228.22415834753903,236.40579223632812,27462900
2020-06-10,238.6740426621538,238.9216709365686,233.04792040815323,234.48416137695312,20720700
2020-06-11,227.75861027109283,230.6806212222183,221.42923145415418,222.30087280273438,26708200
2020-06-12,227.7189992239358,229.46231228654048,222.37023350593205,226.41152954101562,22091400
2020-06-15,222.95462009483168,231.55228282066503,222.6673779072991,230.29432678222656,15340300
2020-06-16,234.89029881478237,236.19778348890512,230.78957478581037,233.4144287109375,15236700
2020-06-17,232.77059197986173,235.3360174300595,229.53160972336212,233.29556274414062,19578100
2020-06-18,232.76072133849303,233.8998055660065,229.9476521338452,233.7017059326172,15782500
2020-06-19,235.53411453869936,238.54528296897328,233.31537476274084,236.52462768554688,30081300
2020-06-22,236.2968496378385,238.41654748817328,234.66250874392918,236.95059204101562,18917800
2020-06-23,238.99102571857034,242.8639359908621,237.5844987762971,239.94192504882812,24017900
2020-06-24,238.91177354502253,240.9126143800484,230.47259710597137,231.79989624023438,20834900
2020-06-25,232.3941808369778,235.04876382884933,230.532026469279,233.44412231445312,18704300
2020-06-26,230.43298621933891,230.87871412874867,213.35653350849708,214.03009033203125,76343900
2020-06-29,207.76012670382838,218.6557710124916,205.14517267431043,218.54681396484375,58514300
2020-06-30,218.49729630288027,225.34174592742818,216.3974132212774,224.91583251953125,33927100
2020-07-01,226.33225494067122,236.73264302328414,225.4011701607447,235.29640197753906,43399700
2020-07-02,236.73263132792454,237.723144429715,230.4032532120446,231.20556640625,30633600
2020-07-06,231.54233858787134,238.11934501767033,230.0664837305502,238.00048828125,26206200
2020-07-07,237.13877107628963,245.30059024829933,236.5543719101447,238.57501220703125,27887800
2020-07-08,235.85113215044433,244.64689545204567,234.34554764070307,241.2692413330078,29791300
2020-07-09,242.67572227431222,244.19120618796399,236.97037195903678,242.1804656982422,22174900
2020-07-10,241.3781583911203,243.1610851315645,237.04962064645625,242.7450714111328,22982700
2020-07-13,244.6666243719161,247.7768347612933,236.1581208534455,236.7326202392578,24674900
2020-07-14,234.51389365795254,238.05003294421093,229.82877057640658,237.45571899414062,23378100
2020-07-15,239.2584441598107,242.49742625354014,235.7916482832654,238.00048828125,19133600
2020-07-16,235.74213652693155,239.4664606377342,234.08798133221208,238.6443328857422,18880700
2020-07-17,238.71368981264152,241.84371526493857,235.60347885698832,239.73391723632812,18152400
2020-07-20,237.78258474297175,243.71576396181058,233.4045184268022,243.09173583984375,20872200
2020-07-21,243.88416883602522,244.56762538335238,237.80241820498753,239.45657348632812,19364200
2020-07-22,237.9807056871076,239.60514679673167,235.86100795730505,237.5944061279297,15427900
2020-07-23,237.35667802433187,240.12020314477962,229.55142933389942,230.39337158203125,21771800
2020-07-24,228.00624541096516,231.2749421297445,224.74744838354616,228.5213165283203,18325800
2020-07-27,229.26421063149655,232.72109230861818,228.64018242808189,231.28485107421875,13163100
2020-07-28,232.40411379268076,232.7309849579204,227.64964747451697,227.9368896484375,14170100
2020-07-29,228.9472305743082,231.48294206026782,228.1251027682454,231.0768280029297,13588300
2020-07-30,228.03591961123502,232.66161382282232,226.82749245975063,232.2753143310547,20615300
2020-07-31,253.393085890343,253.42280007626024,246.63777882990527,251.2634735107422,53005100
2020-08-03,250.25315883281732,252.97707018613488,247.95517602313345,249.56971740722656,23124900
2020-08-04,249.17348340484799,250.40172514109966,245.08265929482738,247.45989990234375,17183500
2020-08-05,247.81647860198936,249.87674769438996,245.41943867793506,246.75662231445312,13050100
2020-08-06,246.67733933746433,264.0707595000923,246.31085438108704,262.7632751464844,45241600
2020-08-07,261.57471821795224,276.24424683732195,260.9308906696281,265.89337158203125,72766400
2020-08-10,265.4971694100839,271.2619333219477,257.2263780566775,260.5049743652344,30248800
2020-08-11,257.7216151899459,263.39726633947527,252.70962114166713,253.70013427734375,28238300
2020-08-12,256.5131836243569,261.39640604605995,255.6613266234654,257.4244689941406,21415700
2020-08-13,259.06870372832674,262.64447193825396,257.1075070264079,258.8210754394531,17374000
2020-08-14,259.82148344699,260.1582542666289,256.22591613217014,258.7616271972656,14792700
2020-08-17,260.0096874846264,261.59451448252577,256.93909084395773,258.6824035644531,13351100
2020-08-18,258.47452025788687,262.6346589874916,256.8005499576648,259.851318359375,18690400
2020-08-19,258.91027916134374,265.3684148247474,258.87065016653116,260.098876953125,23291500
2020-08-20,259.0191834979784,267.0720600814609,258.97955450892067,266.45794677734375,20299700
2020-08-21,266.14098356617495,267.92389516420616,263.8925295734932,264.4769287109375,15538600
2020-08-24,268.4984276825641,274.6197921703452,266.22022912375303,268.8153991699219,23685600
2020-08-25,269.8257541672019,280.40442983807526,267.69615644033814,278.1559753417969,42127200
2020-08-26,281.30573499704724,301.77965513679254,281.30573499704724,301.02685546875,69015200
2020-08-27,297.3124265213585,298.37228283158566,289.24963508505937,290.4382629394531,30301300
2020-08-28,292.20136841708177,294.4102235417943,288.2195165838053,290.87408447265625,17157400
2020-08-31,291.1613418665331,294.06353803497126,288.784086211178,290.41845703125,17345100
2020-09-01,291.9141519928641,298.6298306313767,289.9331254891369,292.6372375488281,17295900
2020-09-02,296.04453569909265,300.7197583538503,290.26982787560576,299.63018798828125,24341400
2020-09-03,293.1819790422668,294.77672094022876,280.93925095732334,288.3581848144531,32294100
2020-09-04,284.52496104213753,286.2583594122811,268.56780541274594,280.0478515625,30333700
2020-09-08,268.7064116756068,276.6503164206625,266.8640716880054,268.5875549316406,24864000
2020-09-09,273.15376961721995,275.8380817145013,268.77571891681174,271.12322998046875,22918800
2020-09-10,272.8963134636423,276.5116807577843,264.49675027438184,265.54669189453125,24814700
2020-09-11,267.4979708326002,268.8153702102281,260.14838040816596,264.0806884765625,18913900
2020-09-14,268.37954215146976,274.0155642266359,263.17934826766725,263.62506103515625,24093800
2020-09-15,268.1022038186588,271.9156552097692,266.74517543078093,269.8356018066406,18478500
2020-09-16,264.75424257186074,269.8553787525058,259.30642077682904,261.0199890136719,29183400
2020-09-17,255.82975519397576,259.0192089957032,247.81650681073077,252.402587890625,31281400
2020-09-18,255.94860014348706,256.7410288258022,247.67782414348895,250.13429260253906,28130800
2020-09-21,245.19162376331442,247.57876413341654,241.8139853359847,245.79583740234375,24709400
2020-09-22,250.90691044631254,252.89785176375196,245.86520160089765,252.333251953125,30293100
2020-09-23,252.83838525489884,255.54248196553817,245.7958360416711,246.6575927734375,19641300
2020-09-24,244.16148147292049,249.84703216206302,243.2898251001379,247.16273498535156,20006800
2020-09-25,247.03399289713417,253.32375793748028,244.27046764253592,252.402587890625,18351300
2020-09-28,256.93913211148265,257.1372468535625,252.4025947072845,254.3836212158203,18826300
2020-09-29,255.36423417894977,260.8318567711736,254.462863438966,259.3064880371094,20200200
2020-09-30,259.4946937853505,263.5557742670052,257.63252388336565,259.4154357910156,20142500
2020-10-01,262.83266928483647,265.78437911337403,262.28786891780663,264.10052490234375,20009800
2020-10-02,258.7319092161687,262.6345331100817,256.7211689035635,257.4739685058594,16367600
2020-10-05,259.71257353718573,262.3572268576038,258.3654598644868,262.1393127441406,12822300
2020-10-06,259.2965116815633,263.16942143393084,255.79008693062175,256.20611572265625,18696900
2020-10-07,256.75093574201054,257.7117348211216,252.40259821395634,255.67127990722656,23133400
2020-10-08,257.2857841614979,262.10957824268456,256.6914702410178,261.25775146484375,16312800
2020-10-09,262.01053609396246,262.23836500798916,259.68285429806093,261.94122314453125,14107800
2020-10-12,267.6366667626113,277.5219687105833,265.3287541821045,273.1340026855469,31019300
2020-10-13,274.94666655663553,276.4522661078819,270.79644366899765,273.5203552246094,18063300
2020-10-14,274.986298068259,276.105582936024,268.92436149643237,269.2413330078125,15577800
2020-10-15,265.06129253223554,266.4876337118432,261.16858358408314,264.18963623046875,15416100
2020-10-16,264.8433910609924,268.79552856071035,262.7831069354817,263.4071350097656,16622700
2020-10-19,263.01092870960446,266.00226723568505,257.4145360279885,258.92010498046875,13587000
2020-10-20,260.5644187936844,267.1414414261974,260.3861336595427,265.021728515625,18763200
2020-10-21,276.9078058311252,280.36468645286106,273.74806701169484,276.085693359375,28998600
2020-10-22,277.2149350314145,279.7704761126994,272.430769393106,275.4815368652344,16720000
2020-10-23,276.15509221172067,282.53400019564384,274.19389525022336,282.0882873535156,17535200
2020-10-26,280.47376404603096,282.52413393696827,271.65820126933187,274.48114013671875,21322900
2020-10-27,276.11545467815995,281.8109052764516,273.688685375489,280.60247802734375,16287200
2020-10-28,276.14524156868646,276.14524156868646,264.7246231799089,265.1307373046875,23121800
2020-10-29,273.9264068164816,280.90954284628407,271.1826962002139,278.1658020019531,32368100
2020-10-30,271.895818670528,274.07495936311784,256.6419245065726,260.6138610839844,47247800
2020-11-02,262.0897144191696,267.9040201955032,254.89858122845965,258.88043212890625,27165700
2020-11-03,260.66345954252125,267.48807982961034,258.4050906365558,262.78314208984375,17961900
2020-11-04,278.3341776692633,286.1988540045685,275.9767516838311,284.6536560058594,35364400
2020-11-05,289.1307439155009,294.5587661363717,286.20874864916607,291.8843688964844,23823600
2020-11-06,291.1613809784407,291.8052085432263,285.3272434455106,290.6264953613281,13891000
2020-11-09,287.12000580202397,289.8042876366819,275.8875917226923,276.12530517578125,25117700
2020-11-10,270.5091466110844,271.40060239816665,261.495470923781,269.8454895019531,29067700
2020-11-11,270.87563193165107,275.7588544990614,269.89503358760794,273.8570861816406,14957000
2020-11-12,274.5504205205671,277.0960465045844,271.8265094289224,272.4703369140625,12899500
2020-11-13,275.08528548484037,275.1249144707013,270.5091200298355,274.3226013183594,10391200
2020-11-16,272.44065767533334,276.75931116953984,272.02465903750937,276.3135681152344,12970400
2020-11-17,275.0457120545683,275.0457120545683,270.69737460488284,272.3911437988281,15040300
2020-11-18,271.9156276929163,274.758425497098,269.2610600118314,269.38983154296875,12152900
2020-11-19,268.44890913286036,270.8756788583457,266.6362830574173,270.3507080078125,12963700
2020-11-20,269.9742716605982,270.41009988084903,266.8541611691242,267.14141845703125,18114700
2020-11-23,268.3200760323519,268.3795043929894,262.0203977522591,265.8833923339844,20990800
2020-11-24,265.9428886912123,275.1843940979705,265.32877532223586,274.2929382324219,16930400
2020-11-25,275.50132085982494,277.52194576620025,270.06338352951053,272.9754943847656,12467000
2020-11-27,274.7584399074411,276.4819230070652,272.2128140173095,275.1744384765625,7808400
2020-11-30,273.41141376107305,275.0655844464916,268.439047353933,274.3424987792969,16693300
2020-12-01,276.5116662012387,286.5554542457171,276.31355147168836,283.83154296875,20738900
2020-12-02,282.65278557714254,289.0118925716153,278.1657627310632,284.79229736328125,17361600
2020-12-03,283.5343994328073,283.9305986615111,278.4035483851427,279.1761474609375,12921700
2020-12-04,277.6407924293493,280.7708172564489,276.65027939145926,277.0465087890625,10880300
2020-12-07,276.54136433068567,285.75312438669283,275.5607660008956,282.8707275390625,13007700
2020-12-08,283.29668086846704,283.7126794713349,278.87897037473516,280.71142578125,10747700
2020-12-09,280.96898347261225,284.9013221631761,269.17196740092083,275.283447265625,25189700
2020-12-10,272.9259695054891,276.08570849817966,269.28085857167514,274.490966796875,20065100
2020-12-11,271.9256089137665,273.857121896479,267.68621329439696,270.95489501953125,14391400
2020-12-14,270.7766085315419,274.5900906771914,268.98378192613376,271.5888366699219,16376900
2020-12-15,272.22271190122603,273.4608533213838,264.9325497288067,272.9358825683594,23979500
2020-12-16,272.1533780232399,275.22394432661906,269.9247236383655,273.05474853515625,15885000
2020-12-17,274.44149362016714,277.779518195203,271.0142962583711,271.8760681152344,16377800
2020-12-18,273.15383435049057,275.3626898308781,268.5677832891274,273.7778625488281,26693200
2020-12-21,270.3902262391569,272.06419548263915,265.2494617954779,270.2020263671875,16553700
2020-12-22,268.92434996323703,268.92434996323703,262.11952870673514,264.5561828613281,17312900
2020-12-23,264.3580398771568,269.5879475216497,263.7042976430877,265.5664367675781,14329000
2020-12-24,266.3291906140202,267.8347597764794,263.6746225270276,264.86322021484375,6702000
2020-12-28,266.1905426048415,274.66933429055587,263.13977484909367,274.3721923828125,23299700
2020-12-29,274.3226058439081,277.84882994221704,273.6589487890418,274.1542053222656,16383000
2020-12-30,275.3132012090678,275.44194255462,269.13237727173475,269.2908630371094,11803800
2020-12-31,269.4195741280744,274.4612823842066,267.2503479328424,270.5685729980469,12900400
2021-01-04,272.17323522914216,272.39114935775103,262.68413139913764,266.3886413574219,15106100
2021-01-05,265.74475478909403,269.8157489172815,265.6654968173388,268.3993225097656,9871600
2021-01-06,259.5144115616085,265.20986143366673,257.54330032234446,260.8119812011719,24354100
2021-01-07,263.37746723645864,269.03328943239956,262.2680972324981,266.1905212402344,15789800
2021-01-08,265.7645250799666,266.39846787238554,260.68318885044033,265.03155517578125,18528300
2021-01-11,258.00889449646627,260.9705193520749,253.47232701994105,254.40341186523438,30412300
2021-01-12,254.19538257553936,257.2560644378407,247.92543281700054,248.7079315185547,26383500
2021-01-13,249.16358876608618,251.5408143077679,246.835876791248,249.2527313232422,19528900
2021-01-14,250.99602311604312,252.6105643674245,242.28941928345847,243.3096466064453,29739400
2021-01-15,245.54822045100474,251.45168587455464,244.81525034339845,248.97540283203125,24942900
2021-01-19,254.46281857766618,259.7125563349914,250.3224809241671,258.62298583984375,28028500
2021-01-20,266.3787310120897,267.75555899046026,261.0993084928496,264.9425048828125,25199900
2021-01-21,266.7055731706139,271.0043964970448,264.9523455969533,270.28131103515625,20838700
2021-01-22,269.4295058227628,275.8282126455766,269.41959101775956,271.8958740234375,21954000
2021-01-25,275.50139119786814,277.44278885434153,268.9342830053549,275.37261962890625,19087000
2021-01-26,275.5013871286305,282.6826086411382,275.17450080792963,279.374267578125,19373600
2021-01-27,279.84970545477495,280.7609909390715,265.57640598970227,269.55828857421875,35346200
2021-01-28,274.550435696971,284.06928306563213,262.18885056916974,262.4859924316406,37758800
2021-01-29,262.7831196246246,264.03117583345795,252.4322756188659,255.87924194335938,30389500
2021-02-01,257.0579547960191,261.6638650003675,252.49170380850907,259.52435302734375,22914300
2021-02-02,261.4954669830708,266.2994617213646,260.772381514235,264.5462341308594,17320800
2021-02-03,263.1001338539739,266.64618834103106,261.33702141627396,264.120361328125,14223400
2021-02-04,264.4769392373678,265.61602337189447,261.4954848320222,263.96185302734375,16060000
2021-02-05,264.2689247371608,266.6164665465893,263.1496701489156,265.5566101074219,12454400
2021-02-08,266.2003910458413,267.2998460584593,262.4859669847365,264.05096435546875,13755200
2021-02-09,263.91234436732447,270.7964233274367,263.2288878282834,266.893798828125,14613400
2021-02-10,269.86537771510086,271.20254657207397,265.18023862818444,269.2908630371094,14687200
2021-02-11,269.3106600004004,270.98459957032827,265.94289079360317,267.82489013671875,12828600
2021-02-12,267.9536372737997,268.6073796553555,265.79432561318777,267.933837890625,9097600
2021-02-16,268.2309704072544,273.97596527411986,267.4880854852682,271.37091064453125,15417200
2021-02-17,268.6667882648939,271.3709001585379,267.02253274039873,270.9747009277344,12763200
2021-02-18,267.01263569726575,269.3700618183691,263.5062107008321,266.8343505859375,15249100
2021-02-19,267.299891699962,267.70600576068745,257.68201648601115,259.0786437988281,25622600
2021-02-22,255.50289448032092,260.57431727644223,255.08686563198498,257.86029052734375,17434900
2021-02-23,257.03812045869347,264.9225953815472,252.54119814207434,263.3377685546875,21924600
2021-02-24,259.8412938890822,263.8528901684007,255.9386999997933,261.8025207519531,15736100
2021-02-25,259.81159448568474,264.4075901408542,251.62996107684947,252.2738037109375,19053100
2021-02-26,254.03691078720234,263.0307569595766,254.03691078720234,255.17599487304688,26619500
2021-03-01,258.3456252538268,264.12030313105396,255.45331379936135,262.3968200683594,22157300
2021-03-02,263.2586170279935,264.1797871190343,256.1962525405486,256.5429382324219,15191700
2021-03-03,257.82070913625853,258.51405029278646,252.6799428143298,252.98699951171875,15513500
2021-03-04,254.0369175729114,263.96184879696193,251.0950922065757,255.19583129882812,31626500
2021-03-05,258.19708900779926,262.93174089217274,253.18507952266302,261.7728271484375,26820100
2021-03-08,263.03075387955346,263.06046806481663,252.63038095858866,252.88790893554688,18391800
2021-03-09,258.70222592602937,265.9825038679535,257.34522770157434,263.2189636230469,22039700
2021-03-10,266.0914721794917,266.4183282248524,260.3761918494783,262.3869323730469,14210300
2021-03-11,265.5664582299588,275.2635901435904,265.2792311892158,271.28173828125,21834000
2021-03-12,266.58672955021365,267.1810132708041,261.5152767193577,265.8537292480469,20600200
2021-03-15,266.5272447440314,273.34197953200504,265.95276046125855,271.1529541015625,16844800
2021-03-16,273.46080903299736,279.4633454755977,272.19295363321396,276.6304626464844,22437700
2021-03-17,273.09439583252146,283.5146144211581,272.7972539529488,281.315673828125,21315000
2021-03-18,277.2149789014138,282.48451741525537,275.6400662314182,275.9768371582031,18728300
2021-03-19,278.5521409005533,290.02227118041475,278.5323415174062,287.3577880859375,38930500
2021-03-22,287.6945669066847,296.86669845210474,284.0296560280012,290.7552490234375,28273100
2021-03-23,290.36894621747393,295.1729414101992,287.0606356693046,287.87286376953125,23000900
2021-03-24,288.23934188728293,288.95251260210597,278.49269560341054,279.4634094238281,18675000
2021-03-25,278.3143507065234,285.3271693727127,275.11498286793864,276.0955810546875,24505600
2021-03-26,275.6597686678641,281.8009616455641,275.13479796249743,280.3349914550781,17629200
2021-03-29,283.05892572272546,290.3986316289947,281.9990996490315,288.06103515625,21718800
2021-03-30,287.0803868296078,289.6953558170224,283.9801063439162,285.26776123046875,17474500
2021-03-31,287.23890163290554,293.68715197832717,285.8719886354371,291.73583984375,19498200
2021-04-01,295.5691170650101,299.5311696536244,293.78620549135866,295.82666015625,17616000
2021-04-05,298.0354965772431,307.8217404629152,297.8274670652439,305.9794006347656,28237000
2021-04-06,305.9100637333137,308.3962612999446,302.3541253135859,303.35455322265625,17335200
2021-04-07,303.43384709567596,311.26881109132535,302.6018195334921,310.11981201171875,22855200
2021-04-08,311.8631017255652,312.8833291604011,307.1086200052298,310.0504455566406,20894100
2021-04-09,308.4457860279626,311.75409629117235,307.3859297124739,309.4957275390625,15988600
2021-04-12,308.099100661692,309.1886711632703,305.0087044958058,308.58447265625,10881900
2021-04-13,309.2481505940371,311.4470913409982,306.3855828602208,306.8214111328125,14036900
2021-04-14,304.38474617170726,305.10783181310904,299.08552383054814,299.947265625,17421400
2021-04-15,303.4338402271699,307.19780889821146,301.2151001115695,304.8998107910156,14558300
2021-04-16,305.24647144717045,306.01907054746965,301.72021658409255,303.27532958984375,13059200
2021-04-19,302.11642139777234,304.7809041528577,297.70862584969257,299.3726806640625,14553500
2021-04-20,299.12509671705584,302.20560874636607,294.3904444325384,299.7788391113281,16796400
2021-04-21,299.08541195531274,299.1151261361422,294.5686751008955,298.6099548339844,14863500
2021-04-22,298.4713053900647,300.0462478528295,293.2315127452414,293.7069396972656,16375400
2021-04-23,295.92574287113536,299.7193952494216,294.33100084899013,298.27325439453125,17536800
2021-04-26,300.4622419382234,302.89889571505785,298.69912981871545,300.16510009765625,16172600
2021-04-27,301.3933193007364,302.443260749129,298.25337953129474,300.6900634765625,15309300
2021-04-28,304.4440973281607,307.9703518367733,302.47298589703803,304.18658447265625,33907200
2021-04-29,326.9882012067515,328.6621708739154,318.5589244992749,326.3840026855469,56526800
2021-04-30,323.04597394835133,326.6910550934909,321.42151786937205,321.9960021972656,26332400
2021-05-03,323.07568311712924,325.4330789910443,318.78674430724675,319.51971435546875,18719500
2021-05-04,316.9840076550552,319.13343449276175,310.14947295975657,315.3397521972656,24032600
2021-05-05,315.1713730055257,318.01414083186467,311.5064623594347,312.03143310546875,15577600
2021-05-06,311.53621643295116,317.20195343071083,310.298074870749,316.9840393066406,19012200
2021-05-07,319.3215981261416,319.87628300934927,315.72603096059504,316.0528869628906,15916700
2021-05-10,311.36779578780806,311.59559445247663,301.93809182805666,303.0672912597656,24239200
2021-05-11,297.89684420384543,303.9290659503811,296.84690263254413,303.62200927734375,18920100
2021-05-12,298.2732367565769,302.066888910531,295.36112560839774,299.67974853515625,24645500
2021-05-13,303.17627257275063,305.92989811064587,299.89767623825156,302.36407470703125,18079200
2021-05-14,306.60344056413004,313.84408907517695,306.1477827633355,312.9427185058594,19245700
2021-05-17,310.5754013196184,312.6851992690574,308.6240891093178,312.46728515625,15401300
2021-05-18,312.5960023544565,313.4973728357906,306.8708382713486,307.0194091796875,14522400
2021-05-19,301.30420301758033,311.6748770965376,300.6900896898586,310.6150207519531,19106200
2021-05-20,310.6051220589719,316.22134531367755,310.1891234345134,315.58740234375,17320200
2021-05-21,316.2609174394868,316.89483006736606,312.81392117345496,313.2299499511719,13600900
2021-05-24,315.19121507544736,322.8578082404256,315.01292994390656,321.5503234863281,16445400
2021-05-25,323.9769813341506,326.05706469642007,321.7186128851873,324.6802673339844,16437000
2021-05-26,325.2350006850583,326.7009408093781,322.72900361052683,324.5515441894531,9686900
2021-05-27,324.88832409842223,330.6134890883512,323.6600974242012,329.59326171875,20477700
2021-05-28,327.85987379111714,329.71212866456455,325.2151902097347,325.6114196777344,12037400
2021-06-01,327.0179114108907,328.27588246113595,323.54123079901177,326.0075988769531,11765900
2021-06-02,327.2457162381964,328.7215710545583,324.0166339241082,326.0273742675781,11654300
2021-06-03,322.68938682846266,324.27421398298367,320.4112185756325,322.9469299316406,12610800
2021-06-04,322.80820810196184,329.3059715162057,322.0950374722004,327.21600341796875,13289400
2021-06-07,326.35428269129585,334.4863871676881,325.80948232338204,333.38690185546875,20136700
2021-06-08,333.5058347955077,335.0906318673665,329.0881237849051,330.51446533203125,14580500
2021-06-09,332.5548814987026,333.60482303900284,326.86934558484336,327.1169738769531,13727900
2021-06-10,327.6518293267885,330.7719394748892,325.43305947840076,329.30596923828125,13240200
2021-06-11,329.42479425079745,329.67242249629567,325.80942791213545,328.1173400878906,13587900
2021-06-14,328.75127946334527,333.6246170321582,326.68111078967684,333.5750732421875,12250800
2021-06-15,333.7930113307263,336.69523778647385,331.8516140520772,333.5552978515625,15795200
2021-06-16,333.50585839039945,334.34777055886315,325.60155094320004,327.93914794921875,17232200
2021-06-17,327.35465783588097,334.7736213533553,327.0178870163572,333.31756591796875,17794100
2021-06-18,331.3563873337237,332.96101391874834,325.8788504187858,326.5325927734375,23039500
2021-06-21,327.9490367730406,329.76169299500623,324.5416686869183,329.1376647949219,11337500
2021-06-22,329.5338101556117,336.695230848472,329.44466760276214,335.81365966796875,15345300
2021-06-23,336.1306296188668,340.1620252276405,334.99154558901347,337.3588562011719,14817800
2021-06-24,338.60694713631705,341.6280003378415,338.54751876191796,339.92431640625,12329100
2021-06-25,339.33989698064187,340.85538089347347,336.4575000821068,338.1314697265625,14594400
2021-06-28,339.2111269128823,354.74239617105275,338.52767041705175,352.26611328125,29156100
2021-06-29,352.8901191061755,353.3556615090401,345.73861275063206,348.55169677734375,21417300
2021-06-30,348.8290881106779,349.57197309834794,343.8765215262112,344.411376953125,15107500
2021-07-01,343.5298223667362,351.3053576454652,343.212850863007,351.02801513671875,17137000
2021-07-02,351.73125173404804,353.05853582625923,349.2747680575,351.3350524902344,11521300
2021-07-06,353.11796850230905,355.38625227576136,345.86740436275744,349.4332580566406,13488500
2021-07-07,351.88977649112906,353.1080885452283,346.6796666845453,347.1650085449219,14218900
2021-07-08,342.4500770610574,345.02538672891376,339.3101374893806,342.3708190917969,14406500
2021-07-09,342.04401882253586,347.38286914804826,341.99447502666163,347.09564208984375,13018700
2021-07-12,347.8979482028553,350.8298586937266,346.3230359052164,349.80963134765625,10018600
2021-07-13,348.16538722065025,355.0890647643764,345.4909895092377,348.7497863769531,11456000
2021-07-14,351.1963100561871,351.830252927523,343.44060605431434,344.3320617675781,13894200
2021-07-15,345.9169365102335,345.9169365102335,336.99240288481633,341.1921691894531,14781600
2021-07-16,341.6379169920112,342.7076579650495,336.913179833323,337.9234924316406,11026100
2021-07-19,334.36759243269466,336.56653323684975,331.3663382485976,333.75347900390625,14372300
2021-07-20,335.5858483180548,340.19175871922755,331.32665379841836,338.4187316894531,11024300
2021-07-21,338.2602656262326,343.2326311231738,338.0126373205033,342.9454040527344,9279700
2021-07-22,343.3910830167803,348.2049925242254,341.9350275134986,347.8583068847656,12385400
2021-07-23,357.4860988835714,371.7692813507044,353.80138881530655,366.2818603515625,33694300
2021-07-26,366.0738310075622,370.88774056060555,364.72674765389337,368.926513671875,14925200
2021-07-27,368.38178911105337,369.61001587699513,361.0915958194982,364.3206787109375,15705400
2021-07-28,371.00659460771374,373.9682191858756,363.44897460861154,369.7387390136719,29676900
2021-07-29,357.5752220981601,362.0523303403899,353.3556267018064,354.920654296875,33413200
2021-07-30,350.6416924434431,357.3078575349941,349.59175081086903,352.91986083984375,15976200
2021-08-02,354.7027643160536,355.9904193171257,347.41257182876404,348.6111145019531,13180400
2021-08-03,349.3836914486145,350.4138032930895,344.40141183883986,347.9078063964844,12406100
2021-08-04,349.07667878316784,357.0602128378571,348.1753081346624,355.5150146484375,14180600
2021-08-05,356.2281851237261,360.44775084051633,353.5141583749958,359.5265808105469,10247200
2021-08-06,357.97143349481155,361.6858576737728,357.97143349481155,360.0614318847656,8925000
2021-08-09,360.30907080063406,362.3098964686687,357.32761656532114,358.179443359375,7798900
2021-08-10,358.39732048436093,360.6458044343905,355.63381086294225,357.7039794921875,7469900
2021-08-11,358.6647869317527,358.9222997736077,354.41547741845784,356.5450744628906,8400300
2021-08-12,355.0494273890599,359.55624983432654,353.722113254543,359.2095642089844,7170700
2021-08-13,359.5265893080232,361.2005590896514,358.0507342641751,359.7345886230469,7195700
2021-08-16,359.0808377023878,363.468834192293,353.9896155259015,363.08251953125,11222100
2021-08-17,359.5364925856045,361.21046231356064,351.70152953822827,355.0494689941406,12328700
2021-08-18,352.8702792197322,356.44601687302344,351.78070880319615,352.077880859375,10042400
2021-08-19,348.01681377043064,354.1778069933524,347.67012810989354,351.75103759765625,12004500
2021-08-20,351.2360169071776,356.5748677947416,349.95824630566693,355.96075439453125,8697700
2021-08-23,356.0301044898207,362.2208126412433,355.69333359375133,359.90301513671875,10942000
2021-08-24,360.21002504836736,364.4692196120128,358.40728381412873,362.04248046875,9235100
2021-08-25,362.13163182833034,367.34171070327176,361.9335170971799,364.8951721191406,9684500
2021-08-26,364.88527071747336,365.93521232939764,360.67558946443523,360.9232177734375,7888700
2021-08-27,361.6363171638935,370.19433411597373,360.62597451653704,369.0948791503906,11219100
2021-08-30,369.0255740698317,377.87084918045673,367.0049187946266,377.0487365722656,13547300
2021-08-31,376.3454529760262,379.1287922840251,375.20633876326497,375.7808532714844,12345400
2021-09-01,375.98888322266714,380.6839058837033,375.2162841742934,378.425537109375,11567200
2021-09-02,377.8807808297434,378.12840912648636,370.51136030042807,371.71978759765625,14832900
2021-09-03,371.1948669704203,373.5820077009204,369.5704106148331,372.6905517578125,7509600
2021-09-07,372.3141003230219,379.32692036322055,369.6099884494371,378.5543212890625,10793800
2021-09-08,376.55352385584115,377.25677980528826,371.23447249592255,373.98809814453125,11067200
2021-09-09,374.0574007225001,376.2265967126152,372.9975443965652,374.4139709472656,9098900
2021-09-10,377.74206518582065,380.1490350168657,374.6714987267356,375.097412109375,11549600
2021-09-13,378.059046334815,378.12838950904074,370.7985983513345,372.9381103515625,13026300
2021-09-14,373.8196578663158,374.99837093653537,371.55137428227204,372.9579162597656,8711600
2021-09-15,373.4234785548974,373.97816353185317,364.18200364591615,370.3727111816406,17940300
2021-09-16,369.2534158300907,370.01610009451014,366.20261831628665,369.5208435058594,11934200
2021-09-17,367.8864839654438,367.8864839654438,358.1596378078256,361.25994873046875,26299000
2021-09-20,355.8913540769739,357.6049526670388,346.4814793800692,352.3255310058594,19822800
2021-09-21,355.0989967051978,356.6243955593657,351.8204002975178,354.08868408203125,11751900
2021-09-22,343.93586134676525,346.5210859287137,337.457897458438,339.9539794921875,43692900
2021-09-23,342.0836035508044,346.3527429943944,339.7460070496701,342.67791748046875,21806300
2021-09-24,339.9836925738102,350.9883083738656,339.121951049285,349.6114807128906,18801900
2021-09-27,346.49142305859095,351.78075996478805,343.78731111719344,350.22564697265625,15205800
2021-09-28,344.6688680837668,346.28340938318667,335.7047360096457,337.4183044433594,21710300
2021-09-29,339.89451638540714,341.9548002711737,335.6650369257315,336.3880920410156,14452200
2021-09-30,337.2201990425168,339.54788065926175,334.94200076178834,336.1702575683594,16547100
2021-10-01,338.36920823049684,341.74686195459276,335.42741297164355,339.7559509277344,14905300
2021-10-04,332.34686110911144,332.7529751097702,319.6385912647531,323.1351013183594,42885000
2021-10-05,325.462816840307,332.0002100638623,323.0657918027774,329.80126953125,35377900
2021-10-06,326.61179751747477,331.20779305855666,322.70917327497307,330.4748229980469,26443000
2021-10-07,333.80299430444217,335.62553521570953,325.8590882301027,326.0968017578125,28307500
2021-10-08,328.3650247260383,330.23707886491707,325.5915697633176,326.9188537597656,15946100
2021-10-11,324.52182973320663,327.3249686608532,322.2238319594093,322.3625183105469,14708200
2021-10-12,319.96554659306383,321.30274574623127,314.3592370481014,320.6985168457031,31658700
2021-10-13,323.86809085993633,323.89780504577215,319.5989815358349,321.4611511230469,14761500
2021-10-14,325.244868514841,327.38438044813023,323.99684255813474,325.41326904296875,14302200
2021-10-15,325.56187197248846,325.9481866307319,319.4504224439795,321.6790771484375,21596400
2021-10-18,325.8293577406152,332.70352236833537,324.3931013837202,332.1587219238281,21585000
2021-10-19,336.4278165275038,339.2111563186814,334.0803049809579,336.76458740234375,18786300
2021-10-20,340.1917721794309,340.7167429686975,336.2297193613997,337.5470886230469,13639500
2021-10-21,337.051800174184,339.06254058022586,334.59531677700437,338.6366271972656,16354400
2021-10-22,323.254000646443,326.5028828517243,318.0636907342012,321.5304870605469,35224500
2021-10-25,317.26138704905605,326.4335495663675,316.68690265505177,325.5718078613281,38409000
2021-10-26,325.1458025801756,327.07728476677084,306.662826627066,312.81390380859375,65654000
2021-10-27,311.20939971611745,316.2213949754785,309.0996013908314,309.2580871582031,29971800
2021-10-28,310.02071235486125,322.4318413639848,305.1870031716,313.9134521484375,50806800
2021-10-29,317.15242672886217,322.9073060534718,316.5680275630656,320.5003662109375,37059400
2021-11-01,322.94698431883097,330.28669194290313,322.9073553205765,326.849609375,31518900
2021-11-02,328.23624071148197,331.6138940592118,320.728134376041,324.967529296875,28353000
2021-11-03,324.38314432824427,328.9989392702953,320.13386464609914,328.4739685058594,20786500
2021-11-04,330.84133865101325,334.0703912747809,329.49422491915584,332.66387939453125,22495300
2021-11-05,337.08154024248904,343.50007657621416,336.4179133349289,337.8937683105469,26872800
2021-11-08,341.1525567353101,341.51904176895226,335.1302197794764,335.4075622558594,18342500
2021-11-09,336.7744965969037,338.0720665037819,331.2969596702002,332.18841552734375,17556700
2021-11-10,329.33570280681266,330.02907409300826,322.42194046577737,324.53173828125,21872600
2021-11-11,326.6910827987333,329.3060220235515,323.8978282180803,324.63079833984375,12376600
2021-11-12,327.04764851838536,338.6168357013204,326.651449275037,337.65606689453125,25414300
2021-11-15,341.0733027181568,350.29497795013197,339.94413341835536,344.26275634765625,25076600
2021-11-16,340.5681626024916,343.3614172645101,337.6362518019682,339.7064208984375,18181100
2021-11-17,340.9742524042192,344.0052203611665,336.8735434975521,337.53717041015625,13602800
2021-11-18,336.4971255196184,339.2111218533816,332.1190441354008,335.4768981933594,17487200
2021-11-19,338.9536034172678,348.75967730773914,336.6754050932599,342.024169921875,26488500
2021-11-22,345.7386063854537,350.47325808083923,337.27964576378054,337.77490234375,27116800
2021-11-23,335.7145918334211,338.161160356584,330.3361130495969,334.050537109375,17225000
2021-11-24,332.8124078929449,338.5375725100761,329.65266862595445,337.82440185546875,13566200
2021-11-26,332.61428463213025,334.54579725525014,328.7512896139512,329.959716796875,14750700
2021-11-29,333.6940118048423,337.43815055171876,332.1289839960473,334.82318115234375,16650900
2021-11-30,331.8219143229741,332.6242275781667,320.3616696093828,321.38189697265625,25390000
2021-12-01,327.15658711328444,327.36458640478276,307.34632469847156,307.65338134765625,30329600
2021-12-02,308.44580182117534,311.615456125547,304.2856645532592,307.4454040527344,24396200
2021-12-03,310.7537278414092,310.77352722398945,296.6587136369238,303.9290771484375,27471000
2021-12-06,305.2068125184288,317.063255774586,303.4337855696767,314.8544006347656,21758300
2021-12-07,318.51939271894963,323.4422453935609,317.9547928414105,319.74761962890625,18794000
2021-12-08,321.9168207655429,329.5932987991828,320.00513736157893,327.424072265625,19937700
2021-12-09,326.413758561707,332.9412375256627,324.8883596288592,326.69110107421875,16879200
2021-12-10,329.40504357422094,331.85161221057876,323.27376489096105,326.6217041015625,14528000
2021-12-13,327.8103168765236,337.85410381852427,326.46320336519005,331.31671142578125,22948700
2021-12-14,324.9378002398384,332.51524940120004,324.5416010577948,330.5738220214844,20461000
2021-12-15,329.3357126631518,338.86444447700785,320.90646618138993,338.4187316894531,24681300
2021-12-16,335.7641498312168,341.192142407616,330.5738405036605,331.72283935546875,22635000
2021-12-17,329.64278445219395,333.91189397235667,327.61224446134634,330.6234130859375,40012600
2021-12-20,326.6514269703458,326.770283712428,319.4702065982761,322.3625183105469,17901800
2021-12-21,323.31346412244693,332.8124834605143,320.6786950010163,331.0295715332031,16116800
2021-12-22,330.63325815367176,331.33654421348325,325.14583738595,327.3150634765625,16764600
2021-12-23,326.9684092818379,333.4760881792936,325.2448957802808,332.05963134765625,13987700
2021-12-27,335.6353952368642,344.56981318906895,334.80336779762223,342.8958435058594,17795000
2021-12-28,343.34163043829,349.36393800935656,341.9252036722819,342.9355163574219,16637600
2021-12-29,343.6188920441248,346.3725171640174,338.3988990579138,339.6865539550781,10747000
2021-12-30,340.73653889032846,343.9359073905005,339.9639398077811,341.0931091308594,10593300
2021-12-31,339.7657936019813,340.1818224054571,333.0798301588364,333.1590881347656,12870500
2022-01-03,335.0906254019801,337.84425106909487,333.99117018748643,335.328369140625,14537900
2022-01-04,336.72500157879006,339.8351975589481,328.7216373498241,333.3374328613281,15998000
2022-01-05,329.8606514915628,332.57467785681666,320.76774876914794,321.0946350097656,20564500
2022-01-06,319.7574388910342,335.9523337516314,319.6583815376853,329.30596923828125,27962800
2022-01-07,329.5833338518881,333.80292951818393,325.7599676256304,328.6423645019531,14722000
2022-01-10,322.22384601970924,325.2250998004948,312.4375707870831,324.9576721191406,24942400
2022-01-11,323.67988482158984,331.45541906764635,322.1941151017598,331.1978759765625,16226800
2022-01-12,332.0001874933041,333.17890054986333,326.8990508604978,330.0984191894531,14104900
2022-01-13,331.802144743855,332.44597232117496,322.6696112217425,323.3827819824219,14797100
2022-01-14,318.73720911459196,329.57342451372193,318.16269460653893,328.75128173828125,16868500
2022-01-18,320.22299635207634,321.13425149852793,314.62660324655985,315.1317443847656,22645600
2022-01-19,316.54816014728794,323.9968379334689,316.30053187467416,316.5580749511719,20814700
2022-01-20,320.82724868920974,324.7100740876156,312.98240035758846,313.556884765625,16925000
2022-01-21,311.82347328682636,315.2902696559625,300.1651432361492,300.2939147949219,28710700
2022-01-24,295.01446719943397,306.593569684713,286.2682483704496,305.7813415527344,38878100
2022-01-25,297.10443625557576,303.3248577294075,294.756894660404,297.3025207519531,25108500
2022-01-26,304.09745777455754,304.592714359199,288.0907613315765,291.83489990234375,28348800
2022-01-27,294.9252995982087,298.8477233305186,291.46841827002106,291.8448181152344,21629900
2022-01-28,292.81549576317013,299.0359172039558,290.25007030403094,298.84771728515625,21871600
2022-01-31,297.8274751026259,310.8131177126139,296.48039178049356,310.28814697265625,21579500
2022-02-01,311.57584315018147,316.6274667326682,309.15898842017714,315.9737243652344,18023800
2022-02-02,324.7100413304929,324.888326450029,313.86390980442656,319.9357604980469,58458300
2022-02-03,242.3290293397488,245.64725434526696,233.5134685963576,235.50439453125,188119900
2022-02-04,232.74087623430282,240.3083961012587,227.926981717232,234.84075927734375,89342200
2022-02-07,235.4449943726632,236.0393083629009,221.8848656845653,222.77633666992188,88613800
2022-02-08,218.75482835465843,223.62815108596232,214.09940460460425,218.09117126464844,94729700
2022-02-09,222.0730512053515,231.15605522249825,220.10193965659207,229.79905700683594,86563300
2022-02-10,226.10441061574446,232.77055898802658,224.54929792436704,225.90631103515625,49310400
2022-02-11,226.2926546758898,228.23405210422476,216.69457924981316,217.46717834472656,46156900
2022-02-14,217.22943132787472,218.90340092969973,212.74240807450155,215.63470458984375,38184000
2022-02-15,218.37845631334636,219.05199806514614,213.019776031042,218.90342712402344,42685500
2022-02-16,210.39490860944625,215.3970032011971,210.34537992754144,214.4857177734375,45817500
2022-02-17,211.9896377822518,215.43661946171025,205.19471667420856,205.739501953125,38747500
2022-02-18,207.4035618319067,208.75066041112578,203.2334945395933,204.20420837402344,37128400
2022-02-22,200.420446093118,205.51168356092646,198.16207710671472,200.1629180908203,39852400
2022-02-23,202.22320532503437,204.97683117664593,196.17116826684477,196.56736755371094,44481400
2022-02-24,189.24744274015458,206.3734238136046,188.4154153095662,205.6305389404297,49957200
2022-02-25,202.9957788218845,209.31525791159626,201.25246590663596,208.48321533203125,37627600
2022-02-28,205.70975958795898,211.12786761829454,204.86783249585997,209.02798461914062,34239800
2022-03-01,207.8790038364015,209.74117351924926,200.30158377848542,201.55953979492188,27094900
2022-03-02,202.8372707267524,207.16580812270612,200.10346002099692,206.13568115234375,29452100
2022-03-03,207.03707195533144,207.09650032870152,199.50916563846303,201.04446411132812,27263500
2022-03-04,200.45016205222666,203.93677293261305,196.90412279494137,198.16207885742188,32130900
2022-03-07,198.88512484303243,198.9841822017048,185.5032978896754,185.69149780273438,38560600
2022-03-08,186.06790181370198,194.83393414825153,184.34440348664342,188.4847412109375,37508100
2022-03-09,193.88305611806507,197.21118102156763,192.08031486806996,196.6168670654297,31894700
2022-03-10,192.99156263127026,194.41790386809663,189.25733924527972,193.35806274414062,24853000
2022-03-11,190.81244953272395,191.72371980233706,184.8990849135122,185.83016967773438,34694500
2022-03-14,185.25569633410038,190.46579071167304,184.05718373702055,184.8594970703125,31010500
2022-03-15,188.98994008854544,190.45589553616162,184.14633067082445,190.20826721191406,31721700
2022-03-16,192.85292076282985,201.79725392342633,192.67463563810253,201.69821166992188,40640300
2022-03-17,199.786505297213,206.0663552283428,199.2021061486321,205.86825561523438,29499700
2022-03-18,204.7390705419784,214.743259669373,204.0457143412949,214.4362030029297,52128000
2022-03-21,212.4650663997924,212.67308080728046,205.6602460327085,209.48362731933594,30142300
2022-03-22,209.3647573623365,217.37802014383146,208.18604430863425,214.59466552734375,31998800
2022-03-23,211.30618023128324,214.74326220311647,210.1472816148888,211.43495178222656,23717300
2022-03-24,212.96033180585613,218.5765396728198,212.75231738973233,217.4869842529297,31502300
2022-03-25,218.4180370982393,223.3607028824541,216.81341072111672,219.7156219482422,40039000
2022-03-28,220.02270075247958,221.91456946749696,217.45726009180729,221.46884155273438,26224100
2022-03-29,223.92531364233645,228.69957913548967,223.1526994853717,227.67935180664062,31417900
2022-03-30,226.73838765300658,228.95712762057198,224.55926156456235,225.68844604492188,25588000
2022-03-31,226.28274064278204,226.32236963518736,220.15146143184708,220.25051879882812,24192300
2022-04-01,222.41974669755166,225.12384355772707,220.58729119391924,222.71690368652344,19544800
2022-04-04,223.83617917233548,232.12678532160837,223.71732241926705,231.671142578125,28054800
2022-04-05,231.85931885123034,234.6129441858723,228.82835104504397,229.64056396484375,29727200
2022-04-06,224.75734801249203,226.817617228763,219.3095255537278,221.1815948486328,28995100
2022-04-07,221.80559854041573,223.3805259079987,216.48654785455508,220.83489990234375,21037200
2022-04-08,220.27033862121158,222.99425002470102,217.9426264671621,220.22080993652344,18375700
2022-04-11,216.3478761537915,218.5171023278682,213.178237158944,214.40647888183594,20516600
2022-04-12,218.1506263834152,219.92363831064247,211.1080771278359,212.10848999023438,20128800
2022-04-13,209.81049937213933,214.55505063548836,209.3251424952581,212.95042419433594,19231800
2022-04-14,212.8514052883893,212.9504626653318,208.00779579096113,208.1860809326172,18379500
2022-04-18,208.00779308048644,211.35573287227263,206.3239234926416,208.77049255371094,16580800
2022-04-19,208.52285013971436,216.35779832971022,207.01726579292762,215.24842834472656,20089900
2022-04-20,211.5835497995388,212.12833514553844,197.0329067854682,198.5186767578125,43036500
2022-04-21,199.68745387267717,201.04445202985335,183.8194292330621,186.2858123779297,49954100
2022-04-22,188.56401110505266,190.89172339357523,181.53137578000232,182.3634033203125,36426800
2022-04-25,180.99646864510314,185.404249261014,179.93662740475298,185.216064453125,29281100
2022-04-26,184.85947524982825,185.41416019927047,177.79711160689178,179.2333526611328,31747400
2022-04-27,172.77521210159048,179.49090557558733,167.39673262179144,173.290283203125,71062900
2022-04-28,200.99494993826582,206.55172995997893,191.07000279014036,203.77828979492188,100890600
2022-04-29,202.52031369381666,210.4642178194915,198.0035612928614,198.5681610107422,49193400
2022-05-02,199.26154166414338,209.86994484783412,199.08325654016426,209.12705993652344,49915300
2022-05-03,208.45349626883984,212.86127690888844,206.11588455319145,210.0185089111328,41556300
2022-05-04,208.65158535638352,222.1720986860755,204.99660459252857,221.29054260253906,41375900
2022-05-05,216.66483529617437,218.08126173757614,204.20417900878934,206.30406188964844,41129200
2022-05-06,205.37299236320362,207.39364764784224,199.11295713066804,201.8368682861328,34747200
2022-05-09,197.94413940474152,200.64825111989848,193.72455893047646,194.3485870361328,36303200
2022-05-10,197.61728806425478,201.0345707814809,192.34776556693674,195.77493286132812,34452500
2022-05-11,194.4674542936816,198.7662778642114,186.48392048726012,186.949462890625,31153400
2022-05-12,185.28541260221448,196.17115904120752,183.02704352241034,189.42576599121094,38262200
2022-05-13,190.75303976936564,197.99368906706206,189.4653695467337,196.73573303222656,24549800
2022-05-16,195.18064786913985,203.42171062705378,194.07126270081866,198.14227294921875,27112600
2022-05-17,200.2024973700178,203.51082251871176,196.4781736586024,200.69775390625,24872700
2022-05-18,198.10262075092066,199.09313385467527,189.8120309089844,190.41624450683594,23960000
2022-05-19,189.38612294129757,193.437318347367,187.80131087194192,189.4752655029297,24446900
2022-05-20,193.12034482359812,196.03245582381237,186.08769560384218,191.7039031982422,31465600
2022-05-23,193.3382507313061,195.1211773002134,189.42572708350096,194.36837768554688,25059200
2022-05-24,178.83717125482903,181.93746746616088,174.43928998335653,179.56024169921875,50406300
2022-05-25,178.6885761586534,183.69067086733313,177.61883519746831,182.08604431152344,28030200
2022-05-26,181.14505206125855,191.00065500895997,180.53092362274083,189.81204223632812,23056500
2022-05-27,189.54461520382748,193.47695399634833,187.9994169595787,193.2788543701172,22562700
2022-05-31,193.0411200354568,195.72541750062638,190.188437137274,191.802978515625,26131100
2022-06-01,194.64572070833498,197.63707445413624,183.24492055181102,186.8503875732422,36623500
2022-06-02,186.66220397387715,199.03371891553118,185.94903328193365,196.97344970703125,31951600
2022-06-03,194.12074232580628,194.74477038064137,187.9795644696554,188.97007751464844,19465000
2022-06-06,192.14963756794617,195.0518336336499,186.61265797164182,192.40716552734375,30574200
2022-06-07,190.10918926100416,194.6655559796352,189.6733761532848,193.7938995361328,18828700
2022-06-08,192.82320860248825,200.11338657728135,192.56568060383066,194.77452087402344,22267200
2022-06-09,192.43689932612924,197.55785065104567,181.9374535766167,182.25442504882812,23501600
2022-06-10,181.30350721840284,181.36295069889158,173.35960321181363,173.90438842773438,27450800
2022-06-13,168.97162511511652,170.94275161365937,162.47386163529765,162.70167541503906,31749300
2022-06-14,164.45492622518913,165.16809702867857,159.8292308087447,162.17674255371094,27244300
2022-06-15,165.613825989741,170.52677876373315,162.42437185346276,167.74343872070312,30008300
2022-06-16,162.16682553319055,163.5139241165005,158.0958155957932,159.34385681152344,26944100
2022-06-17,160.14614537695002,164.32611172774554,158.38303332726244,162.18661499023438,31374200
2022-06-21,164.35583537288986,166.16847620307783,154.49033312396978,155.56008911132812,50724900
2022-06-22,156.8775032078097,159.2646288033191,153.96539165197322,154.3715057373047,47267800
2022-06-23,154.78747419782542,158.2344552828571,152.7866336612251,157.2439422607422,40499200
2022-06-24,160.19569641334132,168.63487315190295,159.76978298992506,168.5457305908203,68736000
2022-06-27,169.69473638895676,170.12064982957313,166.41612485220347,167.88209533691406,29174600
2022-06-28,168.28820402275676,169.67493171445952,159.08634209414893,159.15567016601562,27744500
2022-06-29,162.01823483853696,164.7520455503948,158.79906726717692,162.3847198486328,28595200
2022-06-30,160.6117011502905,163.66248346451928,156.98643450968314,159.72024536132812,35250600
2022-07-01,158.78918333279353,159.09624003489515,153.5295601734828,158.5118408203125,31423900
2022-07-05,156.63974612621672,166.6538344976185,155.53037625460954,166.5944061279297,28618600
2022-07-06,166.60431090827814,169.96214992456336,163.8903145160313,168.159423828125,23085900
2022-07-07,167.84247614623044,171.08145887850063,166.18832074414408,170.55648803710938,24083400
2022-07-08,168.3674249497186,170.76446501519465,166.55478402906687,169.25889587402344,19249200
2022-07-11,165.4850457717474,165.90105949752098,160.37399408818905,161.3347930908203,21885600
2022-07-12,163.2365684897572,164.33603867968444,160.56218603464612,161.72108459472656,16639700
2022-07-13,158.64056991144557,163.41483483867165,158.09578472420262,161.93898010253906,16555100
2022-07-14,159.69055398083023,161.0475523529814,155.78792919612584,156.55062866210938,23765200
2022-07-15,159.01698876357278,163.41486996366078,158.30383313629204,163.1375274658203,23342800
2022-07-18,165.16806683373503,170.0612041854652,164.06859663885626,165.6435089111328,23574300
2022-07-19,168.7537165962495,174.81566721051857,167.90187470254017,174.11239624023438,25933700
2022-07-20,175.80619301890184,181.85822926547485,175.02367912833537,181.35305786132812,24784300
2022-07-21,178.91639993441768,182.10585357234677,177.17308707053698,181.4322967529297,27195800
2022-07-22,171.42813799948678,173.93413535039315,166.8123425579943,167.6641845703125,42583900
2022-07-25,167.3967429969343,168.95185608897899,163.24648996829166,165.06903076171875,26166300
2022-07-26,164.36576022160833,164.42518859442146,156.45155443796997,157.64016723632812,28468400
2022-07-27,161.04751492895957,169.24896186330471,160.4829303435961,167.97120666503906,43846600
2022-07-28,159.53205284150843,159.97778075665616,153.38097436159958,159.19528198242188,73214300
2022-07-29,156.19404038280157,158.62079487799332,153.69794270378827,157.59066772460938,42065400
2022-08-01,155.758167431085,163.6228429774874,153.75732696252234,158.41273498535156,40596700
2022-08-02,156.8081488726603,160.7008737717732,156.51099187734874,158.67031860351562,27374500
2022-08-03,161.1466023795378,167.9316090449362,160.03723238071788,167.19863891601562,31721900
2022-08-04,166.70337407267044,170.5168408125815,165.2176042772171,168.95184326171875,23938200
2022-08-05,165.40577096228677,169.9819361761485,164.22705807652747,165.52462768554688,25832700
2022-08-08,166.40621773471915,175.8259928332937,165.54447608651174,168.63487243652344,27299100
2022-08-09,167.3471659842421,167.92166532988227,165.01946953524848,166.93115234375,18655100
2022-08-10,174.32042015858755,178.76781466812753,172.29976480556695,176.6481170654297,30262100
2022-08-11,178.00513869341538,181.36297792874385,174.6968130282163,175.8061981201172,24079100
2022-08-12,179.0946848399813,179.73852747246116,177.21271585218526,178.78762817382812,21274000
2022-08-15,177.26223658947166,179.71870492263832,176.50943693686588,179.17391967773438,15878700
2022-08-16,177.73769609059622,179.27299461714847,175.36045527444134,177.7674102783203,21156700
2022-08-17,175.0831071214214,176.4500201686845,172.5176815705994,173.1912384033203,20118100
2022-08-18,172.68606502512566,174.09259193397563,170.22959655854484,173.00303649902344,18844500
2022-08-19,168.585347613632,170.68524592495336,165.4652370052803,166.36660766601562,26240800
2022-08-22,163.92004384491045,163.92004384491045,160.72067515239857,161.50318908691406,19499700
2022-08-23,160.93858704780223,163.48421333004225,159.17547468923698,159.5815887451172,18111800
2022-08-24,159.076427981894,163.89032279947102,158.25430020178976,161.711181640625,20891500
2022-08-25,163.61294922743,167.27785984743534,162.46396549966474,167.17880249023438,15550500
2022-08-26,166.88164351357545,169.2984979053426,160.13625169424387,160.24520874023438,24023600
2022-08-29,159.13584314980767,161.50316892678902,157.5014874163074,157.65997314453125,20052700
2022-08-30,158.82877595966139,160.126345656087,154.43089553444196,155.66903686523438,19567900
2022-08-31,165.48506265108244,166.24774700244456,160.6018242710214,161.3843231201172,40953000
2022-09-01,162.02814751740178,165.77228612219326,158.8287941834729,163.791259765625,30145700
2022-09-02,165.86145248019835,166.33689464206668,157.7095320851363,158.79910278320312,22634200
2022-09-06,158.58116293213033,160.15607522887,156.1940225896066,157.03594970703125,19339800
2022-09-07,156.26335370540775,159.43300796998926,155.32236920799897,158.868408203125,16831200
2022-09-08,157.2043426339125,160.69093790556735,156.24354370628316,160.52255249023438,22530800
2022-09-09,161.70126672761162,167.93158759790776,161.47345294209856,167.5452880859375,22086800
2022-09-12,165.80201883955675,169.7640719955187,165.69306177320647,167.3571319580078,23220400
2022-09-13,160.0074803380548,160.09663800417164,151.2216339328361,151.67727661132812,44444100
2022-09-14,151.87539043077032,152.08338973844826,147.6359951533532,150.0330352783203,43064200
2022-09-15,148.37888441023696,152.73713656291972,147.2893138150501,148.13125610351562,34606300
2022-09-16,146.64548888680878,147.17045969732763,142.9211494141072,144.9021759033203,40122800
2022-09-19,143.86214293941632,147.17045340764585,143.72347169565916,146.6157684326172,22169500
2022-09-20,144.39702959485226,147.42799791511806,143.84234455768384,144.70408630371094,23217400
2022-09-21,145.0012240324788,148.18077799520756,140.65287177033738,140.771728515625,38338600
2022-09-22,140.2071622706239,143.20841639545307,139.5336053594824,141.46511840820312,34418500
2022-09-23,140.07840074621916,141.2670137824695,137.5724030974961,139.07798767089844,31710700
2022-09-26,138.7907031435983,140.89060138087294,134.8979935673191,135.07627868652344,30497000
2022-09-27,136.61161153312463,138.09738168988372,132.84765744652782,133.125,30826500
2022-09-28,133.34289302961713,140.68260006797797,132.99622244974455,140.26658630371094,32658500
2022-09-29,138.03791660370487,138.51335869553887,133.9173781703927,135.11590576171875,38985400
2022-09-30,134.7593071227961,139.65244414048192,134.2145219077446,134.39280700683594,33166400
2022-10-03,135.83895804611316,138.2954261596251,134.80883113206932,137.29501342773438,27723100
2022-10-04,139.1572026512209,141.0391716550731,138.01810342128363,138.94918823242188,34670700
2022-10-05,136.92854421926995,138.87985634703463,133.50136204701403,137.66151428222656,27979300
2022-10-06,136.4134725850972,140.1080824123638,135.304102690676,137.75067138671875,36231100
2022-10-07,135.46257128767706,136.9780551794244,131.18356239157612,132.18397521972656,33214800
2022-10-10,132.28303846245487,134.81874978981443,130.61896845760532,132.520751953125,24024000
2022-10-11,130.3713468401543,131.40148906593097,125.78527329367769,127.32056427001953,38481400
2022-10-12,127.1026638877012,128.43984766883375,125.05229426365273,126.29043579101562,34605200
2022-10-13,122.35809144800207,129.89589732351547,121.36757827179285,129.053955078125,34325700
2022-10-14,129.75721510733246,130.53971380017276,125.31971312819348,125.55744171142578,23559400
2022-10-17,129.06387702964471,133.5112717641137,128.94500516437571,132.7683868408203,29612200
2022-10-18,135.78944052529357,136.53232536820332,130.15341843217345,131.54014587402344,25445000
2022-10-19,131.62927838527787,135.70028761839077,130.9656364565941,131.96604919433594,30691000
2022-10-20,131.66892385855354,135.47250636361224,130.0642971716595,130.28221130371094,26356300
2022-10-21,125.11170081056022,128.8855531092955,124.2499592943535,128.77659606933594,46348600
2022-10-24,126.04282591665068,132.21371995946154,123.38824979152815,128.48939514160156,63563400
2022-10-25,129.63836760198063,137.0375021382594,129.35111032087065,136.20545959472656,38433200
2022-10-26,130.43076463637212,134.26406081320397,127.31065425232948,128.5884246826172,82791500
2022-10-27,97.05049332476943,101.52760997109024,95.46566605033921,97.01087188720703,232316600
2022-10-28,98.63530334474642,99.8932517463561,96.58494138382862,98.25890350341797,95928300
2022-10-31,97.28820904181445,98.37777206529172,91.72152206126292,92.27621459960938,121361400
2022-11-01,93.43511047806369,96.56512821044703,92.6625114035202,94.2968521118164,110189600
2022-11-02,93.31625014742426,94.29685612554447,89.62164004507444,89.68106842041016,71821100
2022-11-03,89.22542689905643,89.60181917778081,87.57127174235194,88.0665283203125,60664000
2022-11-04,89.49286744595292,90.52300209618889,87.25430546453602,89.92869567871094,55638100
2022-11-07,93.88083134775646,95.96090736715573,92.21676902083396,95.80242919921875,81987300
2022-11-08,95.01002428775018,96.87219393940613,93.89074709277739,95.5548095703125,52088300
2022-11-09,100.75499063308395,103.90482249620015,99.7842844999411,100.50736236572266,107677300
2022-11-10,106.10378536564866,111.68037241633292,103.61759491473948,110.80872344970703,80671000
2022-11-11,108.19375389288676,113.80996159782818,107.77773262965678,111.94779205322266,59961700
2022-11-14,109.93706017775395,115.16696877051291,109.74886780471479,113.13642120361328,53395000
2022-11-15,114.96887120094074,117.61353973199363,113.32462315595882,115.96929168701172,50670500
2022-11-16,113.41376358768983,114.97877628756191,111.59122289190168,112.15581512451172,33287800
2022-11-17,109.36256549323626,111.26434901405536,108.75835183969228,110.39269256591797,35093800
2022-11-18,112.72038974492267,113.23545321329391,109.5705578980346,110.98699188232422,33357700
2022-11-21,110.46201201564934,111.30395415379732,108.15412235238168,108.81776428222656,24351100
2022-11-22,108.81778451743833,110.56108992565359,107.292393229877,110.38279724121094,29029000
2022-11-23,110.66013786800373,111.60112240182042,109.67953189864518,111.17520141601562,21343100
2022-11-25,110.24412369145941,111.66055788912345,109.96677364377052,110.35308074951172,12007600
2022-11-28,109.72904260427873,110.97709125576286,107.35180959664743,107.74801635742188,23309400
2022-11-29,108.50082032584676,109.88754036186755,107.51030709397708,108.42157745361328,23899200
2022-11-30,108.47109485006094,117.0390349255215,108.34232330682798,116.97959899902344,43348600
2022-12-01,118.06916728118868,120.05019362857115,117.27676127644517,119.29740905761719,36551400
2022-12-02,116.71217299397141,122.86325910257194,116.49425887930981,122.31847381591797,39950500
2022-12-05,120.59498251869725,123.48727925905526,120.19877572591844,121.2685317993164,35474900
2022-12-06,118.77244910898747,119.40637699336149,112.66097652701269,113.0373764038086,43689200
2022-12-07,112.68077382523461,114.78065678782755,111.8091174495029,112.84915924072266,29461100
2022-12-08,115.28583486076428,116.22681941156426,113.50290801428233,114.23589324951172,30619400
2022-12-09,114.2061621032501,116.42490930506725,112.78972808470726,114.80046844482422,26033400
2022-12-12,114.0873151976776,114.6221932537079,112.06666728279076,113.62177276611328,24747100
2022-12-13,120.97138201043649,122.13028827072,117.51449284079511,119.01016998291016,44701100
2022-12-14,118.25735947363145,122.9622967411699,118.25735947363145,120.43648529052734,36922000
2022-12-15,117.20743006404071,117.50457949311263,112.92841329506689,115.04811096191406,34531000
2022-12-16,119.08940300806752,122.14017786045684,117.692775796295,118.29698944091797,67064000
2022-12-19,115.72166364811206,116.68246270007808,113.24538054800018,113.39395904541016,29769900
2022-12-20,112.18552719737988,116.21691562087499,111.39311361422443,115.97918701171875,28742500
2022-12-21,115.5928802480329,119.19834746785773,114.52313180171168,118.62385559082031,20392800
2022-12-22,116.08813117792792,117.49466550969836,113.29488456513967,116.00889587402344,23618100
2022-12-23,114.92923258935363,117.0588372436225,114.4438832913624,116.920166015625,17796600
2022-12-27,116.81122877190751,117.47487084082044,114.94906656813173,115.77118682861328,21392300
2022-12-28,115.14714521287178,117.02912157076473,114.41416765178201,114.52312469482422,19612500
2022-12-29,115.29573623838778,119.88180956413302,114.67170809538558,119.1191177368164,22366200
2022-12-30,117.03903758394347,119.27759186481047,116.62301631706926,119.19834899902344,19583800
2023-01-03,121.65481913201512,125.17114367405058,121.11994114900882,123.55660247802734,35528500
2023-01-04,126.171558930905,127.8257215902195,124.65607506131268,126.16165924072266,32397100
2023-01-05,124.93341229713263,127.30074551528226,123.358500124309,125.73573303222656,25447100
2023-01-06,127.74648766592082,129.09358621249376,124.84428370915916,128.78652954101562,27584500
2023-01-09,129.91573017648227,131.68874236225523,128.05356030558818,128.24176025390625,26649100
2023-01-10,126.06260385789115,132.17407566800205,125.94374711771763,131.7283477783203,28684400
2023-01-11,129.71757458129306,132.58015622567012,129.10344631263285,131.62925720214844,25423000
2023-01-12,132.17408817618485,136.37385460942158,130.51001808612253,135.41307067871094,30757700
2023-01-13,133.68958512583723,136.08662556656856,133.56081355667115,135.68051147460938,22423800
2023-01-17,134.88806430871534,135.45266402042714,132.9763813143864,134.0758514404297,21147600
2023-01-18,134.52159711506673,135.94793856083538,131.54015778330873,131.75807189941406,20215500
2023-01-19,131.2331010465874,136.14603811977713,130.88641537638443,134.85836791992188,28625200
2023-01-20,134.6008095553819,138.612390186163,133.33295413778606,138.04779052734375,28688600
2023-01-23,137.968574295266,142.39616942230165,137.34456126894062,141.91082763671875,27470100
2023-01-24,140.3458327041382,143.62442932778924,140.01896149957022,141.78207397460938,21970200
2023-01-25,139.8802655646775,141.8117631472624,138.97889498812754,140.15760803222656,26622000
2023-01-26,143.0301056874632,146.11060246577705,141.94055019281916,145.90260314941406,25482100
2023-01-27,146.8336650212401,151.7367017645022,145.99172285418197,150.3004608154297,35771900
2023-01-30,147.9925833204571,149.68635245699517,145.55591415743237,145.6648712158203,28040100
2023-01-31,146.5464197760389,148.45811804426916,146.12050636971617,147.55674743652344,29842100
2023-02-01,146.62566518602432,152.12301637131844,145.66486618994446,151.66737365722656,55661000
2023-02-02,181.6402916503079,195.28956054858224,178.45083835513196,186.97915649414062,150475700
2023-02-03,181.7294538486321,194.90328212954861,181.1549543921134,184.7604217529297,76809700
2023-02-06,184.76041849287267,188.89085655565555,183.7600056425016,184.2948760986328,42483800
2023-02-07,183.81943127733751,191.94163604417437,182.6506179068488,189.8021240234375,47080700
2023-02-08,188.19749796776847,189.01962569362718,181.18466307191736,181.6898193359375,36139100
2023-02-09,184.36422121850526,184.87927718494203,175.588273925368,176.2321014404297,37118800
2023-02-10,174.6770048506694,177.19290167066754,171.70546531897008,172.49786376953125,33433600
2023-02-13,176.52927064790055,179.28289624295144,174.15204492012637,177.727783203125,31463200
2023-02-14,175.4793152985136,179.7880384821239,174.211459661062,177.7772979736328,24034600
2023-02-15,174.74635431762565,176.49956708799974,173.66669844956726,175.47933959960938,25308900
2023-02-16,171.11116435602142,174.1817614841449,170.1602649835212,170.80410766601562,25827500
2023-02-17,168.60513037572136,171.53704050153195,168.09005936452726,171.23989868164062,24171300
2023-02-21,172.6563653808154,176.4797472010521,170.24942539355874,170.44752502441406,34592600
2023-02-22,169.44711423479393,171.12106898388998,168.08020107052823,169.4966278076172,22433200
2023-02-23,170.3682688129728,172.0422385236244,167.77312908963745,170.4078826904297,20017800
2023-02-24,167.04014620363478,169.10041548269487,166.0694474951461,168.77354431152344,19791300
2023-02-27,170.2494071345606,171.47763378255797,167.45615276276388,167.9315948486328,19277000
2023-02-28,170.26919668746766,175.86560479859628,170.23948250344299,173.28036499023438,46051100
2023-03-01,172.9337248738802,176.16280811873966,171.4083409410213,171.7748260498047,30998400
2023-03-02,170.7446702438456,173.34970968217198,169.80367061266767,172.874267578125,17352000
2023-03-03,177.22260390810277,184.84955183576477,175.37034922805032,183.4925537109375,45877700
2023-03-06,186.21648632576435,187.8607419068596,182.8883612847426,183.14588928222656,33209400
2023-03-07,187.20699216600795,188.55409070361563,182.26432592649948,182.75958251953125,36701500
2023-03-08,181.135111312452,183.50243682806348,179.61962759945547,183.21519470214844,19432400
2023-03-09,184.58213408103575,187.13764474275618,178.5895264184961,179.96633911132812,26582800
2023-03-10,179.29280730611913,183.01714699362665,177.10378137314208,177.80703735351562,25665000
2023-03-13,176.2717266691827,182.03650533781763,173.16151598547867,179.18382263183594,24728000
2023-03-14,185.80045991237515,192.4765240355097,184.79013225971568,192.1793670654297,41642600
2023-03-15,191.11952635215644,195.90370710795526,189.0295428142903,195.87399291992188,42123600
2023-03-16,196.3791193612989,203.80796752037094,194.22970777429103,202.98583984375,50447100
2023-03-17,198.65730939359918,199.9845933501362,193.57597223962446,193.7542724609375,50141100
2023-03-20,196.597067975059,197.46872448195535,191.80298741519482,195.9334259033203,25186300
2023-03-21,201.27225341058949,201.61893903175115,196.07205977734478,200.24212646484375,31827000
2023-03-22,200.57891148420725,205.4027056547696,197.77575747546027,197.9144287109375,28477800
2023-03-23,200.9156843977696,205.90787915450176,200.23222790371437,202.34202575683594,27389700
2023-03-24,203.23346012426111,205.6107005101055,201.61893413204905,204.0555877685547,27716400
2023-03-27,202.86700741646737,203.90704930615746,199.44973987665594,200.9156951904297,18527200
2023-03-28,198.25119807042861,199.1228544663595,196.02254351503967,198.7761688232422,19127300
2023-03-29,201.62885894397579,203.76837102360508,200.61853127625668,203.40188598632812,18851100
2023-03-30,201.45057529819331,206.11588391012782,200.8958903358771,205.86825561523438,22608300
2023-03-31,205.2739431934863,210.15716559093988,204.80840082076782,209.92935180664062,25440300
2023-04-03,206.8587485393134,211.46464344174353,206.22482077102137,211.0486297607422,17924600
2023-04-04,211.36561426806776,214.18858297541266,210.5236719900085,212.68299865722656,21026400
2023-04-05,212.11839275844684,213.14853493585227,207.948340708809,209.47372436523438,19396600
2023-04-06,207.26486039020415,214.88190833485598,206.67054650117936,214.0498809814453,26104400
2023-04-10,212.673078386164,213.61406282621098,208.66149723224723,212.7126922607422,16106100
2023-04-11,213.43576944395303,213.9706550090959,211.38541508165525,211.8212432861328,16710100
2023-04-12,212.80184554962756,214.7828718871531,210.56329122927502,211.96981811523438,18972200
2023-04-13,213.68338646895643,219.05196564817498,213.64377259519696,218.2595672607422,23310400
2023-04-14,215.81302535535528,220.00289204684645,215.4861541788514,219.38877868652344,21591200
2023-04-17,217.7049072787795,218.88362050086238,215.07015343921964,216.7837371826172,15481900
2023-04-18,217.8237318595725,218.34870257516053,214.15883654006043,215.82289123535156,12281000
2023-04-19,211.4448312978703,215.26821244369054,210.90994576347447,213.65367126464844,15898100
2023-04-20,211.4547286379384,214.69371064991398,210.7514728131612,211.0486297607422,16475400
2023-04-21,208.2157780547486,211.38541714456608,207.59174992733577,210.87034606933594,17717200
2023-04-24,211.65285743008363,211.89058604375018,208.71104707388366,210.77130126953125,15750900
2023-04-25,208.820006668057,209.25581979402224,205.16501042647837,205.58102416992188,19198200
2023-04-26,210.4840490269133,212.07877583821966,206.8983961811567,207.4134521484375,41992700
2023-04-27,237.61422895194877,239.39715586988115,234.52383237022138,236.29684448242188,71196500
2023-04-28,236.7425456757635,238.14907255370719,233.51347820505038,238.04013061523438,39554000
2023-05-01,236.35623322246266,241.68519858513287,234.21673639378213,240.8729705810547,29143900
2023-05-02,240.87297648072555,242.5964747735725,236.72273914833664,236.97036743164062,24350100
2023-05-03,237.1981807524699,239.45654948262515,230.54193130126578,234.7813262939453,34463900
2023-05-04,233.8205693968925,235.9402672744306,230.72025790200394,231.30467224121094,17889400
2023-05-05,230.03678481002527,232.45362425710945,227.66945893038118,230.5716552734375,27000500
2023-05-08,229.22455146200411,233.38470367106154,228.08546738460632,231.0570068359375,16400500
2023-05-09,229.2641829841622,233.64224934379664,228.88778314634615,231.1560516357422,16865600
2023-05-10,233.92948691279594,234.5039863487914,228.53119331215584,230.86880493164062,19119000
2023-05-11,230.8391040931478,235.9501558283162,230.09621919375817,233.5531005859375,20449000
2023-05-12,234.49408450743593,234.7119986057812,229.25426157090317,231.5918731689453,16161400
2023-05-15,234.67238089355857,237.9806912888239,233.09746856404405,236.59397888183594,20653200
2023-05-16,233.5530981976764,237.36658002116022,233.2856705187338,236.5543670654297,18163800
2023-05-17,236.18786299635764,241.5267283923973,235.88080633108018,240.18954467773438,21193100
2023-05-18,239.01082766993173,244.74589219550123,238.90187061816292,244.5081787109375,22943300
2023-05-19,245.12228746261457,246.33071470006072,241.1008065407004,243.3096466064453,21733600
2023-05-22,243.0818364959485,251.16442745149178,242.79457921773178,245.9642333984375,27738500
2023-05-23,244.4685132319703,249.2229786960104,244.31002752322883,244.39918518066406,17748100
2023-05-24,242.95307004564268,247.22217940621383,242.62619888462493,246.84579467773438,17724300
2023-05-25,250.996041560311,253.19498209731498,246.80617491073622,250.29278564453125,22371400
2023-05-26,250.53045707735257,259.82147427075887,250.31255811248136,259.5540466308594,25727200
2023-05-30,262.7336223757608,266.10136115984676,258.8111986262047,260.0295104980469,23816500
2023-05-31,257.5333953168798,262.48596061143525,255.99811216679154,262.2086181640625,25473700
2023-06-01,263.3774384728656,271.40060097052645,263.3675538965256,270.0237731933594,25609500
2023-06-02,270.0733169873081,272.73779975814693,268.54791828441927,270.0237731933594,19416900
2023-06-05,267.73571315185546,272.95573720381407,267.0027430368973,268.8153991699219,20742900
2023-06-06,267.5772290847876,273.94622119971035,267.13148608899905,268.54791259765625,19419000
2023-06-07,269.09272209655296,271.6482327358904,260.30684502086973,261.0992736816406,26163600
2023-06-08,258.14755288398555,265.1108596741529,256.42406953864986,262.0699768066406,20899400
2023-06-09,259.9899240276633,265.40803261603844,259.2173249157956,262.4364929199219,16949800
2023-06-12,264.63544111842026,269.17197855133765,262.8128701183315,268.4786071777344,15442500
2023-06-13,272.27228799713606,273.10431550282607,266.5372077947004,268.7460632324219,16164000
2023-06-14,269.3106341709174,272.38120074557696,265.7744949797693,270.75677490234375,19175100
2023-06-15,269.7167218141707,281.2958230915934,268.8450956235299,279.15631103515625,25973500
2023-06-16,282.04856049887223,285.11915666756164,277.4723955390319,278.3341369628906,43127700
2023-06-20,276.0857492571568,282.0981412801928,273.5995515049551,281.6325988769531,20701600
2023-06-21,280.84016307153007,281.30570541284976,275.7191973170135,278.9681091308594,20556200
2023-06-22,276.4323742223265,282.55376796708003,275.1546341264743,282.1773681640625,17563100
2023-06-23,278.8393987823927,286.9219906486609,276.303687243336,285.99090576171875,51092000
2023-06-26,285.96124091498064,287.0408969322878,274.96653573551237,275.8282775878906,24232700
2023-06-27,279.3346477911545,286.60501132731775,277.98753406950857,284.3268127441406,26108300
2023-06-28,282.1179841861471,286.80309239753973,281.36518446166764,282.5835266113281,16722100
2023-06-29,281.8009865937503,283.8513560356523,278.0271339718469,278.8591613769531,15395700
2023-06-30,282.0585061064805,286.3077853315308,281.7217352964709,284.2574462890625,19694900
2023-07-03,283.98012096094413,286.65448822329904,282.14766566033023,283.3065490722656,8629300
2023-07-05,284.9210824129646,295.2917556059608,283.6433120714384,291.57733154296875,33865500
2023-07-06,293.08296585588556,295.2917909504346,288.546398462907,289.2199401855469,47600500
2023-07-07,289.40808309149924,293.38996472505943,285.9214881894303,287.77374267578125,25586000
2023-07-10,292.7461931865397,295.30173442356744,284.3268301519905,291.3099670410156,37058300
2023-07-11,291.11186748031383,297.33229010835623,289.1308407805797,295.4602355957031,27585900
2023-07-12,298.8874028222693,306.51436769471115,297.25306184333704,306.4053955078125,36677100
2023-07-13,310.64476690096654,313.23990683187645,307.346371012215,310.436767578125,30281000
2023-07-14,308.83213129456794,311.89281357613527,304.4441346718589,305.9398193359375,23054100
2023-07-17,304.622450294575,308.7528735776736,301.8192808976482,307.6732177734375,25323100
2023-07-18,307.930807423889,311.21931913240263,304.7017241005113,309.0896911621094,20731900
2023-07-19,310.0603447526799,315.6567382684005,307.5741469559921,313.0120849609375,21763700
2023-07-20,310.5259012052386,312.54655668172427,299.35291305042153,299.6500549316406,23836900
2023-07-21,301.68063423092167,302.56217532359824,288.43747663292555,291.46844482421875,42139300
2023-07-24,292.97395871919514,294.6974418120393,285.56490997021996,288.843505859375,24915700
2023-07-25,292.38956223739245,295.4700434460626,289.09113671115625,291.6763916015625,19585600
2023-07-26,298.3326271404568,298.9071114075561,289.13075246700043,295.73748779296875,47256900
2023-07-27,322.03562278580097,322.26345168695195,306.9005834250766,308.7528381347656,64229200
2023-07-28,313.8738229924983,323.10541313417497,311.26876847868454,322.3922424316406,39220300
2023-07-31,320.6192232583214,322.570535490506,314.577086633684,315.5775146484375,25799600
2023-08-01,314.5275623433994,321.06495535004046,311.6748795602786,319.64849853515625,22817900
2023-08-02,314.98324373186165,315.3695584459113,307.7029645999927,311.3282470703125,20461100
2023-08-03,306.9897285434685,312.9526369595575,306.9897285434685,310.21881103515625,15180200
2023-08-04,311.9720477871673,315.3893306240948,307.25722522644406,307.7821960449219,17612800
2023-08-07,310.25848880920694,314.0620562166698,307.51474764905635,313.556884765625,16236500
2023-08-08,311.4173856933221,314.87429777884375,307.16807503302533,309.6741027832031,15183500
2023-08-09,309.9117321398588,310.654616937473,299.9768873222208,302.3144836425781,19955800
2023-08-10,305.01858779959167,309.37683912774725,300.98719247412265,302.8394470214844,14358900
2023-08-11,299.69955126159806,301.829148347872,297.5104955804326,298.77838134765625,14046300
2023-08-14,298.12468234695706,303.3050471851978,295.42057035149384,303.2852478027344,15641900
2023-08-15,303.23573255839176,304.3153883439505,297.1836810480724,299.0854797363281,11623600
2023-08-16,297.35210620428677,298.2237325209698,291.48825413928256,291.4981689453125,18547700
2023-08-17,290.2699145259269,293.2414544674094,282.24678086637795,282.38543701171875,23950100
2023-08-18,276.3828992633854,282.9797208570898,271.77701889106055,280.5628662109375,35347900
2023-08-21,280.76098805581677,287.74409425900024,279.17616083700443,287.1497802734375,20181500
2023-08-22,289.77463492725656,290.1213206052622,284.0296702531187,284.8716125488281,12980200
2023-08-23,285.76304210604485,294.57860304394643,284.94092949669374,291.4485778808594,18287000
2023-08-24,295.6681615402102,296.6190456561809,283.9206906363901,284.0296325683594,18360900
2023-08-25,283.4155014413955,285.65407058848444,273.4113136752037,282.7914733886719,23701400
2023-08-28,285.267778333845,288.6850606863605,283.08863738034796,287.50634765625,14239300
2023-08-29,285.84229187011744,296.31202386548574,285.4460926275323,295.16302490234375,20844500
2023-08-30,294.3508150946284,295.46018502009133,290.6462752451663,292.3004455566406,17717000
2023-08-31,292.9937739942702,298.24351176009026,292.85511787360633,293.08294677734375,17229900
2023-09-01,296.52995387241754,298.8774654942899,291.6764448775336,293.5683288574219,12842300
2023-09-05,294.2022097056467,298.53077763296955,292.7065553799555,297.3025207519531,14956000
2023-09-06,298.8477299151188,300.42264228000386,292.85513713016263,296.33184814453125,15418100
2023-09-07,295.1729517016714,304.13708462017706,289.4477862636945,295.83660888671875,33748700
2023-09-08,296.38130332585723,302.35409555221355,293.96444916920996,295.0639343261719,17548000
2023-09-11,298.55059219611553,306.1082128740827,298.42182064148733,304.6422424316406,19489300
2023-09-12,303.42386653428804,305.7317789995425,297.3817607686702,298.7981872558594,13480400
2023-09-13,299.4915568567056,304.26583773885517,298.461444892175,302.16595458984375,13210900
2023-09-14,303.8300501021934,309.9019016701892,302.1362807665625,308.7628173828125,19343100
2023-09-15,308.6538482531876,309.04016296636837,295.9158611737261,297.4610595703125,28131100
2023-09-18,295.36112560839774,300.7198055041135,294.97481096128314,299.67974853515625,14234200
2023-09-19,299.6104472113349,303.2654433814144,296.965763635269,302.1758728027344,15924400
2023-09-20,302.15608486071164,305.13753971259973,296.5894046787797,296.8271484375,19379500
2023-09-21,292.8947242938483,297.4114614347647,290.48775458175936,292.9244384765625,21319600
2023-09-22,296.4605593552474,302.48289594348466,295.44033206924837,296.2426452636719,25369600
2023-09-25,292.83533849360197,298.09496119494736,290.91374045727673,297.97607421875,18987000
2023-09-26,294.8360940106852,297.4510325305286,293.20175365727596,296.1237487792969,19417200
2023-09-27,297.59968714880796,298.44159914142534,284.0692739315367,294.9153747558594,36429800
2023-09-28,296.10405010181194,303.4239277142585,293.88530996944394,301.076416015625,22167100
2023-09-29,304.4639309233832,307.6930134021515,296.51999626993165,297.3619384765625,25373700
2023-10-02,299.86790018031377,304.2657803806441,298.7684452442603,303.9092102050781,16265600
2023-10-03,301.3735019450162,303.8596690767924,296.79733661685424,298.0849914550781,17362300
2023-10-04,295.8959789224321,303.98845373940276,295.66815003527825,302.68096923828125,16880500
2023-10-05,301.74001281056985,303.30501022026147,296.65867573199284,301.89849853515625,19130000
2023-10-06,298.580262336724,313.3091868559529,298.05529161857464,312.4375305175781,21803900
2023-10-09,309.53535964271543,317.2910643135758,308.8618179548679,315.3397521972656,22503700
2023-10-10,316.09257649227783,321.58002823941933,315.1416922572277,318.7867736816406,19038000
2023-10-11,319.94565622912586,325.72033448452714,319.88622785949,324.71002197265625,22036300
2023-10-12,324.8883450738203,327.40425718550637,319.6287221495595,321.08477783203125,20530500
2023-10-13,320.46069120697484,321.96626018600665,309.4065617570761,311.7045593261719,21341000
2023-10-16,315.61707391483526,318.76689797101363,312.5266479918058,318.1032409667969,16536100
2023-10-17,315.1615055524744,321.32249931191717,314.28984903683886,320.9263000488281,16387800
2023-10-18,318.34103304579105,322.84785574824446,312.56632450331927,313.96295166015625,16851000
2023-10-19,316.8453422527521,318.83628330064334,308.7924657356501,309.8424072265625,18709200
2023-10-20,311.1598002763632,312.30876887363735,303.56255148600536,305.72186279296875,22312300
2023-10-23,306.56387266411906,314.3492928529987,304.3451324994024,311.0310974121094,17796800
2023-10-24,313.77475084323476,315.32986372560464,307.68310108632807,309.5848693847656,19525500
2023-10-25,307.0590898684758,307.9307463149152,296.00495900584303,296.68841552734375,42192500
2023-10-26,292.2013778048575,292.2013778048575,276.74936669566614,285.6144714355469,66684100
2023-10-27,291.68629315256464,296.4704578723433,290.1906087776419,293.9149475097656,29596300
2023-10-30,296.2525572930927,306.46474486144035,296.21292830552443,299.7886962890625,28435100
2023-10-31,300.4325511090743,300.79903615028394,294.0437289876778,298.4118957519531,19434200
2023-11-01,298.98637921085094,309.77305093227767,298.98637921085094,308.8915100097656,20434600
2023-11-02,314.2897678036737,315.79536693355874,305.4048648433468,307.9207763671875,21631800
2023-11-03,309.58493850880757,312.55647858815524,308.069454277463,311.6155090332031,16764300
2023-11-06,312.9823619745799,315.3100437389214,311.4668780353655,312.8040466308594,12887700
2023-11-07,314.05212768606896,317.95475229762457,312.1305295685795,315.7954406738281,14055600
2023-11-08,315.12188145653226,318.2815907296366,311.8927987771791,316.7463073730469,13609700
2023-11-09,316.3897177210977,321.1045396713152,315.7755741880792,317.50897216796875,16103100
2023-11-10,316.9048127654654,325.97791779553546,316.4293555216482,325.6510314941406,19096200
2023-11-13,323.105422284221,329.17724289044907,322.6101656775487,326.0670471191406,16908900
2023-11-14,331.36630927529507,334.8925340074316,330.16776648525604,333.1195068359375,17179400
2023-11-15,334.72406820461396,335.189610547894,326.8891063406788,329.5535888671875,14531200
2023-11-16,326.24528156612547,331.4058461421863,323.28365719124406,331.0195617675781,18932600
2023-11-17,327.12688999305044,332.3171693434977,326.2255193787899,331.8615417480469,14494400
2023-11-20,331.71295756214494,338.6267198833228,331.01958627794073,336.7447509765625,16960500
2023-11-21,335.1203413394719,336.6754544281111,332.7134013481026,333.7831726074219,12027900
2023-11-22,335.9919365414085,339.66676186673806,335.36790845868984,338.25030517578125,10702700
2023-11-24,336.90323967530475,338.61680806424386,333.57509980107073,335.0212707519531,5467500
2023-11-27,332.9907204641054,336.67543077880856,331.02952367322507,331.5247802734375,15684500
2023-11-28,330.23711290551626,336.16039304775114,330.23711290551626,335.7740783691406,12637200
2023-11-29,336.467457726347,336.67545705080926,327.6419807945097,329.04852294921875,16024500
2023-11-30,328.7414398329136,330.33615157241326,319.34144902768867,324.04638671875,23146400
2023-12-01,322.39223719208394,323.75911997400175,317.7170138243553,321.7384948730469,15276400
2023-12-04,314.27995748075307,317.8160668090726,310.6843895476275,316.9840393066406,19037100
2023-12-05,315.95387270226246,318.82635458466615,312.3979343773619,315.2704162597656,16952100
2023-12-06,318.8758951493905,319.1928666161261,314.0323015033506,314.43841552734375,11294300
2023-12-07,314.75539531827485,325.1260706090225,314.75539531827485,323.4917297363281,15905100
2023-12-08,320.02490074141053,330.0092905560532,319.93575818228777,329.59326171875,14087400
2023-12-11,326.2750626372327,326.76043469096527,316.96424401490793,322.19415283203125,25802500
2023-12-12,321.5205251676747,331.29688362057163,321.480896183902,331.04925537109375,18485500
2023-12-13,330.762048340428,335.15992913690354,329.4843081433903,331.5643615722656,16353300
2023-12-14,330.6827884467792,331.5247305865681,325.52222390985685,330.0092468261719,19607300
2023-12-15,328.8404795440418,335.44721612845785,328.0777952344313,331.7427062988281,31776900
2023-12-18,334.2783687065993,344.26272735976374,333.8227109207076,341.3506164550781,18993900
2023-12-19,342.3015419115937,350.24547720407884,341.84591429871836,347.03619384765625,17729400
2023-12-20,345.3424025451627,351.59253808248286,344.49057574848587,345.9664306640625,16369900
2023-12-21,349.6313189131401,353.02877153303433,345.8970652443387,350.73077392578125,15289600
2023-12-22,352.2066716923512,353.81132847401494,347.8880486334318,350.0374755859375,11772800
2023-12-26,351.62223083836534,353.5933724352155,350.0968624496421,351.4637451171875,9898600
2023-12-27,352.69198979976716,355.59418578837534,351.9391902070133,354.4352722167969,13207900
2023-12-28,356.28756718459863,358.46667782509195,354.4154829527875,354.920654296875,11798800
2023-12-29,355.5843620184723,356.58479013043086,348.48239854275886,350.6020812988281,14987100
2024-01-02,347.98716384650777,349.80970481702417,336.78446006797276,343.0048828125,19042200
2024-01-03,341.707289376288,344.6491150886506,339.9243472980902,341.2021179199219,15451100
2024-01-04,341.2317647973155,344.84713158627574,340.14219433580473,343.826904296875,12099900
2024-01-05,343.698147524061,350.14639779000544,342.97509227203875,348.6111145019531,13920700
2024-01-08,351.3350529005943,355.5744482932876,348.7101686726257,355.2574768066406,13890200
2024-01-09,353.01883529559416,357.21863106752784,351.98869328798116,354.0390625,13463900
2024-01-10,356.7531106306372,369.4019518264648,355.6734247687895,366.95538330078125,22117200
2024-01-11,368.59967889024267,369.24350641928106,359.48694543472374,366.16302490234375,17205400
2024-01-12,366.64834726660075,373.4828818820827,366.03423395673144,370.937255859375,19310000
2024-01-16,370.1052786047655,372.04667615700424,363.7462003164905,363.9739990234375,15306900
2024-01-17,362.82496615370195,365.043736234498,355.20791737263,364.8753356933594,12724800
2024-01-18,367.9657111334963,373.27487720209166,367.4308558102004,372.56170654296875,16354300
2024-01-19,375.40452085135644,380.713657349176,374.38429341542127,379.81231689453125,21670800
2024-01-22,384.26956003570797,386.64678537317815,377.5439677838809,378.1580810546875,17680500
2024-01-23,380.97117024868106,384.6955094373397,378.45525833540233,381.5456848144531,15506100
2024-01-24,386.3000979968065,392.39174734268266,384.1308719513489,386.99346923828125,15698500
2024-01-25,386.46855744388085,391.7380648158976,382.0013331360299,389.4499816894531,15091100
2024-01-26,390.60887820999596,393.0257327851603,387.8750521627956,390.40087890625,13163700
2024-01-29,391.24278303174935,399.107459933084,389.37072887968213,397.215576171875,18742400
2024-01-30,399.76118908237476,402.50489956057874,395.77933719609035,396.2646789550781,18614700
2024-01-31,385.3096431913748,394.2242621855197,383.4276741160016,386.4388427734375,20180800
2024-02-01,390.20276259938396,396.7005266094992,389.3211913641147,391.0347900390625,29727100
2024-02-02,455.23987373916515,481.34978723753176,448.7123953645735,470.4838562011719,84707600
2024-02-05,465.4223405229384,467.4231662759054,454.8634663362417,455.0516662597656,40832400
2024-02-06,459.59805734998673,462.68845324395403,448.7024137490172,450.4060974121094,21655200
2024-02-07,453.65502691303504,467.0467539432998,451.8522857085582,465.13507080078125,23066000
2024-02-08,463.8771438280398,466.1255978844862,460.6183469730687,465.54119873046875,18815100
2024-02-09,468.46320816531784,469.0971208651362,463.0351852005723,463.6690979003906,18413100
2024-02-12,463.74837373627713,474.6043898556988,462.15363177871683,464.4516296386719,19382000
2024-02-13,452.5357455389772,463.4512199796858,450.77263331174294,455.7549133300781,20916600
2024-02-14,463.4908181010599,469.61218220678217,461.668277504602,468.7900695800781,16858400
2024-02-15,470.7711197184282,483.98456238203323,467.7401516981144,479.4381103515625,24212300
2024-02-16,473.5742483458301,474.41619060575965,464.75868697094927,468.8297119140625,23324600
2024-02-20,465.2638566023145,471.66256334291893,462.13383129598384,467.27459716796875,18015500
2024-02-21,462.56466468971513,465.0435750042367,457.8944061299946,464.0817565917969,12921800
2024-02-22,476.1887559057501,485.85650633156365,472.04402503691097,482.0290832519531,21625800
2024-02-23,483.9328849631921,490.189652505488,478.2809873047405,479.9468078613281,18374300
2024-02-26,479.39150323604184,482.0389927339429,476.54571907149233,477.67608642578125,12101400
2024-02-27,475.93094897037633,483.1594294927157,475.8714575450173,482.9412841796875,10809600
2024-02-28,480.9085722921796,486.907522790946,478.6775531423705,479.93682861328125,12715500
2024-02-29,484.3195850137185,487.5520937536585,478.53874920284585,485.9953308105469,17732000
2024-03-01,487.95861163789215,499.9962147539583,487.70082553984946,498.0626525878906,16273600
2024-03-04,498.75678705078013,500.1648215135749,492.23230800183285,493.98736572265625,12324100
2024-03-05,490.82423949307776,491.3993333683272,483.77423312340585,486.0845642089844,15325300
2024-03-06,493.4320464792398,498.7269951265134,490.12022602615707,491.905029296875,11757900
2024-03-07,499.0343621960997,515.4645557809083,497.1503965217071,507.86920166015625,18586400
2024-03-08,509.85236353130205,519.1532399324959,495.1375554414042,501.681884765625,18597100
2024-03-11,492.81727073389857,493.12465317642193,471.9844998292028,479.5104675292969,20428300
2024-03-12,489.0989079714984,498.072550794884,480.6408675762621,495.5341491699219,15448200
2024-03-13,491.2109605365192,496.75380029779205,486.8877252679301,491.3894348144531,12090700
2024-03-14,496.03984675115265,497.12064794623495,484.04191556315317,487.6809387207031,12620000
2024-03-15,484.8848500326896,487.6810382572189,477.2398677760852,480.0162658691406,29153600
2024-03-18,487.7602993787061,493.22382724529314,482.7033164237656,492.78753662109375,11755300
2024-03-19,484.0518724772852,492.4404965064803,477.2199811274782,492.05377197265625,10903100
2024-03-20,495.286287934853,503.91290805699197,490.99282852307084,501.2554931640625,11711100
2024-03-21,510.3679446254736,510.69511718139586,501.7413254442467,503.4765625,9712500
2024-03-22,502.72299742536745,505.6679440053061,500.0854332948387,505.2812194824219,8120600
2024-03-25,501.52320214819645,502.94113151352633,496.0200033738787,498.77655029296875,8380600
2024-03-26,500.8687374024342,505.69764932990444,491.03240902650015,491.7066955566406,11205400
2024-03-27,495.08795895460764,495.6730084213494,483.95271311983527,489.69384765625,9989700
2024-03-28,488.6824689802338,488.7320653435036,481.0573382938965,481.48370361328125,15212800
2024-04-01,483.09000194726144,493.23368249066186,477.7157116521994,487.2049865722656,9247000
2024-04-02,481.0077146412734,493.33284821117377,480.5614987259131,493.1741943359375,11081000
2024-04-03,494.7210662879797,502.96096149049066,494.54259201344473,502.4651794433594,12099200
2024-04-04,512.0635272481567,525.52898497876,506.2727964033806,506.6099548339844,26476300
2024-04-05,512.4996663015895,526.2229363283999,510.07032281568536,522.8912963867188,19263300
2024-04-08,524.8151697273947,527.0064880471994,514.5128023616097,514.8697509765625,13260600
2024-04-09,517.824544305965,521.43385245963,502.4652247831383,512.53955078125,10863800
2024-04-10,504.9937292971529,518.1517750614757,501.5331497348547,515.44482421875,11418500
2024-04-11,516.7139487845067,519.4407500339564,512.9261666955659,518.7466430664062,10369500
2024-04-12,513.3823211709546,515.801740035333,505.03333799795433,507.5816650390625,11984500
2024-04-15,512.3610157943239,514.1558050657334,493.0850359084443,496.0101623535156,13512900
2024-04-16,493.90802329919694,500.5118444243571,492.9164591109171,495.54412841796875,9847900
2024-04-17,498.85594255975616,498.91543398945294,483.0305867975253,490.00128173828125,12193700
2024-04-18,495.60355602262655,507.88904925810414,494.83013726577775,497.56683349609375,14808700
2024-04-19,498.5583540208591,498.5583540208591,471.7167402425019,477.0116882324219,25215400
2024-04-22,485.58878643749824,487.85947676562097,469.4064525906783,477.66619873046875,17271100
2024-04-23,487.10585565634784,494.552511601126,484.84509075805806,491.9149475097656,15079200
2024-04-24,503.77405442586195,505.697691201439,480.4921184549393,489.3368835449219,37772700
2024-04-25,417.8451232490789,442.0095365400341,411.0033367235607,437.6565856933594,82890700
2024-04-26,437.7358663608283,442.67386632862065,428.3160076852522,439.5504455566406,32691400
2024-04-29,435.8519473125852,436.05027225208164,424.94474136330103,428.9704895019531,21502600
2024-04-30,427.4136580955546,435.911368997032,426.09489126533015,426.5411071777344,18429500
2024-05-01,424.9844158145951,446.16421228489577,423.5069646018028,435.4850769042969,20344900
2024-05-02,435.1379716896752,440.21477487294436,428.63331382859496,437.9540100097656,15221300
2024-05-03,442.168208064892,450.3387174949622,440.10576788243395,448.1473388671875,16489100
2024-05-06,451.73678292958675,462.22754860054084,449.5156889129606,461.7515869140625,15094600
2024-05-07,462.3564765225812,467.5522632162285,457.41847594249674,464.2900085449219,13406800
2024-05-08,459.589980458031,471.568061995638,459.0941983863395,468.61322021484375,11683900
2024-05-09,466.0351330222178,472.0638295136627,463.6851309164721,471.409423828125,9437700
2024-05-10,473.06530711359864,473.47185202089554,465.63850177770763,472.1828308105469,10750000
2024-05-13,468.76192427668366,469.35686878363606,458.94544582244055,464.0619201660156,14668800
2024-05-14,459.46103273015086,468.5536884567925,456.19877850637766,467.8695068359375,10478600
2024-05-15,470.9731251549598,478.4296762623325,467.225014082937,477.477783203125,13100500
2024-05-16,470.99297269630273,473.66028268880433,468.76195335195183,469.2379150390625,16608200
2024-05-17,466.85814039180144,468.8115229984674,464.46849739382435,467.9290466308594,10807300
2024-05-20,465.9855701209428,469.20815350971793,463.1001149016232,464.8849182128906,11745100
2024-05-21,463.17943423343615,466.729250784971,458.3703421231926,460.71044921875,11742200
2024-05-22,463.92309944416763,469.72375559146025,461.72182588991785,463.8338623046875,10078600
2024-05-23,468.8908189064393,470.3583143530477,457.6464860643533,461.8507080078125,11747900
2024-05-24,463.6752352138894,475.8020759819644,462.36636323892645,474.1858215332031,12024300
2024-05-28,472.55960921175017,476.8035023830061,470.8342973473086,475.8714599609375,10175800
2024-05-29,470.6557942549928,475.8020140805509,469.70390124255897,470.3583068847656,9226200
2024-05-30,467.69100593979573,467.75049735908,460.7896987015025,463.1099548339844,10719600
2024-05-31,461.8705968126108,465.16259725152173,450.6262623048944,462.89190673828125,16919800
2024-06-03,466.8878695866924,475.55416062005787,464.289976419623,473.4619445800781,11279400
2024-06-04,472.97611184843925,474.85018266553476,469.23792579938714,472.9661865234375,7088700
2024-06-05,480.3632472989971,492.4603113379377,479.8277942044124,490.88372802734375,15690500
2024-06-06,488.82130773246917,498.57829538060287,486.7489422809781,489.5947265625,10667300
2024-06-07,491.7265789696624,494.7012714058208,486.0350104583895,488.80145263671875,9380700
2024-06-10,489.69387685065146,498.41965988768123,489.24769112077655,498.36016845703125,11220900
2024-06-11,495.94072493862217,503.31796457657777,494.06665418520794,503.1890563964844,9673700
2024-06-12,509.65400371296886,509.67385436074,500.2143247147282,504.5474548339844,11983200
2024-06-13,501.4439074493885,505.0631106143355,497.13059726206285,499.8475036621094,9954600
2024-06-14,498.90453176403366,503.37100032108,497.0186955424276,500.4032897949219,10243300
2024-06-17,497.931856469991,506.94418419466194,492.3140279060618,502.8548889160156,11266600
2024-06-18,500.8002948331181,502.22956717081047,491.33137316845017,495.76806640625,13060400
2024-06-20,498.259391865037,499.91696133696803,493.06835183815394,497.9616394042969,11801200
2024-06-21,499.69861047117706,499.69861047117706,488.7210252534987,491.09320068359375,22359200
2024-06-24,495.4802914334782,504.0161854748307,490.6068739936716,495.19244384765625,13525300
2024-06-25,493.3462966765103,506.90451493381806,491.807858377879,506.79534912109375,12063200
2024-06-26,502.87471843803064,509.9813697140083,500.9193965765523,509.2965087890625,8882300
2024-06-27,510.41810706315476,518.983806151596,510.0707392924352,515.6885375976562,10121200
2024-06-28,513.2965053233427,517.9912405650317,500.08565629554784,500.46282958984375,15855100
2024-07-01,501.18741057473653,502.80523929375056,489.4951896775347,500.9194030761719,10328200
2024-07-02,497.0287164734993,506.69613150314916,495.72848004799874,505.7035827636719,7739500
2024-07-03,502.5968492374037,507.4702666873242,502.24945115588804,506.16009521484375,6005600
2024-07-05,507.78788297481714,536.8397703450868,507.78788297481714,535.8869018554688,21354100
2024-07-08,538.3086692589983,538.7652633902379,522.7257058530672,525.3757934570312,14917500
2024-07-09,529.7728386645047,533.4750257204164,524.2542706278135,526.05078125,8753200
2024-07-10,526.8348467952301,534.8645915820666,524.4229609796452,530.705810546875,10983300
2024-07-11,526.9340986863707,531.470052695549,504.5818866148047,508.879638671875,16458300
2024-07-12,494.0509955659597,504.3040091670601,490.54730025689014,495.1527099609375,19750500
2024-07-15,494.91451741675417,502.9045215977184,489.69370204409415,492.4629211425781,12539200
2024-07-16,497.7631475779309,500.1949038845635,482.1702167801202,486.1404113769531,14075800
2024-07-17,475.5995237576505,475.5995237576505,455.6989062469381,458.5475158691406,28076600
2024-07-18,471.4605574176505,475.66895354258486,461.07850815029263,472.3042297363281,19267200
2024-07-19,472.51270275883394,483.0833397083784,472.1653046770745,473.2372741699219,15149400
2024-07-22,482.9542608770849,488.39343784394794,480.2942380286201,483.7681579589844,12023100
2024-07-23,486.190008830993,491.5299252139767,484.08581061840755,485.048583984375,9455500
2024-07-24,468.7906621093542,472.7509216284224,457.14805525103003,457.8329162597656,17649700
2024-07-25,459.8081045556057,460.0959218597221,439.35166080505405,450.031494140625,18240500
2024-07-26,460.7410660360502,466.2695386431192,455.9966850035007,462.2298889160156,14222400
2024-07-29,466.378717391361,470.42830214656203,461.5549156888034,462.2397766113281,11339600
2024-07-30,463.5201941518572,469.2075085091914,453.2969557331021,459.73858642578125,11390400
2024-07-31,467.5102621199885,472.94943971838194,463.27209021732375,471.2918701171875,24285800
2024-08-01,517.117785996077,523.2417934857768,488.43313943360073,494.0310974121094,43083100
2024-08-02,485.35626279901464,497.4157221663531,472.6020072993278,484.502685546875,24044700
2024-08-05,447.98678179800794,479.8773706801631,447.4408619363931,472.18511962890625,21396200
2024-08-06,475.43082990037084,498.8152749770576,475.08343179543425,490.40838623046875,20955000
2024-08-07,499.38099343504456,506.3486738626253,483.2322079563975,485.2768859863281,20105300
2024-08-08,493.792900841196,506.16004722322526,491.0336170993588,505.83251953125,16156800
2024-08-09,503.92679928247577,514.4776251589293,501.9317973598436,513.911865234375,13696600
2024-08-12,513.0086613320424,514.1600516475766,505.30650469614585,512.10546875,9767400
2024-08-13,516.1351552948641,527.539527869593,514.2890296237302,524.6015625,13743800
2024-08-14,524.1252621265718,530.0210038056015,519.2320043236282,522.8349609375,11444200
2024-08-15,527.8274136979614,535.7479929533919,522.7753751004825,533.326171875,13482100
2024-08-16,527.9365878122447,529.6834223391122,520.7504855611071,523.4899291992188,14776700
2024-08-19,522.9441054550521,527.6983917075867,518.8647450188439,525.336181640625,9879700
2024-08-20,524.4130386625862,527.1326727663876,521.9614726520136,522.8051147460938,7944400
2024-08-21,523.2220385463697,535.3807593570484,523.0036463443084,531.1723022460938,13423300
2024-08-22,532.9985983015077,540.1747052951595,524.6512912292759,527.9663696289062,15708300
2024-08-23,532.919128531442,535.8471587492915,521.1475177530665,524.0656127929688,11323900
2024-08-26,523.6686342288824,524.0656779139919,511.11293037707617,517.2369384765625,9584000
2024-08-27,515.1128936339496,520.1054425639422,511.47025694740495,515.2319946289062,6282700
2024-08-28,513.8125824077088,517.207142010354,508.63150814107365,512.9292602539062,9106100
2024-08-29,515.182413963802,523.2717104675047,511.8375295396617,514.3585815429688,8317400
2024-08-30,517.4652782864964,519.6389625213844,511.3611396841289,517.4255981445312,9157500
2024-09-03,515.7679426882084,521.5743274693662,504.8300382894065,507.9466552734375,12459100
2024-09-04,502.299090188846,512.7407211150795,500.3139929377969,508.91937255859375,8335200
2024-09-05,507.90704324658185,517.7432049103388,507.34128319424417,513.0087280273438,8640900
2024-09-06,517.9912892304044,520.671182675205,494.5373600144014,496.54229736328125,14744500
2024-09-09,502.3884428492591,507.5199025556735,498.3388272776319,501.0286560058594,11047800
2024-09-10,504.3735402066735,510.3486723480254,496.3041146023549,501.0286560058594,9899000
2024-09-11,503.232112729859,509.29657058669034,491.9071287284721,508.01617431640625,10782500
2024-09-12,513.1972540929083,522.7853077289221,511.38087314788646,521.6835327148438,11970500
2024-09-13,516.4627996748932,523.6488423260053,513.256826288116,520.7108764648438,10321400
2024-09-16,521.1280181484769,530.6258310700966,514.0345075829822,529.8112182617188,9527600
2024-09-17,534.1031245656153,538.5738540479329,527.1188831506324,532.8314819335938,11690800
2024-09-18,533.576646824704,540.6602747416101,530.4272830013175,534.450927734375,10323500
2024-09-19,546.4225329449033,558.4140310808363,542.965187958843,555.4633178710938,15647000
2024-09-20,556.3574747764472,560.8282044844723,552.6815293333295,557.6986694335938,22066800
2024-09-23,565.7956267309795,570.2464666906967,558.7517177086277,560.7387084960938,12830700
2024-09-24,562.9940181626635,564.0570656157435,550.5852691689676,559.6658325195312,12993000
2024-09-25,560.3811029520627,573.1276667022589,560.0532324710734,564.6134033203125,16543400
2024-09-26,571.985117409489,573.6442984744751,558.692143405245,564.146484375,14400800
2024-09-27,566.3917847848174,567.1270224226568,560.8381786570521,563.6696166992188,9398400
2024-09-30,564.0073938800123,570.941972898618,561.1262327442129,568.716552734375,12792300
2024-10-01,574.2205860558449,579.2476715289099,566.3918356235863,572.7203979492188,15259300
2024-10-02,571.1208824263465,572.2534819959554,565.636827791168,569.084228515625,6524700
2024-10-03,566.4415816576565,579.5656206766204,565.0307741439099,578.9794921875,11581000
2024-10-04,579.9329990440941,592.9676526859105,577.6479719542227,592.0635986328125,14169500
2024-10-07,594.3287770165352,599.0280513970777,580.241019807101,580.9762573242188,12014200
2024-10-08,585.8543108605434,589.6991332469273,582.1584764027994,589.0335083007812,7857400
2024-10-09,590.1263511004084,590.5237735346293,577.8268726105156,586.6690063476562,9529700
2024-10-10,583.7481340170177,586.3908052566998,578.7309940775933,580.032470703125,7740400
2024-10-11,581.0259183834463,587.3644237405637,578.9197130349903,586.1126098632812,8587100
2024-10-14,590.3548605756521,596.1966189040863,586.1226207270662,586.57958984375,8252000
2024-10-15,586.3213167068384,586.7684018392896,576.3665323667985,582.4566650390625,9564200
2024-10-16,577.6183295542279,578.2938992429113,570.2962722964854,573.0382690429688,11268400
2024-10-17,579.535763803756,581.165050386019,571.458640303418,573.1773681640625,8701200
2024-10-18,577.320287577046,580.171615190214,571.5083623843342,572.7203979492188,7694300
2024-10-21,572.2832812087102,573.4853720377109,565.4082482178678,571.4188842773438,8171900
2024-10-22,570.5544274664462,579.7343755128267,568.3985595176985,578.2242431640625,8544500
2024-10-23,576.197574254934,581.1948858843222,558.8412364272328,560.0234985351562,14248400
2024-10-24,563.441056755549,565.1796737231452,557.8675620582958,564.0868530273438,7184700
2024-10-25,570.1968098323885,577.5089214512785,568.0011631602342,569.521240234375,11337900
2024-10-28,578.2144025704526,579.9530197603123,570.3856528873466,574.3993530273438,10925100
2024-10-29,576.3764798430535,589.8084987307076,571.6573758802128,589.4210815429688,13019100
2024-10-30,597.0708419557426,597.2894424740662,585.5463196507573,587.9505615234375,26864900
2024-10-31,581.1948579404038,586.0630100655928,559.3479019568509,563.88818359375,26838400
2024-11-01,563.9179102535862,569.9384899607375,558.9007706039847,563.4708251953125,15303200
2024-11-04,560.4307574700293,564.990928253136,554.2611895517762,557.0330200195312,12064600
2024-11-05,563.6099673972353,569.7497621186542,562.9840604007563,568.7066040039062,9775400
2024-11-06,559.089545287276,569.2728733000607,551.5588330562133,568.3290405273438,18305400
2024-11-07,573.1376519572991,590.931130253037,571.4685867402673,587.851318359375,14653700
2024-11-08,587.6922331143957,589.2420834760235,580.7179368061435,585.506591796875,9415700
2024-11-11,582.5460231790189,583.1818748700241,572.7601164845879,579.3767700195312,10209100
2024-11-12,584.7118264421407,595.759491677715,576.6049297500081,581.0160522460938,16287700
2024-11-13,578.820364505682,581.8306847991486,571.4287559968451,576.2273559570312,10757600
2024-11-14,573.2469511766315,576.9825042694199,569.2829135040491,573.4058837890625,11053700
2024-11-15,567.5045431877015,568.845798667613,547.9128385213252,550.47607421875,17712900
2024-11-18,553.416727423013,556.2581707198138,546.5119820097493,550.7939453125,14327300
2024-11-19,548.2704848072716,557.7782452800951,547.0186706091085,557.4404907226562,9522400
2024-11-20,559.2684336557853,562.6661714032467,550.5952370485202,561.8416137695312,9797300
2024-11-21,565.8156599644011,566.2925184704802,545.4787725499416,559.427490234375,11154700
2024-11-22,559.8844014593876,560.1626093179061,550.9827201972906,555.5031127929688,9164000
2024-11-25,558.4437730688312,568.8655913664321,552.7709528081841,561.4342041015625,13599800
2024-11-26,562.3183927344387,573.7435897599618,561.5236085472491,569.809326171875,10356600
2024-11-27,571.1505494932607,571.2399301163326,560.4306959863785,565.49755859375,7200200
2024-11-29,565.2989471775757,574.6974365649559,563.2126308545018,570.5843505859375,7130500
2024-12-02,573.7436354149476,590.6330584488074,571.8261964294463,588.9739379882812,12522400
2024-12-03,591.1297346878002,610.2048575818252,587.4041271162384,609.658447265625,14907200
2024-12-04,608.9729851561366,613.7616404411217,601.1640649329522,609.7876586914062,14697000
2024-12-05,613.0661894209172,615.8678538672092,603.1014009485657,604.9691772460938,8081200
2024-12-06,606.1315803733008,625.6935091963624,604.5718457996734,619.7127075195312,16935500
2024-12-09,619.8616326208158,622.3255424452909,602.2270892812994,609.5789794921875,11426000
2024-12-10,613.5430642352669,621.5208620203902,608.7544087604489,615.2916259765625,10938900
2024-12-11,619.3152570040297,634.2475228007214,617.4872593239821,628.564697265625,10837200
2024-12-12,627.3924153614809,632.5188255188012,623.1303414479055,626.68701171875,7474700
2024-12-13,623.1402509971973,626.9751899127812,612.877485604871,616.31494140625,8453300
2024-12-16,626.3871249494445,627.5504959861296,615.0521770037514,620.6798706054688,10885600
2024-12-17,622.5988864607522,628.7635395126289,613.023802249935,615.9072875976562,12897800
2024-12-18,617.4584503781085,623.7821648702233,592.9192071688799,593.7842407226562,17075500
2024-12-19,606.9088879422355,608.0324482730709,591.6066443741169,592.1734008789062,14958100
2024-12-20,587.2118506480338,599.6703586208927,576.6921729829667,581.9122314453125,48989400
2024-12-23,586.2374121284414,597.6619341779531,582.9065418782488,596.428955078125,10205800
2024-12-24,599.2825930550088,604.5225570908009,595.8622700093166,604.283935546875,4726100
2024-12-26,602.0267925347978,602.8421231735949,595.5241134668595,599.908935546875,6081400
2024-12-27,595.9914781565597,598.4175650201639,586.4362995119768,596.3892211914062,8084200
2024-12-30,585.3922526209689,593.5355460021086,582.2403486947754,587.8680419921875,7025900
2024-12-31,588.8921095114196,590.5823653046542,580.5200878361399,582.170654296875,6019500
2025-01-02,586.3566630099542,601.4600333978291,584.4675355561759,595.8223876953125,12682300
2025-01-03,601.3109040557052,606.0238608766297,593.0084898939718,601.181640625,11436800
2025-01-06,608.3406674545436,627.3913686715185,602.1660620801258,626.6058959960938,14560800
2025-01-07,628.0973881957177,628.4950705588813,604.761207491555,614.3661499023438,12071500
2025-01-08,609.9017687218794,612.9244095793259,599.3522320412079,607.2369995117188,10085800
2025-01-10,606.5510096456386,626.3175775740942,593.9333786707956,612.3477172851562,19256600
2025-01-13,603.6376302707936,605.4969606390209,595.0369984046291,604.8606567382812,10785000
2025-01-14,601.619200037685,602.0367877207286,585.1933967179181,590.8609008789062,13598000
2025-01-15,606.7299597252418,618.910097282811,603.0410962176045,613.6005249023438,15524300
2025-01-16,608.0125311778029,612.7354412728062,606.2327616419763,607.8136596679688,8355300
2025-01-17,620.4909670416874,621.4057031954426,600.2271914060634,609.2753295898438,17280600
2025-01-21,614.3065179402437,617.9555708513625,605.5368113256808,612.9443359375,11674000
2025-01-22,619.7452813031715,630.0859939331771,615.8973569336624,619.9441528320312,12274000
2025-01-23,623.7820662654243,632.9693595822604,617.6075215774163,632.8202514648438,9910200
2025-01-24,632.7705834013218,648.281591059828,630.5831180425407,643.7973022460938,19065300
2025-01-27,623.0364191128788,660.0839344783759,621.5350209558217,656.11669921875,28399200
2025-01-28,662.2017426693867,678.6872024447362,655.7089547113195,670.4842529296875,20950100
2025-01-29,671.1504043086316,677.1658883876141,661.8735972833647,672.6318969726562,21377800
2025-01-30,692.8459730540745,706.7362716155509,672.2441097313682,683.0819702148438,29322900
2025-01-31,687.0591393102349,701.2775724581132,681.6700672504257,685.24951171875,19303900
2025-02-03,672.0551542315792,699.9849793278047,671.3989450157673,693.4822998046875,21415700
2025-02-04,698.493525085138,703.6738334316884,687.6656180103822,700.1738891601562,13826300
2025-02-05,699.537618378519,714.0444378165666,695.0235319996654,700.85009765625,17778200
2025-02-06,701.8543038374813,714.8000689545609,699.4878723496911,707.929443359375,13080700
2025-02-07,712.712095053205,720.875295472029,707.6909072166903,710.4451293945312,16427100
2025-02-10,714.46201254255,717.0869710502225,707.2732650282198,713.3086547851562,12904300
2025-02-11,709.2518608628535,719.5328566627956,705.990537952229,715.6948852539062,12998000
2025-02-12,711.2205129173935,722.9532034161431,708.5358993293338,721.2430419921875,12016500
2025-02-13,717.4051397279665,724.84246133802,713.9449451473768,724.4049682617188,12569100
2025-02-14,721.9987740417008,736.6844981606084,721.4817202277445,732.4686889648438,16901200
2025-02-18,731.8025383986342,732.7968353258062,702.4111236589109,712.2844848632812,21938700
2025-02-19,700.0844219380573,702.9679072184475,691.4241347921043,699.75634765625,17535500
2025-02-20,693.3034063210538,701.6057615774716,689.6841508587038,690.8773193359375,12587400
2025-02-21,692.60739083408,699.8557937983946,678.4684565577635,679.6516723632812,15660400
2025-02-24,682.3660300531769,683.3503741651774,658.671920559191,664.3195190429688,15677000
2025-02-25,662.1719101710918,664.1903621078898,638.1994252892501,653.750244140625,20579700
2025-02-26,655.8879894912211,679.1147510461686,654.2473752935454,669.8578491210938,14488700
2025-02-27,678.5579742610117,684.7226275665207,653.8198609766592,654.4860229492188,12500000
2025-02-28,654.2870702842284,665.8109973539985,638.9351246579868,664.38916015625,17534200
2025-03-03,669.8379033612619,677.3647378963709,647.1281969958483,651.3141479492188,10843800
2025-03-04,641.8285608669278,646.0443697452546,620.0932465782156,636.3499755859375,21495200
2025-03-05,637.3442702985346,655.7387617190071,634.0232921722067,652.7260131835938,13770000
2025-03-06,644.3044240355638,646.8498218018017,620.550655319109,624.348876953125,13446500
2025-03-07,621.8034116028319,631.1696708677619,597.1846120700849,622.0917358398438,21375700
2025-03-10,604.6021195261419,606.6304633422532,583.5230132390974,594.57958984375,21999900
2025-03-11,591.6563759772822,611.4230037979147,589.9462143877115,602.255615234375,17401500
2025-03-12,626.3076063631013,629.7180372558605,605.8747576675322,616.0265502929688,15747000
2025-03-13,616.7126625470211,616.9612367761815,583.1650942894606,587.2715454101562,16480300
2025-03-14,599.8953822688998,605.926179590697,591.914068126194,604.6722412109375,12364500
2025-03-17,604.5330139333223,610.145791783639,595.1185744835724,601.9853515625,15473900
2025-03-18,597.1585946307207,597.3576430615008,571.8909239806788,579.5538330078125,20297700
2025-03-19,581.4646380049574,589.4658748756802,572.0004528394173,581.2456665039062,20537500
2025-03-20,579.9518916844916,607.2596702846753,576.7175523056919,583.17626953125,24336500
2025-03-21,580.6087578221687,594.6607153580624,578.1506887401925,593.376953125,25015900
2025-03-24,612.0067329441661,619.5402641270977,609.2501215154047,615.8680419921875,15741300
2025-03-25,623.7398969958502,630.8255836251969,618.1867678385581,623.2920532226562,15312500
2025-03-26,621.8789578468637,623.729980786782,603.6870115810134,608.0359497070312,12609800
2025-03-27,599.0992913670475,611.2902653192839,597.2084221310924,599.676513671875,10436500
2025-03-28,597.4174350028129,598.8504988672187,571.1545792698175,573.9609985351562,17602800
2025-03-31,560.7848045267424,575.9115762646734,550.6339405485874,573.5828247070312,21124700
2025-04-01,568.0893470318956,587.0674018732212,567.2533679740828,583.17626953125,12836600
2025-04-02,572.1397763325173,589.8042481703526,570.5972571371435,581.1163330078125,13470800
2025-04-03,543.588036975163,549.8975147269518,527.74476370987,529.0584106445312,34777500
2025-04-04,504.17882025902844,515.5039899950378,491.8186836840174,502.2979431152344,38589800
2025-04-07,482.7625534125592,536.7710426730624,479.5779604532095,513.762451171875,36606100
2025-04-08,540.632294131454,544.7921450836128,500.4369029130687,507.9903564453125,28034200
2025-04-09,506.8160385676343,585.0572285137947,499.6905358471851,582.9474487304688,39216600
2025-04-10,572.7169643692248,578.4989661784922,532.7206193644059,543.6576538085938,28173500
2025-04-11,532.929645345754,544.7623677490587,526.0430064952079,540.9508056640625,17642300
2025-04-14,553.4900382546571,555.082364985388,525.7344743683024,528.9190063476562,14130900
2025-04-15,529.5460805193426,535.348006407367,515.0064915389678,519.0071411132812,15558700
2025-04-16,506.05972448726374,510.89629171463736,493.24178266268706,499.88958740234375,18735100
2025-04-17,502.8154217219696,504.85553152235843,495.6103178269469,499.0635986328125,14593500
2025-04-21,488.96252020860095,491.1220774583302,477.48807856000866,482.3246765136719,16166000
2025-04-22,489.4999049556232,504.43758854395816,484.0164453354945,497.869384765625,17399400
2025-04-23,525.9832698458712,532.7604529479869,514.0311311645399,517.7630615234375,18173900
2025-04-24,516.2305527386591,531.327501952741,515.0064987584616,530.5811157226562,13910000
2025-04-25,544.1651677352489,547.2104203356789,533.6660162993873,544.6329345703125,17098900
2025-04-28,552.9625978702912,555.7988405135861,537.9851302140396,547.0910034179688,15179000
2025-04-29,543.3690983377817,553.8881740688888,541.4981522607771,551.7684326171875,11835000
2025-04-30,535.8057152188378,546.454108106064,526.9485760464694,546.3546142578125,29244000
2025-05-01,589.2270710866627,590.0928741199751,567.7510376168162,569.4528198242188,31159000
2025-05-02,580.6485914612911,601.4279850243998,575.5433057566704,594.1432495117188,24739300
2025-05-05,588.3711864956578,600.3034638901578,585.2164780987113,596.3824462890625,13887700
2025-05-06,589.6749204940905,593.1580557272168,583.7535784495642,584.4800415039062,10600700
2025-05-07,587.5153323507782,600.1740725426264,583.8431102074584,593.9342651367188,13139100
2025-05-08,603.3686118483918,608.3544812296859,593.7452230797331,595.1285400390625,14622800
2025-05-09,600.8109394870412,604.0452793268493,588.8588608245773,589.6350708007812,10427300
2025-05-12,627.8798729663799,637.304273026421,618.0375744395401,636.348876953125,21965100
2025-05-13,642.4294524194285,657.7353489578065,639.7325493918635,652.8689575195312,18570800
2025-05-14,658.0240447599658,659.4769710154076,651.1572674532061,656.1829223632812,12348200
2025-05-15,651.1273156430934,654.142683700188,635.502955512594,640.7774047851562,14341800
2025-05-16,634.8859798905997,637.3540104501689,623.1328893923761,637.2545166015625,18519000
2025-05-19,625.2228121555676,639.9017400971427,624.7749683074427,637.3441162109375,9592400
2025-05-20,632.9453156138306,636.2691873891446,629.2133854600481,634.030029296875,6743500
2025-05-21,628.7457208451116,643.4943184994929,627.133531615865,632.4378662109375,11464600
2025-05-22,630.9948695596787,640.1505522570792,627.6709970926863,633.5027465820312,8228400
2025-05-23,620.9933209399371,629.4026176425451,619.649850070868,624.03857421875,8454100
2025-05-27,632.3481771649191,639.981262122007,629.7010214066802,639.2249145507812,9508400
2025-05-28,639.5035627304547,647.7436941279635,639.4538158071571,640.4788818359375,9042900
2025-05-29,648.5100680358424,650.1720041827151,636.4185881552338,641.9418334960938,8858800
2025-05-30,639.4041102133804,646.280787614279,629.7309752425916,644.3700561523438,16241000
2025-06-02,641.2849672699225,670.0158498921635,641.155588826551,667.667236328125,15766300
2025-06-03,668.2146512733183,672.3247558564644,661.825602850503,663.6367797851562,11585000
2025-06-04,666.094954830811,685.680121401359,665.3485686318982,684.6351928710938,14031900
2025-06-05,688.3270996968248,691.0340245301102,678.9624700026228,681.321044921875,13083100
2025-06-06,692.8154651620004,699.4234846834818,688.5361970003321,694.3480834960938,11728000
2025-06-09,695.0944598989832,701.7920116440988,690.5962202918921,690.7156372070312,12773200
2025-06-10,697.9705747161678,699.841520940169,688.2277689443488,699.0155639648438,10850100
2025-06-11,700.3191821519877,705.454291870014,688.6556236044764,690.7952880859375,9582500
2025-06-12,689.9593955371676,692.0293902858825,683.6897635653489,690.0191040039062,7322700
2025-06-13,684.6351288995007,691.2232256070356,677.728566821259,679.57958984375,9274400
2025-06-16,696.4957433738915,704.2840574478909,690.6993236168908,699.2744140625,13720300
2025-06-17,699.1549233609281,703.108804504359,693.238994654824,694.4042358398438,10066100
2025-06-18,695.3503400453831,698.7465537027304,692.0836651620434,692.9501342773438,10068300
2025-06-20,697.9100487923474,698.975719664775,675.919516070965,679.5845947265625,22538600
2025-06-23,680.9191522618789,696.2168868594199,675.9991705997772,695.6990356445312,11080100
2025-06-24,702.0331667197503,710.2995155017503,699.2644046004114,709.3135375976562,13823200
2025-06-25,710.429070970547,713.6758686004573,702.5212476934295,705.807861328125,9320400
2025-06-26,711.4648367192274,725.2686505067919,708.1682538746452,723.1473388671875,13964800
2025-06-27,723.5755683841301,732.4494310569042,722.9182092007885,730.65673828125,18775700
2025-06-30,741.5324738401788,744.8689334249254,731.2742298621163,735.0986938476562,15402100
2025-07-01,733.893576308325,734.7600455077777,712.4707423479545,716.3051147460938,13431200
2025-07-02,712.4309163210858,717.3807446486052,709.911140766825,710.6780395507812,9336700
2025-07-03,723.6651827300041,726.0754187289656,711.524583891452,716.0960083007812,8601700
2025-07-07,714.691699254539,724.053627417977,710.6183091744663,715.4386596679688,9457100
2025-07-08,718.6456443931926,719.9801796297307,711.9130314453001,717.749267578125,7770700
2025-07-09,719.7909541909909,734.540991050286,719.7909541909909,729.8102416992188,11418000
2025-07-10,728.5851323649385,732.8179077927571,716.6835516515143,724.2926025390625,9913600
2025-07-11,719.5718788034793,722.2210717075307,706.8237663261808,714.6021118164062,10873900
2025-07-14,714.6916780207232,725.0495530943306,713.6459456305495,717.9982299804688,8939400
2025-07-15,720.9662434931772,721.5338799362771,706.9432890972288,707.510986328125,11529500
2025-07-16,710.4788478373293,711.0763918410653,696.4360166593995,700.0612182617188,13067600
2025-07-17,701.5352245721698,703.0391144882735,694.2847001730921,698.5672607421875,11803300
2025-07-18,699.3441029750284,701.8539091420688,688.846842328649,701.4256591796875,12779800
2025-07-21,703.935467146971,714.094140720639,702.8997039450122,710.0804443359375,9404400
2025-07-22,713.2874984053531,713.695810051256,698.5673681499907,701.95361328125,8921100
2025-07-23,703.5072478245529,711.7337817619899,702.0730813658738,710.6880493164062,8771600
2025-07-24,714.1439574655813,720.687338137739,711.1063305361163,711.903076171875,10920800
2025-07-25,714.0144936743148,717.7294182953093,709.0148797574245,709.7916870117188,8271700
2025-07-28,712.3014133389165,721.8027272596609,709.7916070705808,714.7215576171875,8715700
2025-07-29,717.08203125,721.5338863492012,697.0734239369631,697.1630859375,13267000
2025-07-30,705.220260506502,705.6285721008213,688.3986981647392,692.3924560546875,27077300
2025-07-31,772.0582967543337,781.5695805434973,762.4075657653623,770.305419921875,38831100
2025-08-01,757.6468612584836,762.8955222277307,742.2893731188148,746.9703369140625,19028700
2025-08-04,756.9198601954741,773.7015459386386,755.336277425542,773.2235107421875,15801700
2025-08-05,773.3032507518016,779.956171055707,759.9077481452855,760.3659057617188,11640300
2025-08-06,766.8794027711585,770.5046654460572,757.3780876386139,768.861328125,9733900
2025-08-07,770.3552105915298,771.8591006297718,756.4717038209484,758.7424926757812,9019700
2025-08-08,759.658747758983,766.7797947505699,755.5056648409816,766.1821899414062,7320800
2025-08-11,766.9590730751903,770.3253796334465,761.5709644271586,762.76611328125,7612000
2025-08-12,769.8671766063835,790.4533879693125,769.2994794144802,786.7982788085938,14563100
2025-08-13,787.943722897786,792.2362532867143,775.0760401421516,776.9185791015625,8811800
2025-08-14,774.7273686839942,784.6171165223105,769.3791373875601,778.9601440429688,8116200
2025-08-15,780.9720282034339,793.0229651164598,777.6555069770899,782.047607421875,13375400
2025-08-18,771.9487538776341,772.6658066945315,753.4938227994072,764.260009765625,16513700
2025-08-19,764.0110784095028,764.0608636163238,746.323044855475,748.4344482421875,12286700
2025-08-20,744.5402806181255,747.1596267051697,728.0374276650272,744.6896362304688,11898200
2025-08-21,741.6918632286945,742.4786396352457,730.1388392043501,736.1045532226562,8876300
2025-08-22,736.2339614223348,753.8323905933418,731.4136114592857,751.7308959960938,10612700
2025-08-25,751.7608684647103,755.8044116418879,747.0898736921264,750.2470092773438,6861200
2025-08-26,747.7571485914523,751.8106610061906,744.9087541771366,751.0437622070312,7601800
2025-08-27,749.2510563210803,751.0935950889643,739.8294348400382,744.3510131835938,8315400
2025-08-28,740.9847476708056,749.9980580487584,737.7977043404688,748.06591796875,7468000
2025-08-29,742.2595260689985,744.1119731912547,732.3697173104384,735.7061767578125,9070500
2025-09-02,723.0974888358023,733.0171449086611,718.8049588018843,732.1307373046875,9350900
2025-09-03,733.0171338161767,737.2499093850881,731.015270232833,734.0628662109375,7699300
2025-09-04,745.53621296405,758.0751543418567,742.7973581267053,745.6159057617188,11439100
2025-09-05,749.5698067054846,754.8782225138488,742.0106011970698,749.4005126953125,9663400
2025-09-08,752.9361155888886,763.40353083721,748.9722650144703,749.2510986328125,13087800
2025-09-09,754.4200531631994,763.1943457772385,750.3765098642984,762.5968017578125,10999000
2025-09-10,762.0291033400259,762.5968005514799,747.9563642207584,748.932373046875,12478300
2025-09-11,751.5915523569047,754.0315742808393,745.336974982777,747.8567504882812,7923300
2025-09-12,745.6954665297907,754.4996658033361,740.7456385293333,752.5277099609375,8248600
2025-09-15,754.4000905423925,770.9328504065699,748.942319380906,761.600830078125,10533800
2025-09-16,763.8915286963957,778.1933163916536,761.9992046361366,775.8428955078125,11782500
2025-09-17,776.8288860861533,780.1154998547986,763.2043349956956,772.576171875,9400900
2025-09-18,777.5857421327424,785.5832269744436,770.2256780600211,777.0877685546875,10955000
2025-09-19,783.2327349405688,787.5949882886124,766.072585123962,775.225341796875,23696800
2025-09-22,779.2068217271558,783.0737097074955,761.8855723964391,762.5732421875,11706900
2025-09-23,766.6494677320859,767.994879580523,748.5309344746781,752.8463134765625,10872600
2025-09-24,754.9392103751906,758.5369918811637,749.9860410574281,758.0885009765625,8828200
2025-09-25,750.9029260320356,754.2117098581863,742.0329887223263,746.3782348632812,10591100
2025-09-26,747.4645893513656,749.3880575951708,734.8573289461095,741.2357177734375,9696300
2025-09-29,746.1888021735474,748.2418964072087,736.6512086302703,740.8868408203125,9246800
2025-09-30,739.7407284541446,740.4582652037509,723.8446373138524,731.8973388671875,16226800
2025-10-01,719.050911987213,719.4096803677126,707.7991010033351,714.9149780273438,20419600
2025-10-02,720.1373033168862,725.3097607250153,715.7123105005168,724.5921630859375,11415300
2025-10-03,727.1633750572937,728.5287386889415,707.7791166979599,708.1578369140625,16154300
2025-10-06,702.8060849901855,714.456569002901,688.1757185011091,713.2406616210938,21654700
2025-10-07,715.2936403041813,716.0710326272052,703.3641353885179,710.6693725585938,12062900
2025-10-08,711.0382167719541,717.2172700317816,705.4172680165016,715.4133911132812,10790600
2025-10-09,715.8517801132227,731.0302734375,710.0314963104157,731.0302734375,12717200
2025-10-10,728.4490335307075,732.784364410351,702.1283419878271,702.9156494140625,16980100
2025-10-13,710.5995481500918,717.5061127097006,705.2477072901073,713.2804565429688,9251800
2025-10-14,705.3872795195668,713.1309705798873,696.9658337653736,706.2543334960938,8829800
2025-10-15,714.6359337847463,721.45283752448,707.1114691724935,715.124267578125,10246800
2025-10-16,715.1242355877501,723.0373960268438,701.5004654735715,709.6627807617188,9017000
2025-10-17,704.6896374063629,716.1108563950927,703.7328609179003,714.496337890625,12232400
2025-10-20,718.7519023248905,731.289390620618,717.7453070615727,729.6947631835938,8900200
2025-10-21,733.5319023498442,736.0034992395473,726.286459134489,730.7911987304688,7647300
2025-10-22,731.3492880397093,738.0963605372498,721.5824293281937,730.9306640625,8734500
2025-10-23,732.2162614456487,739.900157838395,730.6216339604061,731.5186157226562,9856000
2025-10-24,734.2991918313108,738.7042934120783,728.6783045992579,735.8638916015625,9151300
2025-10-27,747.195457385242,753.1951257515892,745.4813011827554,748.2817993164062,11321100
2025-10-28,750.0856376808406,755.8361508831443,742.9996885933356,748.899658203125,12193800
2025-10-29,752.1985111114485,756.5935760115584,739.9998990805568,749.12890625,26818600
2025-10-30,666.887912533529,678.6579855089774,647.9720344844721,664.2169189453125,88440100
2025-10-31,672.22980228556,672.6085225469975,643.3876326547638,646.158203125,56953200
2025-11-03,653.7823467127146,657.1011064498967,634.0293422915395,635.55419921875,33003600
2025-11-04,625.9168165443936,639.5705142822006,623.8937108241939,625.1992797851562,27356600
2025-11-05,630.1724007040705,640.0588479681868,624.4218873891514,633.8001098632812,20219900
2025-11-06,633.7004019945108,633.8499192315176,615.9107705740217,616.8475952148438,23628800
2025-11-07,614.4058914069517,620.0268394880455,599.1676024999227,619.6082763671875,29946800
2025-11-10,628.9565496273584,632.8533046281837,616.0203887455347,629.624267578125,19245000
2025-11-11,625.8769557835792,627.431679546322,617.29607772438,624.9600830078125,13302200
2025-11-12,626.0065293511232,626.8636074098682,605.7153735895874,606.951171875,24493300
2025-11-13,610.9974896015757,615.5620236854409,600.9615245048305,607.8282470703125,20973800
2025-11-14,599.7555439005879,611.6053627125183,593.1878563697925,607.399658203125,20724100
2025-11-17,606.980994504603,609.6220599721263,593.3871535288397,599.9747924804688,16501300
2025-11-18,589.6000552799869,601.6192836786712,581.8065445386262,595.6694946289062,25500600
2025-11-19,591.7128714929664,593.3174750396417,579.2850561317264,588.3244018554688,24744700
2025-11-20,601.4597887996167,604.6688739678727,581.3778841958236,587.1583251953125,20603000
2025-11-21,586.5105272163902,596.0980011467227,579.8929596850738,592.2410888671875,21052600
2025-11-24,596.6959653725695,614.6152243710839,595.6096842408232,610.9775390625,23554900
2025-11-25,621.8904333417628,634.8963028348302,616.2096912560512,634.069091796875,25213000
2025-11-26,635.5341804250853,636.2018983414315,629.4946697427255,631.4679565429688,15209500
2025-11-28,633.9296546389559,645.8591590880771,633.3515983825566,645.759521484375,11033200
2025-12-01,637.3878244409318,643.1383369359702,635.6038978950446,638.703369140625,13029900
2025-12-02,640.1684965318557,645.6797698761368,635.9129124654792,644.912353515625,11640900
2025-12-03,642.2314810232181,646.6564735939825,635.3946865356451,637.437744140625,11134300
2025-12-04,673.7146932031604,673.8143308084973,657.8186021075292,659.2936401367188,29874600
2025-12-05,661.7552947151958,672.4091587454953,660.1507520483126,671.1434326171875,21207900
2025-12-08,667.0772284693074,674.4223082782987,662.8216443414645,664.5457763671875,13161000
2025-12-09,661.5260500954003,662.2336109084633,651.1313175008097,654.7390747070312,12997100
2025-12-10,647.7528057448357,652.297387877758,641.2249606939789,647.9321899414062,16910900
2025-12-11,641.1152803360264,653.0647981949571,638.6337077300913,650.5034790039062,13056700
2025-12-12,647.603240055161,708.5963563082138,636.4510671197735,642.0520629882812,14016900
2025-12-15,644.0420011784053,651.3232442601446,637.0599755890928,645.8473510742188,15549100
2025-12-16,641.8476117575357,660.8386986647098,641.5483942773906,655.4625854492188,14309100
2025-12-17,653.9265104909302,659.5320745885969,647.5329968709444,647.8322143554688,15598500
2025-12-18,655.3429659472675,668.8381931582612,654.774422237226,662.743896484375,20260300
2025-12-19,664.7087499822148,669.2770065062657,656.4899183910027,657.0784301757812,49977100
2025-12-22,659.9510307809619,671.850389464676,654.9638698467097,659.8013916015625,15659400
2025-12-23,658.3550860644432,664.2898196014329,656.5597203493141,663.2325439453125,8486800
2025-12-24,660.8288686174008,666.4643247360839,660.4996989036335,665.8359375,5627500
2025-12-26,666.3445631389869,667.2322924211887,659.6218797502219,661.5867919921875,7133800
2025-12-29,656.3204105957403,658.5546491157273,652.7097106878265,656.9986572265625,8506500
2025-12-30,656.9986226731097,670.4938487731155,656.1508296487782,664.239990234375,9187500
2025-12-31,663.0430880640301,663.2924461264837,657.7467252526537,658.3950805664062,7940400
2026-01-02,661.0283027009447,662.6840744459444,641.8476986467276,648.7399291992188,13726500
2026-01-05,649.3383972038786,662.8336242718107,646.086758236235,657.098388671875,12213700
2026-01-06,657.8764143393763,663.8111485640529,650.2261258196658,658.9237060546875,11074400
2026-01-07,653.9565196013041,657.4575166710536,643.1543108814861,647.0243530273438,12846300
2026-01-08,644.2215315163064,645.438369611356,634.0875860000896,644.4010620117188,11921700
2026-01-09,643.7826283039087,653.2682180705046,641.1992521727667,651.383056640625,11634900
2026-01-12,650.8545379312607,652.2907820220081,639.5835040655014,640.3215942382812,14797200
2026-01-13,640.6208286715078,640.6208286715078,622.4974409136,629.4695434570312,18030400
2026-01-14,624.8913007155408,626.836305766559,613.2412994138377,613.9395141601562,15527900
2026-01-15,616.8918824768537,622.567274451088,612.6527953870184,619.2059326171875,13076100
2026-01-16,622.5772500418334,627.4646923832119,618.4878021974878,618.6573486328125,17012500
2026-01-20,606.3191417499893,609.8301228712422,598.4593704807342,602.5687866210938,15169600
2026-01-21,605.1820479992876,616.6824713366042,598.5391758430108,611.3861083984375,14494700
2026-01-22,627.7339506004921,658.8738165275513,624.9411525277235,645.967041015625,21394700
2026-01-23,643.1144139511335,664.7786132883346,642.7952283244125,657.0684814453125,22797700
2026-01-26,663.4221291072672,673.546090976127,659.5919624126628,670.633544921875,16327400
2026-01-27,672.8578395915863,675.0820939991542,662.9532839044604,671.241943359375,13297400
2026-01-28,672.768020673078,675.9398477720257,664.3895658196245,667.0128173828125,25709600
2026-01-29,735.536439340887,742.0895763731422,710.7203206800697,736.4141845703125,59852900
2026-01-30,725.6319102189462,730.2899014488934,711.7576553956329,714.66015625,23744600
2026-02-02,712.7649799285471,719.4477874144414,701.7134756957726,704.5960083007812,14365200
2026-02-03,705.5535728195721,715.1588492636382,684.6473731061755,689.923828125,13760700
2026-02-04,685.964025393825,687.0612373376343,665.7461161570209,667.2721557617188,16882800
2026-02-05,661.876033741038,679.7500005691794,651.8219007658969,668.489013671875,17131800
2026-02-06,663.7811558190369,670.2644652243433,644.8399277739295,659.7615356445312,18159300
2026-02-09,661.4770916291903,681.5554070660584,657.0884263930592,675.4810180664062,14837500
2026-02-10,675.8600805746455,678.9022976953746,668.0701369952135,668.9977416992188,10455800
2026-02-11,672.2693241407737,677.5258114827353,655.4126950742984,666.9729614257812,14323800
2026-02-12,668.2496249159107,674.2641703314905,643.6230822268304,648.1414184570312,14960100
2026-02-13,643.4435284294337,649.7572916993954,632.9405983581432,638.1272583007812,12336400
2026-02-17,637.8578591323172,640.9498744421038,627.1853229648948,637.6483764648438,12674700
2026-02-18,632.1725042393389,643.3437568439427,626.5370489428796,641.5682983398438,14649200
2026-02-19,636.9302530675583,645.5281132997313,635.0849670695593,643.1243286132812,10035700
2026-02-20,638.0474161403351,661.6466355641227,637.1397796110642,653.9763793945312,14183500
2026-02-23,650.8643633551039,656.0111474209717,634.3668572540702,635.6136474609375,8605900
2026-02-24,631.4543872367445,639.4637360573605,627.364878734925,637.6583862304688,10135600
2026-02-25,640.8801577475739,652.200989167557,640.4911445683953,652.011474609375,11330700
2026-02-26,648.8795635426123,659.3027431401059,645.8374072363367,655.322998046875,10637700
2026-02-27,641.7977899641362,647.7723993687464,636.4814590544522,646.515625,15703000
2026-03-02,635.5238627543893,658.2453970983619,632.870719934867,651.8817749023438,9816100
2026-03-03,646.6252847330551,657.3476806461185,637.199599354082,653.3978881835938,12263800
2026-03-04,656.2705097002453,671.0424780902056,655.9812154011644,666.015380859375,10810100
2026-03-05,660.2303336051802,668.9778340733714,648.6401755256248,658.8738403320312,13341400
2026-03-06,646.2363343546218,647.8022493056128,634.4765699796501,643.2041015625,13159400
2026-03-09,633.1501152642575,646.0867831911829,625.1706567300553,645.7277221679688,13489700
2026-03-10,651.881802754218,658.6044862124207,647.3335142418318,652.3905029296875,9859300
2026-03-11,653.0786868976891,657.4274764783338,646.695096760678,653.1784057617188,8977200
2026-03-12,647.084125187776,651.8219280311547,635.2645782351397,636.541259765625,11617500
2026-03-13,622.2879460132801,627.554356001348,607.9847424867846,612.1340942382812,18957600
2026-03-16,630.9168848948667,633.6621719731276,622.0321132511823,626.3746948242188,15134900
2026-03-17,626.9137783313067,635.4591062750881,620.634579694285,621.5928955078125,10348800
2026-03-18,615.2837809831337,621.5829648535273,613.5567043186309,614.6248779296875,11726300
2026-03-19,611.1009505532863,611.9494694911245,601.2278849458298,605.6602783203125,13247700
2026-03-20,602.4957192983555,602.9249750667714,586.2435901825164,592.642578125,21214900
2026-03-23,604.7517959610541,607.5969482872343,597.9834469761715,603.0247802734375,13638000
2026-03-24,598.0732713770465,599.9700396349708,589.9871770786485,591.9038696289062,10739700
2026-03-25,597.7138608396341,602.6354044215132,592.3830467312241,593.8704833984375,12585000
2026-03-26,581.4916747262954,582.0008103985165,542.4187412024525,546.6015625,35780100
2026-03-27,539.1743295527585,542.6683311056884,519.368366299545,524.8189697265625,30133000
2026-03-30,535.4607543945312,538.6253045735799,527.6341638126921,535.4607543945312,22795200
2026-03-31,549.0374119135495,572.7067990959439,545.8329522821889,571.1494750976562,32898300
2026-04-01,579.1357866530213,591.5344843799961,572.8366030750008,578.2373046875,23608100
2026-04-02,565.0699110449033,577.5085793033603,558.7408105198895,573.4755249023438,13518500
2026-04-06,576.6999432469056,581.7911783704857,571.0196924702504,572.0379638671875,9515700
2026-04-07,571.4988503418972,574.2441373249518,563.7921103124964,574.064453125,9580800
2026-04-08,604.9614419693103,628.8704088339113,590.8157434643455,611.3704223632812,32036600
2026-04-09,625.8955000086161,636.4074834525468,621.9323328485281,627.3131103515625,19012900
2026-04-10,633.3826022362973,637.4856047359222,623.2600266965629,628.780517578125,13294800
2026-04-13,628.4212176827168,633.9117922613585,623.3299819911093,633.442626953125,9538900
2026-04-14,642.117619704398,665.1181727259973,638.2742422102883,661.3546142578125,17818000
2026-04-15,665.856909197143,677.3372007350248,663.081644256971,670.4290771484375,14952600
2026-04-16,674.831464225754,676.4187660594131,666.605595861725,675.7099609375,9544800
2026-04-17,677.4369744478516,690.3348757077041,673.9729506648888,687.3699340820312,16283500
2026-04-20,680.192296240317,682.2088539380842,666.8552067290691,669.7601928710938,12534000
2026-04-21,669.8500580611455,675.0411586256739,666.1863646700106,667.6937866210938,8660100
2026-04-22,673.2042912464699,677.2174214115423,668.6022063234784,673.5636596679688,9215600
2026-04-23,662.562575853328,668.412518474367,651.9308032468797,658.0203857421875,11667000
2026-04-24,659.1883568751083,679.5034568571632,652.719481738207,673.8731689453125,13348300
2026-04-27,669.8500343121515,681.330325511242,669.6903353309991,677.4569702148438,12805200
2026-04-28,673.0844464119266,677.0176962940845,664.489217253305,670.189453125,10606800
2026-04-29,667.7636045616339,673.0944797535534,662.6723692427279,667.9732666015625,18947500
2026-04-30,618.2586017744245,619.7859479396749,598.9717055442339,610.8612670898438,52765000
2026-05-01,613.6365485572411,617.8193701850194,605.0712358749745,607.7067260742188,21404000
2026-05-04,606.8981537761392,612.9477660987843,601.7170456287333,609.3638916015625,16203900
2026-05-05,612.2588828439087,613.2970785161436,599.3310648754198,603.9232177734375,17171300
2026-05-06,600.0199080772063,618.8875416216711,597.0749516023062,611.8296508789062,19915500
2026-05-07,613.6664238202088,623.9088493168618,612.4884534922683,615.7528686523438,12307400
2026-05-08,614.1456663784968,615.7129829832094,605.0213161255829,608.585205078125,13557000
2026-05-11,603.533915527778,603.8732987260729,597.0550476209405,597.8336791992188,15940600
2026-05-12,593.8006394881057,602.7153284632744,591.5844123107358,601.9666137695312,11351600
2026-05-13,597.8037594995824,618.837657653709,595.6374345129168,615.5732421875,14634400
2026-05-14,614.944289073115,622.6610217742586,613.9460028895547,617.3701171875,10651200
2026-05-15,612.9377892034477,620.135455286475,608.2658166797805,613.1773681640625,13272600
2026-05-18,608.0660990208263,614.5350350972873,602.6554048207697,610.1625366210938,13772400
2026-05-19,607.8764543920544,612.8778783201094,599.5208032426234,601.5772705078125,11749900
2026-05-20,599.7304526335664,606.9580352784536,596.7854960328639,604.0230712890625,11329700
2026-05-21,598.9716935873996,608.5552163125774,593.7905860006466,606.3390502929688,13476100
2026-05-22,606.838246230648,613.7563625825306,605.9098473363839,609.2141723632812,11688600
2026-05-26,607.8464888599174,613.4168818935308,604.2626146519137,611.2905883789062,12234200
2026-05-27,608.3556581766634,637.4057633477772,607.9563193089997,634.1713256835938,23143600
2026-05-28,638.4040398455469,641.8980416273442,628.2315007921775,634.2012329101562,16772400
2026-05-29,632.4143189973911,633.4126052152244,622.281689514161,631.426025390625,19806500
2026-06-01,629.3196151062037,634.6604216515384,598.5025264432778,599.4408569335938,29138800
2026-06-02,602.2061447656582,607.8364934375654,595.6573898697867,596.6057739257812,18252000
2026-06-03,601.9666135784172,623.0803923074952,599.2413115918356,621.912353515625,23020100
2026-06-04,622.601105447702,641.2990464500883,621.3632403719068,626.4944458007812,21469200
2026-06-05,622.3915867034917,628.0718380797523,581.9110292634388,591.9837646484375,30091600
2026-06-08,590.9854370177134,590.9854370177134,578.2273099921849,584.3867797851562,19512400
2026-06-09,589.9871222602228,596.6057643945405,580.0142532419713,583.588134765625,16977400
2026-06-10,579.7347558037309,590.3066340250939,569.6221111934292,570.00146484375,17064000
2026-06-11,564.8602908302337,571.1893911411966,556.0553993401948,567.455810546875,17628000
2026-06-12,571.9680395129554,575.0826873049916,559.938704060897,566.0082397460938,14326400
2026-06-15,579.4427159724761,600.795858737961,578.8431525395191,593.011962890625,17653300
2026-06-16,593.1818700134238,605.3322537623429,591.5331468141493,599.7366943359375,11344400
2026-06-17,591.5331725816898,593.3417428489197,565.7435277503374,567.1324462890625,20478300
2026-06-18,572.3682769745303,579.7624046842873,562.6559105294999,576.7647705078125,28824600
2026-06-22,571.5689356803741,575.3559250048318,559.3685422933314,563.4053344726562,15405500
2026-06-23,561.8066012038755,571.7487666818112,560.5775907162,561.7566528320312,13103300
2026-06-24,561.4469285838474,568.591253761232,555.1119012433646,557.230224609375,13963600
2026-06-25,555.1118879211193,555.9013039685537,539.7540133926082,542.44189453125,16968600
2026-06-26,542.9115767800729,556.4108722579447,539.9738926737891,549.8161010742188,18867700
2026-06-29,559.5583857816937,570.4498144711828,557.5599629753306,562.1563110351562,15011400
2026-06-30,560.4976417791106,565.0939897966132,550.9951316644288,562.8457641601562,18111100
2026-07-01,607.4305787144307,627.784571153574,594.6306830487989,612.4266357421875,45536300
2026-07-02,607.4206544757068,609.5189740900589,579.9622828274885,582.4403686523438,21705900
2026-07-06,594.3709360150443,603.1040338931904,581.301233826573,599.8165893554688,17674100
2026-07-07,607.1109147253509,624.8768626804635,603.1839600389557,615.0946044921875,18560800
2026-07-08,613.9055418180343,615.5142576272189,597.5384532703483,602.6444091796875,13606500
2026-07-09,583.529455055522,632.77062206454,576.6149292518581,630.9819946289062,26579700
2026-07-10,659.8193113874754,677.3254544051542,657.491131647921,668.6823120117188,40608900
2026-07-13,660.858454671636,676.0864269737083,653.6841239854351,656.2120971679688,19840700
2026-07-14,651.4858277274717,665.9743929146624,648.5381419230179,660.5186767578125,16748200
2026-07-15,663.0767089741589,685.5390243545221,656.1421789132482,680.7727661132812,19003400
2026-07-16,676.7459348014426,681.3622866487058,659.6393793096187,664.0159301757812,15816000
2026-07-17,647.1892801723585,651.68573177941,625.5063791142821,645.5006103515625,22267900
2026-07-20,646.1900645769782,652.784835830389,635.5084916103011,645.3406982421875,10225200
2026-07-21,653.664124760039,655.3627963853286,642.6928027946103,643.3023071289062,9140500
2026-07-22,647.189254956408,648.4882176170956,623.5079318845419,626.6754150390625,11019600
2026-07-23,607.9301851876114,614.1653155952538,596.7490071058414,605.6220092773438,15494800
2026-07-24,604.8226548171024,609.4989569016461,593.9812354037057,594.7206420898438,11503500
2026-07-27,606.7411202287035,610.7779733376527,592.6622656813121,593.4016723632812,11195300
2026-07-28,596.3493616660036,600.5260580457825,586.5370982909723,592.9420166015625,12009300
2026-07-29,592.7821833537371,599.4968549179539,581.7608519604674,585.148193359375,22371100
2026-07-30,525.58522592167,539.4542858116451,524.0764068649972,538.60498046875,42271500
2026-07-31,543.171288392182,557.8897136701136,539.7939490076644,556.27099609375,24261500
2026-08-03,561.7966164985271,597.0488245114987,558.9188827428958,589.7745361328125,25938100
2026-08-04,581.0414552494501,592.32253050782,577.794018053301,587.4763793945312,17959200
2026-08-05,599.9865089938204,600.5260612032997,579.6625219517506,588.3057250976562,14897200
2026-08-06,586.487189429669,594.8405827519979,585.5379263278069,589.4348754882812,11811500
2026-08-07,585.1781899072663,598.2678350979388,585.1581861630435,591.633056640625,11250300
2026-08-10,598.657568915248,607.7304260788247,591.5631919202813,594.4508666992188,14967300
2026-08-11,597.5284100969216,611.9470231090784,592.9320621063698,598.6475219726562,13146900
2026-08-12,600.5960026412422,604.023290419805,577.7540447074138,578.3934936523438,16186900
2026-08-13,580.2520897369063,595.380104391766,578.9331233348041,594.5007934570312,11164200
2026-08-14,596.5092089028919,601.3853654698224,588.8252707092146,589.3848266601562,8758000
2026-08-17,589.2849441761664,589.774548021712,564.3046582848494,568.5213012695312,17225600
2026-08-18,557.0403796583744,560.2178647510921,542.7816737373303,543.2412719726562,27094900
2026-08-19,540.9131223962278,553.6330639150415,536.8463247077087,545.5994262695312,16971700
2026-08-20,546.5187091013889,549.5562899225255,538.8847190657524,545.3995971679688,13872200
2026-08-21,546.4587335768297,553.4332095869578,542.8015857242297,549.4663696289062,13848000
2026-08-24,549.7661710202622,560.9772946036173,545.8692218355393,558.5792236328125,12990600
2026-08-25,563.4353464162,570.3498724402046,560.9573215839381,569.6004638671875,9769100
2026-08-26,589.8444773654404,592.8721171723366,561.4369046651577,575.6856689453125,31416300
2026-08-27,576.0253592943615,587.926001033879,567.1723610665189,570.6495971679688,15221400
2026-08-28,571.0992793335739,588.7253835559844,570.5497252457161,577.564208984375,16042400
2026-08-31,577.1744781551006,578.2236379136884,568.6911832402849,571.888671875,13383800
2026-09-01,557.9096596695957,584.4887194481862,555.6614340241316,578.083740234375,15796900
2026-09-02,578.3335366296732,599.9065373056851,576.5449702025707,592.3824462890625,16552700
2026-09-03,604.0133041368691,618.9715308723809,603.8733999005765,610.1984252929688,19737100
2026-09-04,611.8670721034152,616.9730886717387,604.7926993516937,616.2836303710938,15966200
2026-09-08,615.7241045276966,624.3072966603136,609.2591747857786,612.9962158203125,18909700
2026-09-09,648.1284941622514,657.3411939542544,638.056426220049,653.1744995117188,35900700
2026-09-10,653.1945472302951,662.9768054946985,641.6336632885306,643.8718872070312,21531900
2026-09-11,652.9947023490145,663.716221985592,645.6904688887529,647.51904296875,16925000
2026-09-14,657.311302577125,668.072768706455,648.708045415434,665.0751342773438,19332300
2026-09-15,658.7801108800835,678.3346866933342,655.6825797136325,669.7114868164062,19502800
2026-09-16,679.3738238485387,684.7695900234191,671.3801323225093,672.779052734375,17217800
2026-09-17,681.9018750257407,682.6612854975235,666.5239959332205,681.77197265625,15928000
2026-09-18,688.0769980771287,689.6058209010791,660.278927643704,665.2250366210938,27596400
2026-09-21,680.2999877929688,753.0,679.5999755859375,741.25,48720500
2026-09-22,731.4000244140625,757.27001953125,730.0,736.5999755859375,28122100
2026-09-23,747.5999755859375,763.9000244140625,739.510009765625,744.0999755859375,30829200
2026-09-24,744.3599853515625,779.8200073242188,743.010009765625,777.5900268554688,34808500
2026-09-25,768.8499755859375,769.5700073242188,746.5399780273438,751.6599731445312,25826700
2026-09-28,750.0399780273438,750.5800170898438,713.1900024414062,715.6199951171875,27943100
2026-09-29,725.0,740.4500122070312,715.0999755859375,738.7899780273438,23591100
2026-09-30,730.27001953125,738.25,721.2999877929688,725.1799926757812,19293000
2026-10-01,728.530029296875,735.8800048828125,721.510009765625,725.9299926757812,12408400
2026-10-02,733.25,741.5800170898438,726.2000122070312,728.0800170898438,12964100
2026-10-05,727.7100219726562,746.7000122070312,727.1199951171875,741.9000244140625,15215300
2026-10-06,746.7999877929688,747.5999755859375,736.6900024414062,738.8800048828125,12108921
