date,open,high,low,close,volume
2019-01-02,144.01410329896203,148.55418089132291,143.90918483624407,147.72438049316406,58576700
2019-01-03,145.5497537897727,146.17925015782797,142.58343789843747,142.898193359375,74820200
2019-01-04,145.3017610220518,149.746468615269,144.72949025645121,149.0120391845703,74709300
2019-01-07,149.38404663099533,151.52056237276977,148.89761421134338,150.7861328125,52059300
2019-01-08,152.16910517649836,152.7127776606438,149.9372187289762,152.15003967285156,49388700
2019-01-09,152.74140834426683,154.057655940908,152.10236460564542,153.38999938964844,46491700
2019-01-10,152.2263747652003,153.91458905480843,151.36794665916435,153.82875061035156,38943400
2019-01-11,152.9225772532009,153.42808949885367,152.40751770423873,153.2659454345703,30176600
2019-01-14,151.9687856659347,152.56968365064785,151.26296921649092,151.91156005859375,30710200
2019-01-15,152.60783766859092,155.08772085223254,152.52199925281855,154.8778839111328,40874200
2019-01-16,155.1354323129427,156.21323005403835,154.79206402265334,154.84930419921875,33812200
2019-01-17,154.35330343666539,156.76641389119584,154.1053209207447,156.0701446533203,39329000
2019-01-18,157.16702390092166,158.34974009478702,156.25138486048795,157.6153106689453,57183200
2019-01-22,156.48025531821528,156.55656098160463,153.33271583403646,154.4582061767578,56711700
2019-01-23,155.24987360136063,155.9556755755417,152.91306886735308,154.65850830078125,38106100
2019-01-24,155.16405449624105,155.88895123831392,154.5727036203997,155.6600341796875,32417800
2019-01-25,156.90948188882209,157.99681226117752,156.37535673100805,157.51991271972656,36515900
2019-01-28,155.48838029800257,155.58375150450294,154.2770510002407,155.57421875,33491200
2019-01-29,155.6600295088488,155.6981896277189,153.55214138663968,154.1053466796875,30784200
2019-01-30,155.85079054951714,158.59773702772296,155.3643581747605,158.02545166015625,41346500
2019-01-31,158.99833109918475,161.18253951856764,158.77896134808628,160.39088439941406,37258400
2019-02-01,159.59920233169595,160.81053124237906,159.27491413633797,159.71365356445312,32143700
2019-02-04,159.74224945898837,161.69754028320312,159.59918543318966,161.69754028320312,26718800
2019-02-05,161.91690610976403,163.31899174439945,161.85014775059034,163.12823486328125,28156400
2019-02-06,163.16646879649306,163.45259697072058,161.90744661459718,162.64187622070312,27970000
2019-02-07,161.22066857074765,161.6212624658246,159.23676459954268,160.45762634277344,42036200
2019-02-08,159.05554323878317,160.80099745414918,158.87433362295803,160.7723846435547,29020700
2019-02-11,161.35414964828067,161.74521066955154,160.2191266885906,160.61972045898438,21434100
2019-02-12,161.7929237388512,163.23315494240134,161.5067811374405,162.9947052001953,29722100
2019-02-13,163.71962278519115,164.20606967953384,162.92798227624914,163.10919189453125,26094100
2019-02-14,162.52734134684565,163.89128146442448,161.9836834929647,163.30946350097656,30326800
2019-02-15,164.549451652602,164.58759721914478,163.2332040226397,163.99624633789062,32521700
2019-02-19,163.49074065239117,164.81652109031685,163.46212783784634,164.32054138183594,19487700
2019-02-20,164.43493413901382,165.08352499686626,163.40484407423025,164.2918701171875,32593000
2019-02-21,163.85310781283238,164.30139446338114,162.82301780073774,163.6909637451172,25207400
2019-02-22,164.04393028817512,165.01679499722442,163.95807729893593,164.90234375,27735400
2019-02-25,166.16132797552842,166.59053460903525,165.3887385706351,165.50320434570312,32608800
2019-02-26,165.1026103220529,166.19947333458484,164.82600046593498,165.6748809814453,21939700
2019-02-27,164.91185312077002,165.77028101470427,163.82452276484167,165.56997680664062,25162000
2019-02-28,165.05496051055565,165.77984268970548,164.7211249568114,165.18849182128906,25085500
2019-03-01,166.38071593665276,166.58100559583352,165.17891976629167,166.33302307128906,31431200
2019-03-04,167.4298682532665,167.66831800069863,164.50171292278506,166.3616180419922,38063500
2019-03-05,166.4856414794922,167.0006866073332,165.66537364343446,166.4856414794922,22319900
2019-03-06,166.64776164597535,166.67637445153284,165.27428876394416,165.54135131835938,27194600
2019-03-07,165.1217037718103,165.1789293920539,162.89935001149072,163.50978088378906,39407400
2019-03-08,161.67848499805746,163.3476334725752,161.51634089270553,163.2617950439453,39303200
2019-03-11,163.9390143335815,166.77179917684217,163.91040152133206,166.65733337402344,30518400
2019-03-12,167.09603754480796,168.0021436211751,166.69544373906092,167.57293701171875,33953500
2019-03-13,168.44090842879655,169.70944828546683,168.20245867991878,168.8319549560547,42426100
2019-03-14,168.94643125896084,169.14672091036007,168.49814453883297,168.54583740234375,23751500
2019-03-15,169.20397128524115,170.61560457187267,169.0895200391221,170.11009216308594,38192000
2019-03-18,170.03746074223938,171.03122536804142,169.69346753797063,170.51522827148438,32935100
2019-03-19,171.21278692956975,171.99633277743789,170.36236120071592,171.0885772705078,36893300
2019-03-20,171.0980961839602,172.81806211426408,170.31456505923165,171.7669677734375,50105000
2019-03-21,171.25097838747797,174.70046021032866,171.23186360560354,174.4520263671875,42428500
2019-03-22,173.6971392069168,174.16535657367788,170.43876158137485,170.6203155517578,70794500
2019-03-25,169.99922717092753,170.88786767962932,169.06279241815662,170.29544067382812,46336500
2019-03-26,171.61412453672304,172.6556543859343,170.2190367555253,171.0885772705078,33248100
2019-03-27,171.34654232354583,171.72875048947122,168.74748597039365,169.9896697998047,37096700
2019-03-28,170.4292036107696,171.0216305770358,169.3590091993712,170.3814239501953,30368200
2019-03-29,171.70008211917508,171.83385643256298,170.6489878137653,171.67141723632812,35205500
2019-04-01,173.43918519702754,174.15583658171408,172.73209849553507,173.94561767578125,30969500
2019-04-02,174.13671658022173,174.77692332812634,173.69716403224567,174.60491943359375,22645200
2019-04-03,175.58911580730492,176.69753996627193,175.06358319324838,175.6082305908203,31633500
2019-04-04,175.65598032171602,176.29618694744408,174.5284415714045,175.54132080078125,28530800
2019-04-05,176.04780417730916,176.55423664870492,175.8375852744306,176.44912719726562,25674700
2019-04-08,176.162427351247,177.04151777250735,175.46489090682536,176.898193359375,22697500
2019-04-09,176.29619913216462,176.87907603771086,175.9044263014863,176.27708435058594,25631900
2019-04-10,176.5064626164894,177.28044379259686,176.3153584933027,177.22311401367188,24563000
2019-04-11,177.51930940481628,177.51930940481628,176.47777964689013,176.8026580810547,20654100
2019-04-12,177.58617715950908,177.68172190679334,176.83129638033986,177.5670623779297,24989100
2019-04-15,177.5766493746053,177.79643295766797,176.4108953212556,177.59576416015625,21073000
2019-04-16,178.24556668514344,178.59912469693217,177.66268950928972,178.2073516845703,27195700
2019-04-17,179.4016959718589,179.5736852730449,178.3028365556854,178.828369140625,29651600
2019-04-18,179.12463371988053,179.43994750294138,178.00664471324322,179.0577392578125,28580900
2019-04-22,178.274199506785,179.63105766689597,178.14041058900872,179.5641632080078,17936000
2019-04-23,180.02280956563132,182.06765412547202,179.76482558278803,181.84788513183594,33665600
2019-04-24,182.00073742327982,182.23007105304592,181.21719179014164,181.2745361328125,24977100
2019-04-25,182.63142148130424,182.717416137806,181.0261149917315,182.01031494140625,29517500
2019-04-26,181.72359646405098,182.2109285305695,180.20429967146598,182.17269897460938,26359500
2019-04-29,182.17273304616398,182.81295429565574,181.87651954343855,182.5262908935547,21716200
2019-04-30,181.0547460453755,181.40830386766362,179.841227238454,181.11207580566406,31495300
2019-05-01,182.29695075526394,182.8129477767071,180.40499569735255,180.52920532226562,34797100
2019-05-02,180.47185244192065,181.40828704079027,178.5607828479394,179.7456512451172,44110100
2019-05-03,181.23633187738542,182.7460790117996,180.9114534584161,182.6123046875,30386200
2019-05-06,178.7327980572204,181.74272702699452,178.45568478350373,181.49429321289062,38371800
2019-05-07,179.5163746033558,180.28080559955401,176.30577608357018,177.9588623046875,58818100
2019-05-08,177.3759455478096,178.84746285686495,176.73573892384812,177.5097198486328,37165300
2019-05-09,175.53175463923606,177.16572570029467,173.9933428983536,176.55418395996094,55351700
2019-05-10,175.92353082200813,177.62438177564812,172.98048158372072,176.77395629882812,58526400
2019-05-13,172.27340683510025,173.20027699510698,170.14256776739242,170.6394500732422,67185800
2019-05-14,171.5376632908498,173.55384291221748,170.9070066327215,172.51229858398438,43360600
2019-05-15,171.37519182700547,175.3884355302837,171.33696226565968,174.94888305664062,40944500
2019-05-16,175.0253255952564,177.79638554887825,174.81510675117798,176.70706176757812,39281200
2019-05-17,174.9584216039611,177.32814374274412,174.74820278887597,174.9010772705078,44702300
2019-05-20,172.464544509365,173.12385151554648,171.36567033844398,171.94854736328125,38608300
2019-05-21,173.42959054534123,174.22268629030924,172.8753785339067,173.7449188232422,31613800
2019-05-22,172.77982794253646,173.97424656979,172.7129335008636,172.97093200683594,24332600
2019-05-23,170.98346405002442,171.05990861254506,169.2634978440837,170.3241424560547,45351300
2019-05-24,171.24141268709388,171.85295442860644,170.0278793039827,170.23809814453125,25903300
2019-05-28,170.7158745118306,171.6714094441745,169.57878560949246,169.597900390625,24763800
2019-05-29,168.5468129970841,169.1296899127641,167.30461461838667,168.20281982421875,42178800
2019-05-30,168.65189836267336,169.38766426804392,167.95436201566994,168.90989685058594,30354800
2019-05-31,166.92237197765604,167.4956840937872,166.13882646454888,166.21527099609375,45446200
2019-06-03,165.76621664220048,166.21531928280427,161.7434222405892,162.5556182861328,75842300
2019-06-04,164.38069895209682,167.18997442537776,163.7500422988484,167.1326446533203,47797800
2019-06-05,168.7283601539074,168.7570250354619,166.6261862181768,168.37481689453125,34412700
2019-06-06,168.661460704815,170.12342794193256,167.91614464590432,169.71255493164062,29913200
2019-06-07,170.6202984348865,173.68757168189856,170.40052950451013,172.99002075195312,45888300
2019-06-10,174.14626512069816,176.63066211503704,174.10805013353803,175.00624084472656,41385300
2019-06-11,176.83126263245475,177.15614095577027,174.65264451799231,175.2450714111328,41260300
2019-06-12,174.7673819240574,175.1304899650838,173.90740607777482,174.23228454589844,27758100
2019-06-13,174.9585185136326,175.69427019366066,174.6145252238918,175.2642822265625,23715800
2019-06-14,174.36598605494342,174.9679776440656,173.85000367877007,174.5188751220703,22844100
2019-06-17,174.90116675746395,176.05737083199597,174.71006262241949,175.57005310058594,20379500
2019-06-18,177.64352458940672,179.37304069651842,177.1848572677281,178.1212921142578,48177300
2019-06-19,178.36014283857767,179.1914535121343,177.31861332660134,178.79013061523438,31672900
2019-06-20,181.28410008506648,181.32231506946127,178.83793283520566,180.45278930664062,40922000
2019-06-21,180.24254093900237,181.33185006978886,179.80298849872156,180.18521118164062,39980400
2019-06-24,180.5453039459508,180.7272593310687,180.09520839725167,180.19097900390625,19375200
2019-06-25,180.0664764566091,180.17181827675842,176.82962290342388,177.09776306152344,33921100
2019-06-26,178.27569577962734,179.39614181275167,177.63407358694303,177.92135620117188,22595700
2019-06-27,178.56298836507654,179.02265514843864,178.1128927977586,178.60128784179688,19709200
2019-06-28,179.0322440848719,179.2237707125179,178.18952400072055,178.83114624023438,21179200
2019-07-01,182.25950352556603,182.49891543250112,180.40166478974282,181.244384765625,31025600
2019-07-02,181.18693893934298,181.98178827078343,180.66981561936234,181.96263122558594,18035800
2019-07-03,182.4222690896289,183.33203125,182.23072790846402,183.33203125,15792100
2019-07-05,182.07753837094145,183.29374027189883,181.36887390391357,182.9585723876953,21415600
2019-07-08,181.77111000764856,181.82856653240285,180.9283753444673,181.67535400390625,17598800
2019-07-09,180.81344432914102,182.8149243427829,180.6602172033248,182.58509826660156,19193500
2019-07-10,183.69593704578253,184.9121387609143,183.36075460024975,184.4045867919922,28374500
2019-07-11,184.68233437177597,185.15157231546146,183.68637274479178,184.27053833007812,23736100
2019-07-12,184.47168004896076,185.34312834533438,184.29929586544515,185.33355712890625,20211900
2019-07-15,185.76446302660247,185.96557543660745,185.2473397920122,185.92726135253906,15606100
2019-07-16,185.69751784031976,185.86988745762045,184.40468726037213,184.96969604492188,20190900
2019-07-17,184.96962249946242,185.2952337791448,184.04070318655974,184.0598602294922,16765100
2019-07-18,183.1883919312997,184.6248632447046,182.61381217346283,184.27053833007812,28877000
2019-07-19,185.53459953176952,185.620784284719,182.72868524792486,182.9202117919922,29387900
2019-07-22,183.3320374957531,184.76850872818426,183.3320374957531,184.37586975097656,18954900
2019-07-23,185.3814522054306,185.6017070952381,184.1460784315232,185.58255004882812,23786700
2019-07-24,184.8738519805135,186.89448878108556,184.85469493908664,186.88490295410156,20422900
2019-07-25,186.252822804158,186.28155105325519,184.75888078841555,185.11322021484375,23434700
2019-07-26,186.29119026204037,187.26799492549333,186.19541965506818,187.0189971923828,20431200
2019-07-29,186.84660238419517,186.91363010998307,185.1994475321645,186.37734985351562,20451700
2019-07-30,184.95050237806154,186.30077451055368,184.81643228644728,185.57296752929688,18705000
2019-07-31,186.070954764303,186.19543903126953,181.3018732141678,183.00648498535156,41627500
2019-08-01,183.32243668574182,186.72208791381397,181.21561530621003,182.09664916992188,63251600
2019-08-02,180.72725573544125,180.9858246782299,178.32356552668065,179.415283203125,55214000
2019-08-05,175.66131425631568,175.73792782741697,171.61046849244175,173.07566833496094,75040000
2019-08-06,174.67491188066572,176.01562725354177,173.40125346461988,175.4984893798828,41897200
2019-08-07,173.59276305862767,176.69553154658306,172.27120485817798,176.44654846191406,49990600
2019-08-08,177.24137061589647,180.34415324357136,176.7529757352832,180.28668212890625,38418100
2019-08-09,179.42486938420234,180.03776331310692,177.1935485428272,178.5917205810547,33608900
2019-08-12,177.49038958289015,178.02666986132,175.72832163589445,176.54232788085938,24642900
2019-08-13,176.3891373479579,181.64661402234023,176.2263389877128,180.4112548828125,40241900
2019-08-14,177.50957363812734,178.07458225941656,174.69408713537248,175.01968383789062,51000500
2019-08-15,175.2495267936558,175.81453542220947,173.48745855585585,174.81858825683594,36685000
2019-08-16,176.40827921238153,178.07457676357387,176.30293738687163,177.62448120117188,32781400
2019-08-19,180.19100007773076,180.8326223022355,179.55894906999364,180.44955444335938,22494100
2019-08-20,179.9994374057169,180.6506307165735,179.00347578464687,179.05136108398438,19902900
2019-08-21,180.6218494331073,181.2155860554683,179.99938456208602,180.64100646972656,20418500
2019-08-22,180.976233507679,181.43591486185375,178.6395711011887,180.05690002441406,24243700
2019-08-23,178.8311144245043,180.4686836039654,173.87049235950767,174.35890197753906,55372400
2019-08-26,176.34125409707812,177.04033285512324,175.32614983161795,176.99246215820312,27598900
2019-08-27,178.22779784918805,178.5246662712266,175.92944942288588,176.6189422607422,28012800
2019-08-28,176.04439140852605,177.54789080972168,175.16335721315144,177.2510223388672,21792400
2019-08-29,179.45358380349634,180.47827375307992,178.77364757561327,179.9611358642578,25358900
2019-08-30,180.92835445966577,180.9666685467756,178.5150930232854,179.5301971435547,26319800
2019-09-03,178.3331433865112,179.25247693116827,177.1935403652327,177.7872772216797,27964200
2019-09-04,179.5014844279904,180.50701741982527,178.98434649502659,180.35379028320312,21592100
2019-09-05,182.3456964348983,184.18437820863187,182.2786540839467,183.6576690673828,33932600
2019-09-06,183.96414825550085,184.03117600298816,183.07352820282946,183.47573852539062,19487800
2019-09-09,184.05028365152512,184.12689720848027,182.16371682256218,183.09263610839844,24407600
2019-09-10,182.10631214387467,182.66174963049642,180.90925237422766,182.56597900390625,23744700
2019-09-11,182.91067664877872,184.37587618800904,182.48930940121465,184.2801055908203,25063600
2019-09-12,185.41016016887008,186.46357841790996,184.7972662637587,185.04624938964844,28689900
2019-09-13,184.7781371456348,185.20907572626464,184.1460861006867,184.385498046875,27669800
2019-09-16,183.19794780204083,183.9449115938638,183.01599246075637,183.5618438720703,20319000
2019-09-17,183.5810405282784,184.44293212890625,183.18840150841046,184.44293212890625,20953400
2019-09-18,184.05981780653926,184.4428855141855,182.05833835140652,184.36627197265625,29781300
2019-09-19,184.69188653256825,185.82190350184618,184.31840461411565,184.6727294921875,26039400
2019-09-20,184.93134101231885,185.12286762264407,182.10628332552687,182.71917724609375,29086100
2019-09-23,182.6654184666423,183.34672584785073,182.05128862868426,182.7997589111328,22485900
2019-09-24,183.6346331372919,184.0376545703299,179.58520848465395,180.3720703125,40820700
2019-09-25,180.18975478354417,182.87657908096259,178.68322327262229,182.39678955078125,34704900
2019-09-26,182.15682885477403,182.31995547895096,180.38160237883324,181.7250213623047,26826000
2019-09-27,182.06092267159124,182.15688643003136,178.24180228629743,179.47006225585938,40773500
2019-09-30,180.19925006793918,181.46590078636152,179.82501501786106,181.1780242919922,26307700
2019-10-01,181.84017390472542,182.88611123262802,179.40285031175853,179.7003173828125,32367600
2019-10-02,178.48164928563085,178.51043547705805,175.6221086817851,176.6104736328125,48544300
2019-10-03,176.59129433315582,178.68318383691008,174.4706332773162,178.54884338378906,39392500
2019-10-04,179.51795749467206,181.43711460112524,179.3260447124281,181.1780242919922,31887600
2019-10-07,180.65990496708372,182.07048697593837,180.31445601303744,180.63111877441406,21216000
2019-10-08,179.49880320893644,180.26646915691148,177.7811636451263,177.9250946044922,32379300
2019-10-09,179.43165197835742,180.47758939646837,178.89427553041818,179.6619415283203,20147400
2019-10-10,179.70989465028,181.77298296272323,179.5563585468586,181.0532989501953,25177700
2019-10-11,183.1164204311929,184.8436651644132,183.0108661796625,183.38510131835938,40976700
2019-10-14,183.12599582762354,183.95123409635707,182.94367353166942,183.3658905029297,14975000
2019-10-15,183.93204164320838,186.1294851070149,183.81689688248812,185.6976776123047,23234200
2019-10-16,185.0643891476273,185.7073052602141,184.65176260252704,185.2371063232422,20457100
2019-10-17,186.35022190123797,186.6380985034246,185.016407798385,185.72650146484375,19045200
2019-10-18,185.39063976996982,185.8416430224293,183.00129768993125,183.94168090820312,27700800
2019-10-21,184.92047609427013,185.69773274390926,184.37350903444195,185.57298278808594,15801200
2019-10-22,186.30220368100092,186.56129403662348,184.03759730335958,184.09518432617188,22392300
2019-10-23,183.720920864825,184.48857201311148,183.42343920655583,184.4501953125,14828400
2019-10-24,185.7648395497135,186.359788308385,184.949206428807,186.24462890625,18998500
2019-10-25,185.2850657763721,187.82795836508814,185.2466890671056,187.73199462890625,21507100
2019-10-28,188.6052554711222,189.83351542036496,188.6052554711222,189.5840301513672,18818700
2019-10-29,189.26735114228853,189.55521310420772,188.08705853037057,188.1158447265625,18569700
2019-10-30,188.4804987814196,189.3441286361958,187.3961698641841,189.0274658203125,21764300
2019-10-31,189.5743632015891,189.66072176940105,188.0198504129391,189.11376953125,26801800
2019-11-01,189.9294600927371,190.84107183547343,189.64159811293953,190.8314666748047,22131900
2019-11-04,192.09809259132643,192.42434588669738,190.83144147939979,192.01173400878906,19015900
2019-11-05,192.25166530817364,192.4435781865603,191.48399915261288,192.11732482910156,15048900
2019-11-06,191.89659438026973,191.9157900590392,190.7546930866964,191.68548583984375,19725500
2019-11-07,192.64501661328356,193.5662186176775,191.77181111481676,192.32835388183594,17832400
2019-11-08,191.98295370338664,193.11524975452707,191.4743634259289,193.09605407714844,15258800
2019-11-11,192.11726054542848,192.91369799213936,191.85817019319202,192.83694458007812,10147600
2019-11-12,193.00009272292039,194.0364396054053,192.702625631487,193.3935089111328,14778300
2019-11-13,192.72179845969748,193.6238048546764,192.5970631749948,193.4414825439453,15774600
2019-11-14,192.71221011970334,193.41269853652037,192.1268664722233,193.28794860839844,16945400
2019-11-15,194.45867575180836,194.7081756591797,193.83495526740668,194.7081756591797,18427900
2019-11-18,194.40108592148846,195.16875197022483,193.6142388369924,194.8616943359375,18365900
2019-11-19,195.60055463483255,195.60055463483255,194.4010810394335,195.14955139160156,16923300
2019-11-20,194.64093242074097,195.2262759906465,192.5106666182656,193.97882080078125,36629000
2019-11-21,193.76777242536335,193.9021275361379,192.94254857583715,193.5470733642578,17883600
2019-11-22,194.026792330525,194.14195172047826,192.62581575716086,193.6717529296875,17189600
2019-11-25,194.506600454115,196.00354089026246,194.47781426434364,195.9651641845703,17752800
2019-11-26,196.08996176881578,196.58893227415294,195.80208515911352,196.33944702148438,14780600
2019-11-27,196.84799382624337,197.7212140455752,196.60809912699904,197.71160888671875,16963100
2019-11-29,197.21263742445134,197.51010450723888,196.71365235286652,196.8096160888672,9854600
2019-12-02,196.81919104678744,196.88635394307028,193.6237921651035,194.7944793701172,28007000
2019-12-03,192.11729185464057,193.34555163591716,191.17689402052915,193.26878356933594,31104100
2019-12-04,194.2571179754468,194.70812114417652,193.969241431703,194.2475128173828,15300100
2019-12-05,194.93843578925498,194.93843578925498,193.68138984964185,194.63137817382812,14962300
2019-12-06,196.0515114363374,196.8575539874231,195.89797533841394,196.713623046875,16555300
2019-12-09,196.35860504545693,197.27979244943833,195.7348700703766,195.8212432861328,13984100
2019-12-10,195.91721722716775,196.59852467116528,195.2167287479112,195.6581268310547,21799800
2019-12-11,196.09955426348571,196.896006546817,195.79248197217174,196.69448852539062,18780800
2019-12-12,196.49297030247928,198.93989936174515,196.22428938888265,198.16262817382812,32612000
2019-12-13,198.057064296654,199.50603769821797,197.63486191150753,198.8151397705078,32519400
2019-12-16,200.12015253919603,201.0605356205341,200.05297499809555,200.81105041503906,21296600
2019-12-17,201.07007838338419,201.23321961816555,200.59028911922013,200.9261474609375,15996100
2019-12-18,201.09895336783669,201.63631519913883,200.8686491649879,201.0797576904297,15443300
2019-12-19,201.16615016371586,202.4040006877757,201.1469544830752,202.3368377685547,17865900
2019-12-20,203.2963662667182,203.92969179226816,202.73021828570108,203.15243530273438,27672600
2019-12-23,203.8717281960179,204.01597119080623,203.5159190263712,203.6890106201172,23774700
2019-12-24,203.87173429546075,203.95828009492303,203.33320753380164,203.7947998046875,7089000
2019-12-26,204.1217566133842,205.61233116284657,204.09290801409654,205.5930938720703,17067500
2019-12-27,206.31436472693062,206.3336020201802,204.87187588207618,205.42002868652344,18134100
2019-12-30,205.31423383027519,205.439254218607,203.06395488282948,204.07369995117188,21815500
2019-12-31,203.41974990853643,204.6025865025347,203.1024006420972,204.45834350585938,18170900
2020-01-02,206.1797389919156,207.8722686767578,205.77584386451167,207.8722686767578,30969400
2020-01-03,205.1219048119995,207.20870345937038,205.10266751986234,205.96815490722656,27518900
2020-01-06,204.3525676827395,207.3240909099311,204.10254158836148,207.2952423095703,21655300
2020-01-07,207.37220156223603,207.85303119066577,206.61249720576953,207.26641845703125,22139300
2020-01-08,207.2375934763352,209.77637361689085,206.91063281343398,208.82432556152344,26397300
2020-01-09,210.54566410604605,210.99764509645493,209.3628274183027,210.59375,23547000
2020-01-10,211.42083667053302,211.44005929449207,209.6802207341601,210.05526733398438,21898500
2020-01-13,210.92073904386365,212.50747104203515,210.58415241455134,212.47862243652344,22756900
2020-01-14,212.37280820343855,212.72863207553425,211.31499191759136,211.64195251464844,24418100
2020-01-15,211.75737948951036,212.71903881023817,211.0361349989645,211.72853088378906,25742100
2020-01-16,212.78634358842757,213.7960887225449,212.3343625729061,213.7576141357422,18805000
2020-01-17,214.7192731531363,214.9885365654575,213.60374491708816,214.81544494628906,24325200
2020-01-21,214.21920189733441,215.25779561254973,214.12304477988707,214.71926879882812,21146300
2020-01-22,215.80592523246287,216.5175435854162,215.01735771580763,215.28662109375,20736400
2020-01-23,215.16167851794748,216.075252009287,214.16154452892226,215.9790802001953,26496100
2020-01-24,216.9887948546252,217.21959835959345,213.17100641825775,214.16151428222656,37436500
2020-01-27,209.32437864977507,210.87265071401254,208.85316030891792,209.73789978027344,42264400
2020-01-28,211.21882607589092,213.4498824630275,210.66106197910676,212.9594268798828,26731900
2020-01-29,214.14228770624155,214.3827025332912,212.36322679032824,213.30564880371094,28924500
2020-01-30,211.93048380648497,214.16152577925908,211.26693653361582,214.06536865234375,39568100
2020-01-31,214.95969213399204,214.98854073774663,209.92059235435522,210.6707000732422,52015800
2020-02-03,211.69971358007817,214.3442771031059,211.55547053014385,213.8538360595703,25408600
2020-02-04,216.77723746961846,219.1236885075195,216.03675570056626,218.74864196777344,30691200
2020-02-05,221.3835863748112,221.4220462890494,218.15241064983184,219.46987915039062,38534800
2020-02-06,220.01804791704325,221.42207709907612,219.2391061499683,221.3643798828125,22467100
2020-02-07,220.37384782386522,221.60477054901676,219.77760908210755,220.4123077392578,25884900
2020-02-10,219.68140957690264,223.08567637203146,219.62371237806624,223.07606506347656,21478900
2020-02-11,224.30704111152332,225.0475229121619,222.5279654625722,223.1145782470703,30198000
2020-02-12,224.43205714045064,225.39371646192143,223.8742929731468,225.28793334960938,24471300
2020-02-13,223.72041157839433,225.92260484623094,223.45114815718523,224.99942016601562,22773200
2020-02-14,225.35523706792605,225.85530401308296,224.5955326766115,225.64373779296875,23438500
2020-02-18,224.54740326582166,226.1533722264013,224.30698848716446,225.73023986816406,24394500
2020-02-19,227.07661086604313,228.365230781721,226.8073474410882,227.89401245117188,22230500
2020-02-20,227.3939613203851,227.86516497952084,222.98956002778772,225.7783660888672,42604000
2020-02-21,224.6532226193239,225.03788045776616,220.52771080807017,221.4412841796875,66017200
2020-02-24,213.18062339360463,215.6520948010599,211.81506896887007,212.90174865722656,84522600
2020-02-25,214.6904126277907,215.40204570583873,206.50669826213408,207.11253356933594,97743000
2020-02-26,208.4011543208731,211.83426974841416,206.66053898797708,208.17996215820312,79537700
2020-02-27,202.81395345162193,208.1223172352508,197.62099876951712,197.75563049316406,121822600
2020-02-28,191.0239713677222,199.22692267455764,190.57199039711077,197.90945434570312,148173700
2020-03-02,200.8714094214838,208.26657215966233,198.044128588935,208.122314453125,112933900
2020-03-03,208.78586024760756,211.1900086016753,199.65970781301397,201.44839477539062,131953500
2020-03-04,205.1411323647545,209.95903931668644,203.26588532490467,209.85325622558594,73086200
2020-03-05,204.53532441433688,208.0646123802442,202.0446302814599,203.4774932861328,78705500
2020-03-06,196.82282303323578,201.13105293580907,195.13030781137851,200.0443878173828,89828400
2020-03-09,186.06181598568404,193.4473661957579,184.74434759089254,186.14837646484375,116424000
2020-03-10,193.39924836999256,196.46694302761296,186.2541141371452,196.2842254638672,100599200
2020-03-11,191.70676455474796,193.0530815453381,185.34057076673108,187.735107421875,89168800
2020-03-12,175.10854301502152,183.4653648993382,170.15600335943157,170.5214385986328,137820700
2020-03-13,179.89759688374923,187.02348053426638,171.30036113041734,184.9655303955078,134882000
2020-03-16,167.47292135743254,177.59919020190503,162.67425198399243,162.8088836669922,92054400
2020-03-17,168.74236543757183,177.32036498310927,163.2705214492607,175.15663146972656,121257100
2020-03-18,165.0303701010659,172.3485987167,160.40479073822738,169.8290557861328,114156300
2020-03-19,168.95393383407037,176.45487971146454,165.04959921429082,170.84840393066406,120896500
2020-03-20,174.77193753424189,175.85860238520996,163.57822572210722,164.15521240234375,118983900
2020-03-23,164.71704031128706,167.88764922729416,158.94442161919534,164.27374267578125,124639800
2020-03-24,173.38079835457728,177.15853387926037,171.4919232397234,176.9947052001953,94881800
2020-03-25,177.72712413664274,182.6323969919793,173.4482559395619,175.68406677246094,88754900
2020-03-26,177.19710491468047,185.72593235616023,176.94654595928546,184.93568420410156,79887600
2020-03-27,180.14603023248665,183.59610856854113,177.95842243541358,178.5751953125,58845000
2020-03-30,180.27132260101388,185.504267778362,179.57745125479065,185.07058715820312,49356900
2020-03-31,184.7621686265507,188.1640579733026,182.3336194331253,183.4900665283203,62659300
2020-04-01,178.06443992386247,180.84955715500794,174.29633581554035,175.69371032714844,53715400
2020-04-02,174.66256540221036,183.2010248436471,174.40235994277407,179.2594451904297,56465300
2020-04-03,178.81617918422663,180.28102074647305,174.71077009207983,176.7152862548828,47487600
2020-04-06,183.5671757487575,190.47696335647933,182.32399835700147,189.34942626953125,64763500
2020-04-07,195.02571109244403,195.3051948304533,188.8868918140945,189.27236938476562,69904500
2020-04-08,190.95884325294728,193.8692471906298,189.05070444182948,193.29103088378906,45940400
2020-04-09,195.00642660661492,195.84484832072718,191.80690723386783,193.57049560546875,68252600
2020-04-13,192.74172250332825,196.037604193532,191.53708673768247,195.66175842285156,42853900
2020-04-14,199.7093347735553,204.7880833582473,198.9287331380293,204.1713104248047,63959600
2020-04-15,200.91396281233742,204.14239247223853,199.6033185411718,201.82948303222656,47036000
2020-04-16,204.0074811557882,206.5902132120809,202.08006390600804,205.5108642578125,64657400
2020-04-17,208.3248901888642,208.6525475897785,204.38332547044286,207.47682189941406,62863200
2020-04-20,205.61685800215838,208.04540767957292,204.85553471347845,205.0193634033203,38249100
2020-04-21,202.95705240184301,203.4967269058815,196.2400017750931,197.4542694091797,72932800
2020-04-22,201.51145318505132,204.64350580932145,200.76939352281732,203.31358337402344,40089100
2020-04-23,204.10382786291873,206.6576643500485,202.47517276142193,202.8799285888672,43278500
2020-04-24,203.31361341719932,206.52276496026323,201.896960536792,206.07945251464844,34231900
2020-04-27,208.34417117209563,208.7682053223026,206.71550123381283,207.73703002929688,36451700
2020-04-28,209.43316251538852,209.43316251538852,203.5449023107595,203.82437133789062,46862800
2020-04-29,208.3441812871194,211.98699891071587,207.3322842350032,211.0522003173828,48716400
2020-04-30,211.96768924856667,212.05441948747637,209.46205588157096,210.96543884277344,43359500
2020-05-01,206.71548516729402,208.80673096825288,203.99781998220683,205.0193634033203,48795000
2020-05-04,203.78580881579072,207.63099637496566,203.45813674525172,207.4093475341797,32841000
2020-05-05,209.5488318986877,212.15084256959278,208.98024726825474,209.76084899902344,37783100
2020-05-06,211.43767790627118,213.01815954875732,210.19450018283288,211.0522003173828,36455200
2020-05-07,213.7698211669922,214.64678470417886,212.42062047781576,213.7698211669922,38624800
2020-05-08,215.43703762886173,216.83441200969708,214.40586247778154,216.69949340820312,31852300
2020-05-11,215.37918095598846,219.65803360864737,215.14788566191683,218.63650512695312,35714100
2020-05-12,219.23406976693457,219.82193258788695,214.03003462120208,214.05894470214844,41054100
2020-05-13,214.57931012039862,216.4585385090124,208.84524823513172,211.37979125976562,65521200
2020-05-14,210.05950423225232,213.8179608080029,208.1513658711037,213.7794189453125,51549300
2020-05-15,210.8401343013037,215.2250107061697,210.40646843819033,215.1671905517578,55747200
2020-05-18,218.0679648282252,220.38085941647813,217.28736327231547,219.1762237548828,42398100
2020-05-19,219.43646489214757,221.50844739035637,218.48240270409062,218.626953125,36237300
2020-05-20,221.17109946832628,223.34907537189613,221.15182118103107,222.9925079345703,37417000
2020-05-21,223.04073366530423,223.7153267834016,220.0532309501239,220.56399536132812,43642900
2020-05-22,220.15926905876455,221.52773376927453,219.24374865374375,221.3253631591797,28762400
2020-05-26,224.89104197726786,225.093427255723,220.48688656803228,220.72781372070312,33055300
2020-05-27,220.39049408218747,222.04807383996396,215.81287881385668,221.9324188232422,55665600
2020-05-28,220.79527281052464,224.99704279722127,220.73745264867057,221.64334106445312,42784300
2020-05-29,222.01915938072713,225.12230179358139,220.45794167849934,224.89100646972656,50691800
2020-06-01,224.02373345457852,225.94150437846727,223.58042097725615,225.56565856933594,25776000
2020-06-02,225.98966364871228,227.13647922003233,223.59002397330252,227.0786590576172,33383400
2020-06-03,227.6857868674189,228.8518807350531,226.80882322368947,228.10018920898438,37228700
2020-06-04,227.75323600269516,229.1602422052679,225.1993996049713,226.5004119873047,38716100
2020-06-05,227.64724771524354,231.5791805859278,227.0786631678352,230.99131774902344,47365600
2020-06-08,230.8467649260939,232.90910086117952,229.2759298166538,232.78382873535156,32937300
2020-06-09,231.92610117579662,235.31834465497798,231.74299420006872,234.4702911376953,35046300
2020-06-10,236.1567949798613,238.8262719148472,235.63638410190856,237.28433227539062,58084400
2020-06-11,233.37170312498114,234.7497995123142,225.46929469876937,225.52711486816406,72919400
2020-06-12,230.41310725705182,231.6755632886633,223.32985720567382,227.31961059570312,72034800
2020-06-15,224.004420040345,230.7600117521702,223.0696215607382,230.08541870117188,45307400
2020-06-16,234.93290891493186,235.52077181815355,230.42275919581044,234.0366668701172,48890100
2020-06-17,235.5303780617495,236.59046341322872,233.92098644997756,234.7786865234375,34749300
2020-06-18,234.46061149513378,235.65561521171756,233.6896565347812,235.41468811035156,30578600
2020-06-19,237.77579973756127,238.0360051561511,233.65112843595384,235.3761749267578,49422100
2020-06-22,235.2448856932494,238.32446457639657,234.95528213043164,238.198974609375,24068700
2020-06-23,239.79188297169324,242.45633919542195,239.24162140325586,240.22630310058594,32767400
2020-06-24,239.4732785143209,240.69932096311024,233.77751581371916,235.27386474609375,46032400
2020-06-25,235.3607313515807,237.81280136786128,232.7928051847421,237.51353454589844,36940800
2020-06-26,237.27218287499343,237.4459597314604,231.3833319883449,231.90464782714844,52824600
2020-06-29,231.66329618153986,234.4436079737528,229.13399376148874,234.43394470214844,34377800
2020-06-30,234.36638151249682,239.56980298580513,234.1829561144359,239.02919006347656,38909200
2020-07-01,239.06784655096075,242.813543587899,238.52723352101097,241.81919860839844,34689200
2020-07-02,244.2615368405379,245.46826720135905,242.9968857792926,243.46026611328125,31956500
2020-07-06,246.6074617777872,249.96699563419133,246.5881499636739,249.44570922851562,34589000
2020-07-07,249.1946521252014,251.84945892945265,247.42798237174202,247.7272491455078,36578200
2020-07-08,249.04989268626372,251.01925576540253,247.62111308465714,250.99029541015625,30426300
2020-07-09,252.90172395910213,253.77056392899553,248.71195967038867,253.1044464111328,40312900
2020-07-10,252.95968659760723,255.08354417496147,250.28558227351633,254.83253479003906,32885300
2020-07-13,257.6708101370748,260.451122531407,248.76996284245294,249.59054565429688,64108100
2020-07-14,247.07086785330247,251.76265221985992,244.01060051024473,251.357177734375,72230500
2020-07-15,252.76662074050444,253.59686676339794,248.5768553789575,251.8688201904297,54523900
2020-07-16,249.08850751890424,250.78759373084495,246.7715905233838,250.1504364013672,47594100
2020-07-17,250.60416234560108,251.29924037382855,248.2679483210013,250.4400634765625,35137900
2020-07-20,251.07711058774117,258.17269037300156,249.83178617775567,257.5451965332031,40610100
2020-07-21,259.1092127051723,259.11887597845634,254.02164662711917,254.8615264892578,43243800
2020-07-22,255.3538019322339,256.68603693469544,253.46162755655726,255.75924682617188,29865500
2020-07-23,255.35384085608533,256.05855262336553,247.66935970613696,249.07884216308594,51363500
2020-07-24,245.24623470484943,248.03619489750417,242.62040281522982,246.713623046875,54054500
2020-07-27,248.35481355874197,251.50194683877123,247.57285450948726,251.1157989501953,36445700
2020-07-28,250.33385618454435,250.85517207168962,247.63079132748985,247.92039489746094,31302400
2020-07-29,249.45529080566754,251.6370686950799,248.9822619384265,250.77786254882812,27556900
2020-07-30,248.81818334234706,252.65076085856404,247.6693734685886,252.09085083007812,41774500
2020-07-31,256.7053494618797,256.7439730840232,251.82050713302314,256.5895080566406,53686300
2020-08-03,258.723062443101,260.7986333577742,258.5975577363331,260.0552978515625,32081600
2020-08-04,259.55328748172855,261.11723526948975,258.80995195129617,261.02069091796875,24911300
2020-08-05,261.50335108882535,262.1211818325002,260.6151844096224,261.6674499511719,21612100
2020-08-06,261.4744238759198,265.461466973587,260.83726650683303,265.13323974609375,28048200
2020-08-07,264.5925148473952,265.36483996080057,259.9297216612975,262.0728759765625,44969400
2020-08-10,262.3625476715809,262.5652996384669,257.43911005197634,260.9530944824219,35088400
2020-08-11,259.7946366079094,261.07861462933755,255.46973243770935,256.0103454589844,43104300
2020-08-12,258.16312201124356,263.39548922040774,258.11483511213305,262.44940185546875,38773400
2020-08-13,263.2216746929958,265.3165420295867,262.11148869118506,263.04791259765625,31895700
2020-08-14,263.66583566837744,263.9361421763201,261.34891853441206,262.73907470703125,30799500
2020-08-17,264.44774386522494,266.2916316202141,262.7776476942178,265.7896423339844,24803000
2020-08-18,266.8515056739782,268.8208681719683,265.3937661472967,268.34783935546875,23529500
2020-08-19,268.3092427882494,269.3615081060216,266.0309500549863,266.5426025390625,31999400
2020-08-20,265.75098963717073,270.7227129032457,265.345515267161,270.2400207519531,27723400
2020-08-21,270.43315549382095,272.5666469170663,269.7863349379107,272.1129150390625,34748900
2020-08-24,275.3759912859797,276.1000298257325,271.53374949565824,273.81207275390625,36418500
2020-08-25,273.0397294194196,276.15793246576965,272.59566072659135,275.96484375,34866600
2020-08-26,277.2102008456472,282.10470817111917,275.93588601631683,281.85369873046875,42216700
2020-08-27,282.8286792529537,283.6782222700031,278.71613213005304,280.9751281738281,49482700
2020-08-28,282.21087247352176,283.03145529122617,280.8593399002912,282.4039611816406,28021000
2020-08-31,282.92523337247576,286.4778411473566,282.4907985769904,284.6725769042969,36321000
2020-09-01,287.3177751162182,289.65401893456186,285.5511341678206,289.5381774902344,36216200
2020-09-02,292.7817744292629,292.9941601719209,286.6129835431573,292.27978515625,50836800
2020-09-03,287.7811450077344,288.2831343760069,274.56502794271665,277.461181640625,110083300
2020-09-04,275.67514343024635,278.9284838673966,262.39144578992153,273.763671875,123959000
2020-09-08,262.7969109863751,268.58921669075966,260.32552957606623,260.6054992675781,99568600
2020-09-09,266.09856525710717,270.3558844568571,263.5499363466677,268.2610168457031,64837900
2020-09-10,271.21512387420904,272.43151777218367,261.19442804719154,262.9128112792969,69667500
2020-09-11,264.6601619053472,265.6931304188339,257.6611240919877,261.0882568359375,71809000
2020-09-14,264.86286762253224,267.6238825116964,263.51133526404436,265.63519287109375,38525200
2020-09-15,269.3712471617637,270.74210617222377,265.60625334599047,269.40020751953125,41849900
2020-09-16,270.19175038025173,270.6551159681372,264.7566323032266,265.1041564941406,42321000
2020-09-17,258.28860418942764,264.90149372742,257.44872441098465,260.9627380371094,81570800
2020-09-18,262.38187660718535,262.67148018937655,253.53895054283115,257.6321716308594,86251100
2020-09-21,253.3844242489647,258.38510796772243,251.10610192854918,258.2499694824219,57168600
2020-09-22,260.6440857673682,263.6271195821214,257.313527761936,263.04791259765625,41128900
2020-09-23,262.72942020782114,262.91284564375087,254.1375029242739,255.01600646972656,48837300
2020-09-24,252.34183170516394,259.3987890115736,252.1777034012321,256.203369140625,70631700
2020-09-25,256.7053739728496,262.97070941435624,255.15108974097413,262.1597900390625,55242400
2020-09-28,267.0060510777449,267.6046142578125,262.26603877075706,267.6046142578125,58438300
2020-09-29,267.0446487660086,268.096914308436,265.8379181722347,266.3978576660156,27050000
2020-09-30,266.59084936773337,271.3598498234308,266.32054296163346,268.22235107421875,49380800
2020-10-01,272.0356982383313,273.0879637760146,270.15318673605265,272.4797668457031,50020200
2020-10-02,266.46540487070183,272.47009731885936,263.97472595648134,264.8146057128906,75497400
2020-10-05,266.7743216875284,270.78066105719495,266.6681435448509,270.46209716796875,28184600
2020-10-06,269.77670047424215,271.45646001542025,264.7566894727777,265.63519287109375,49704200
2020-10-07,268.2707997934519,271.02212294120346,267.6818997377659,270.23052978515625,27539700
2020-10-08,272.6245749804261,272.69215896563554,270.6069249250336,271.6688537597656,25443300
2020-10-09,273.3099714004014,275.8972240591866,272.9238235212557,275.8199768066406,30201100
2020-10-12,280.4924153841148,287.16322487965397,279.449813233145,284.33465576171875,79370700
2020-10-13,286.13030584164267,286.76743364068807,282.9638166230446,284.32501220703125,64240000
2020-10-14,285.1263494347409,286.09173404128404,280.2125453227806,281.9502258300781,36949100
2020-10-15,277.25843532490256,280.64691482689796,276.62127803072656,280.05804443359375,42514200
2020-10-16,281.69913398569054,283.118250120554,278.1754870949915,278.5230407714844,40570700
2020-10-19,280.4345605272462,281.39031130634476,273.00111685021136,273.97613525390625,36756800
2020-10-20,274.70980422061285,277.66387836121214,273.15554935513507,274.56500244140625,32195400
2020-10-21,274.81602579343206,277.37428889336184,273.86993835256095,274.3526306152344,29306100
2020-10-22,275.18280572216196,276.0806355860285,271.0992486501091,274.3429260253906,32196200
2020-10-23,274.91253579625146,275.04770376877514,272.02604554429377,274.8835754394531,24658500
2020-10-26,272.60530165220865,275.42420811965764,267.1798450415657,270.76141357421875,38421100
2020-10-27,271.755760697536,273.69619314111293,270.5007725214233,272.8756103515625,30559100
2020-10-28,268.38658635066105,268.99478337214543,261.986081636869,262.2370910644531,53413500
2020-10-29,263.54996429181864,269.81530016919515,263.0865691331869,266.8226318359375,43246300
2020-10-30,264.8435970267469,265.71243723972657,257.8252618717287,260.0552978515625,65838300
2020-11-02,262.43981653925505,264.05199236682597,257.7287348493458,260.6345520019531,39987400
2020-11-03,262.5460265023459,267.2378116739599,261.46480030379246,265.1429138183594,43604100
2020-11-04,273.7734013268974,278.7740862311962,272.11293872046167,276.9784851074219,75728200
2020-11-05,283.3692780328617,285.16490831310557,281.89224109870327,284.19952392578125,52054200
2020-11-06,283.54305564811597,285.1359340820166,279.79735930679647,284.4118957519531,40959800
2020-11-09,287.34659812698015,288.7850406030154,278.14648797902703,278.6002197265625,86537100
2020-11-10,275.2988291184907,276.7372432139663,270.90631007939237,273.6094055175781,69024900
2020-11-11,276.12893301602537,280.20285686797143,273.57066993083123,279.7298278808594,36102900
2020-11-12,280.69522351146736,281.95987492555054,277.30671428530616,278.4169006347656,34414600
2020-11-13,280.12561131852397,281.47714362009503,277.9052094662623,280.8592834472656,24806900
2020-11-16,280.55995144581647,283.3499259247451,279.9517546861227,283.0506591796875,30168400
2020-11-17,283.24384344299204,283.5720706805654,281.51579671290807,282.1529541015625,21843500
2020-11-18,281.6026139259561,283.21478921917446,279.98074590090283,280.067626953125,28069600
2020-11-19,279.51743631186287,282.56805486647227,278.8513186501274,282.2591247558594,22718400
2020-11-20,282.18186025104586,282.9252251255996,280.2414575587215,280.3283386230469,25907300
2020-11-23,281.3227248815685,282.61633668750983,278.0983439095298,280.3380432128906,26875600
2020-11-24,281.3999076110754,284.76911941958616,279.60430665178757,284.2767639160156,24516800
2020-11-25,285.3386637193993,286.66123558512845,284.39257643604896,286.0240783691406,23326800
2020-11-27,287.98385649637567,289.77948704018394,287.5880453041319,288.6596374511719,17163100
2020-11-30,288.978198152015,289.58639511229234,284.57604710577607,289.2485046386719,27836200
2020-12-01,291.5171225891552,294.5774040385919,290.4165702538949,292.9555358886719,27521300
2020-12-02,291.7874408040852,293.6699522066538,289.9532162992099,293.3320617675781,23620000
2020-12-03,293.640922710304,295.2917214298667,293.02306268591354,293.7471008300781,22828700
2020-12-04,293.7953737434107,295.08901455502746,293.1196224499456,294.9441833496094,19332100
2020-12-07,295.127679542483,296.98123069702854,294.944254135375,296.6143798828125,20851000
2020-12-08,296.14131030254276,297.9176139572177,294.3939669996921,297.61834716796875,18341500
2020-12-09,297.40601360992247,297.68595390627206,289.8180760276323,290.8800048828125,48839300
2020-12-10,288.85270568689265,293.1679758446329,287.77147969446355,292.0481262207031,27519500
2020-12-11,290.39732847376354,291.5268413770915,288.1383321283064,291.4013366699219,26760400
2020-12-14,292.58865178266007,295.45584424490863,292.5210972742196,293.51544189453125,28804800
2020-12-15,295.764817995958,296.6529846191406,293.583039794266,296.6529846191406,25709000
2020-12-16,297.0487636088592,299.06641327895323,296.006132057065,298.2844543457031,25461900
2020-12-17,299.8774620235278,300.4663325647593,298.68039439138255,300.2346496582031,23730500
2020-12-18,300.8717083484908,301.18063842995906,296.9618838165692,299.32708740234375,41173400
2020-12-21,296.38797917126954,299.29906295575813,293.62198914828383,298.76715087890625,37095500
2020-12-22,299.66653682698967,300.49825806935934,296.76513423614824,299.5794982910156,26176300
2020-12-23,299.62787282530934,299.9857077912312,297.9160557526845,298.07080078125,21201300
2020-12-24,298.33184426348595,299.83089024861374,298.2544865252103,299.3860168457031,16785000
2020-12-28,301.98767328642157,302.8774497938155,300.15977536437543,302.4035339355469,22497700
2020-12-29,303.72858103303963,304.3475612863948,301.7749799482679,302.6744079589844,25871900
2020-12-30,303.83488253283116,304.15402383106453,302.0650104261203,302.6839904785156,18138100
2020-12-31,302.5873088046928,303.91227809562804,301.51380388065513,303.4287109375,21611400
2021-01-04,304.75362276251195,304.92772933770135,295.1499878965039,299.1442565917969,45305900
2021-01-05,298.15785695282773,301.88133010233867,298.15785695282773,301.6105041503906,29323400
2021-01-06,296.9103257156483,301.6299473418692,295.92385903722584,297.4325866699219,52809600
2021-01-07,300.0824474339996,305.4597121035688,300.0534345838422,304.62799072265625,30394800
2021-01-08,306.91037112243146,308.8930139905173,304.7246383313787,308.5448303222656,33955800
2021-01-11,305.59509181926586,306.7653160010453,303.43837181030807,304.08636474609375,32746400
2021-01-12,304.1251367046078,305.20832272947234,300.9722979925071,303.6029052734375,29266800
2021-01-13,303.86396316012133,306.4461955110733,303.26434454722914,305.6531677246094,22898400
2021-01-14,306.09807107746224,307.0942184378253,303.54482181520956,304.01873779296875,23500100
2021-01-15,303.80591801369764,304.7633715752926,300.3725733632766,301.6105041503906,35118700
2021-01-19,303.92182102295664,306.51373273131503,302.8289550189814,306.0108337402344,24537000
2021-01-20,309.61841632850843,314.06721088994993,306.107713786949,313.12908935546875,30728100
2021-01-21,314.46377819932434,316.3787151432726,313.0904637312688,315.6340026855469,25130600
2021-01-22,314.5990908302522,315.73062131121765,314.0381364684902,314.7248229980469,21609400
2021-01-25,318.10014115221514,319.4638040355213,310.8466340162859,317.326416015625,39080600
2021-01-26,318.0420832297203,318.9221788814529,316.4656497829132,317.7906188964844,25498100
2021-01-27,315.5372766123504,315.5469278863561,306.92975690003846,308.9317321777344,55264000
2021-01-28,310.13089025184973,315.6919110653846,309.5119102899492,310.759521484375,42836300
2021-01-29,309.0767439271352,310.17929111523523,302.48091091623917,304.22174072265625,55259000
2021-02-01,307.65514001906774,312.906702757702,305.63383246639074,311.8235168457031,35646000
2021-02-02,314.7829055893894,318.0614757583533,314.61847975995283,316.91058349609375,33930800
2021-02-03,318.98026490551473,319.3477806883452,315.5952946114845,315.6533203125,24824500
2021-02-04,317.04602574447165,319.47351316901836,315.73070753134624,319.386474609375,22350900
2021-02-05,320.3341295249827,321.4753405788115,318.6996706789958,320.4695129394531,22732000
2021-02-08,322.1524326213444,322.7713832092088,320.517973336868,322.61663818359375,20462800
2021-02-09,321.6882474260004,323.806274175975,321.6785666370871,322.54901123046875,17597500
2021-02-10,323.9803364095967,324.43489074863766,318.67077810973893,321.81396484375,28068700
2021-02-11,323.34204817424137,323.9900412431522,321.2046893005764,323.5838317871094,22046100
2021-02-12,322.7423963078256,325.5567608136008,321.6979041941988,325.3923645019531,20346800
2021-02-16,326.1854222775015,327.0751989496096,323.3517254489914,324.5122985839844,27080800
2021-02-17,321.5431313923928,324.62829206972634,319.31873438093277,322.95513916015625,31360300
2021-02-18,319.37678040107613,322.89713401446414,317.56821441182797,321.54315185546875,32236200
2021-02-19,322.88749695026087,323.01322915251455,319.1253592449387,320.1408386230469,39157700
2021-02-22,315.769367077322,317.02662993365885,311.6397140045064,311.8428039550781,47256900
2021-02-23,306.58159507595076,312.5778399716038,300.7787888600022,310.91436767578125,97241900
2021-02-24,308.2644560641463,313.78681557799615,305.57582320408756,313.4773254394531,58206300
2021-02-25,310.8273427369468,313.3805622361908,301.0109048467115,302.54864501953125,110182600
2021-02-26,305.46937365943927,308.62221139824015,300.6627150219933,303.8155822753906,104739800
2021-03-01,308.7768689558863,313.29339783056236,307.49059369147375,312.95489501953125,49164500
2021-03-02,313.59331935793085,313.67067712107917,307.68414252639707,307.9355773925781,48370000
2021-03-03,306.842744527842,307.78086615000115,298.9412723883203,298.9992980957031,86301100
2021-03-04,298.63180392960976,301.78467199420413,290.2467344294675,294.1056213378906,139131600
2021-03-05,296.7168774812302,299.43452329117224,287.67419276555404,298.53509521484375,121523700
2021-03-08,297.99333313393066,299.8695755166515,289.66632328774847,290.0821838378906,88409800
2021-03-09,297.3647418927493,303.41901118995133,296.83282990962573,301.5234069824219,80391100
2021-03-10,305.7691877148615,306.0689969905032,299.97606262892486,300.6627197265625,76798100
2021-03-11,305.39201888383275,309.347595038354,304.5022717639471,307.5874328613281,53484800
2021-03-12,303.5448638299071,307.7712669973969,301.15606960402283,305.09228515625,69315600
2021-03-15,305.41140340074475,308.5158967940509,303.776943780699,308.3514709472656,42955700
2021-03-16,310.5371321885577,313.54493504781436,308.6125444794602,310.04388427734375,54925900
2021-03-17,307.01679618497184,313.20644981907077,305.30494957992335,311.3205261230469,78258700
2021-03-18,306.4557598273785,307.43257465657433,301.3299611995551,301.7845153808594,82718100
2021-03-19,301.6202006470969,304.3862203790687,299.4828418868912,302.8484802246094,78446200
2021-03-22,305.2353979787207,310.59040392389574,305.2353979787207,308.5278015136719,56194800
2021-03-23,309.612375451777,310.9293250054893,306.3683779793853,307.1817932128906,53455400
2021-03-24,308.5471928642251,308.585935368186,301.855851182799,302.0010986328125,64803700
2021-03-25,300.16129107692655,302.9889034167628,297.6629457614359,301.4782409667969,78729000
2021-03-26,301.2652133757932,306.3200327503625,299.8708079586961,306.00048828125,63519600
2021-03-29,305.4678336717442,306.959080251903,302.58212289321926,305.91326904296875,54608000
2021-03-30,303.95714934634566,304.944861406277,301.6815078068365,304.37353515625,44635700
2021-03-31,306.1553845736689,310.5904412985315,305.81645412078507,309.0314025878906,55032500
2021-04-01,312.8467520186459,314.4348403495648,312.594970024574,314.2992858886719,55685600
2021-04-05,316.7782800541117,321.33922820909277,316.5361910716538,320.57421875,42172500
2021-04-06,320.26426145345545,322.29778459244983,319.5767076931834,320.3514099121094,33537200
2021-04-07,319.8769115592545,321.9588998658076,318.94729840193827,321.1260986328125,32046400
2021-04-08,323.97311966673175,324.6606440220549,323.1790608045984,324.4766540527344,29940800
2021-04-09,323.12102040424014,326.64585040096193,322.3850899454021,326.4424743652344,36664900
2021-04-12,325.406319005224,326.43277387644633,324.137775163395,326.0163879394531,25833000
2021-04-13,327.53668622087946,330.28681339758487,327.3236467433661,329.822021484375,30374000
2021-04-14,330.0640493918683,330.1899403623639,325.04797391065114,325.86138916015625,42564300
2021-04-15,328.7276915647447,331.18732317438446,325.58053572256813,330.7999572753906,36342800
2021-04-16,331.3229323752514,331.4004173886084,329.3184287688422,331.1873779296875,40860100
2021-04-19,329.61865988634145,330.77097615284447,326.2390778958931,328.15643310546875,34533100
2021-04-20,327.4979526077044,328.7761598402926,323.7988262550352,325.76458740234375,38081800
2021-04-21,324.4863302393841,328.73742623907555,323.4017765092401,328.5534362792969,36598100
2021-04-22,328.1661309889233,329.1441503104855,323.44054967233905,324.5928955078125,45936100
2021-04-23,325.22234456628763,329.9866391864697,325.22234456628763,328.67938232421875,36381900
2021-04-26,328.92139753502164,331.100197885943,328.1757447239533,330.8193664550781,30812000
2021-04-27,331.1099026682856,331.322942133481,328.4372606662317,329.38623046875,33187200
2021-04-28,329.0569793528501,330.0640776511694,327.62380214185237,328.2726135253906,33615700
2021-04-29,331.53593834980677,331.9523242109565,326.23903145567414,329.4539794921875,37708900
2021-04-30,327.0138147522591,329.49280360962103,326.3843597459195,327.29461669921875,38263400
2021-05-03,328.49535414501815,329.2409774847648,325.1061087885574,325.5515441894531,29729700
2021-05-04,323.0047842346644,323.3243582233889,315.88736262246255,319.6930236816406,65147000
2021-05-05,321.73627147223687,322.5981224716167,317.8434911061928,318.6181640625,46219300
2021-05-06,318.35664450132003,321.17456326831405,316.11974509228173,321.0196228027344,46814300
2021-05-07,323.7891461844968,325.99699637689076,321.19395955608,323.6245422363281,53324500
2021-05-10,322.2494151149259,322.42371205196616,315.2481926250974,315.4515686035156,60700500
2021-05-11,309.5833465080843,315.8098669165406,308.92484213565723,315.01580810546875,71963600
2021-05-12,310.09654805657937,312.4109027499661,306.00039291777273,306.86224365234375,91164900
2021-05-13,309.79640413049856,312.1979076291415,306.8719506673942,309.2347412109375,69877800
2021-05-14,312.39159912628935,316.97190332502765,311.88803517752746,316.0616760253906,44370000
2021-05-17,314.35735709113334,316.04228677482035,311.27799265133484,314.1443176269531,39395000
2021-05-18,315.0933524453843,316.31346083041774,311.75251264283077,312.0236511230469,36528500
2021-05-19,306.639554116016,312.6820849093863,306.29093065769706,312.38189697265625,66319100
2021-05-20,313.86349073591884,319.2765963457008,313.6407878054907,318.4244384765625,46466100
2021-05-21,319.97383955478745,320.390225507939,316.30379189532044,316.6620788574219,50330400
2021-05-24,318.94732487034537,323.11127227713473,316.55548501410874,321.98797607421875,32475800
2021-05-25,323.4985466278662,324.2151202803665,321.26164766496777,322.433349609375,31280300
2021-05-26,323.10157328938845,324.02149349285776,322.4140490022699,323.55670166015625,25444900
2021-05-27,323.1112923143857,323.9537571308489,322.1429365158076,322.3462829589844,27931700
2021-05-28,323.5470881408051,324.951216101447,323.04355368103796,323.36309814453125,29927400
2021-06-01,324.6896809091866,325.164195336216,320.9421487723958,322.2881774902344,31145400
2021-06-02,322.70456308578315,323.7600673377985,321.20362345031947,322.9176025390625,22047900
2021-06-03,320.09001798475106,321.3585617983206,317.89186081928625,319.55743408203125,37057800
2021-06-04,321.3488902228397,325.42566001959835,321.28109822184103,324.980224609375,38736500
2021-06-07,324.44760861511116,326.00667686643675,323.7600842511956,325.9485778808594,32611900
2021-06-08,327.691603803922,328.5534546692169,324.4282494165683,326.103515625,27282800
2021-06-09,327.46889902151736,328.24357185290995,325.9969792692475,326.18096923828125,21485300
2021-06-10,326.5199174484413,329.68643049767377,326.07448202375014,329.5799255371094,33702100
2021-06-11,329.5895536252261,330.45140444001976,328.9407718124438,330.44171142578125,21222800
2021-06-14,330.86781281991716,333.61793983021033,329.68641752553503,333.6082763671875,27827700
2021-06-15,333.2596510178802,333.5695319741018,330.7128704717063,331.4294738769531,35963800
2021-06-16,331.8942919709,332.95948937211466,326.77171053321524,330.21905517578125,55399500
2021-06-17,329.2118613183531,335.41902438886933,329.1634553580997,334.41192626953125,59722700
2021-06-18,332.75610603760833,333.89875878145057,331.0420973699714,331.7877502441406,55414900
2021-06-21,331.97873535544727,334.16976768302004,329.76832409605856,333.8498229980469,32992600
2021-06-22,333.6462819698441,337.4078662387214,333.3457457656341,336.9619140625,28941600
2021-06-23,336.90368669454335,338.2706557563492,336.29291013648606,337.12664794921875,27188500
2021-06-24,339.0559393625701,340.7331192856104,338.51303342854897,339.2110595703125,32581600
2021-06-25,339.7733422968147,340.01571207248264,338.19308662567505,338.7941589355469,28682800
2021-06-28,340.07383191194555,343.050139450511,340.01566554063777,342.9143981933594,39130300
2021-06-29,342.7399338346311,344.1844481788374,341.90619603724184,344.1553649902344,29426000
2021-06-30,344.0002735354658,344.3880888641185,343.0307943861453,343.61248779296875,32724000
2021-07-01,343.263429455445,344.2522873637605,341.9158394722611,343.7481689453125,29290000
2021-07-02,345.638679690202,348.0139153307222,345.4060141726881,347.6940002441406,32727200
2021-07-06,348.29513818974726,349.47790410358687,345.6096616290401,349.1967468261719,38842400
2021-07-07,351.38769024117204,351.6882263769866,347.98480933972945,349.9334716796875,35265200
2021-07-08,344.88242630427135,348.67309248424857,343.60273659764135,347.8199462890625,50890000
2021-07-09,347.2383212565117,350.4666734462841,346.6566279144741,349.99163818359375,35184500
2021-07-12,351.38775628895326,351.8143295140608,349.8171750949714,351.3586730957031,25717700
2021-07-13,350.98056199729325,354.3155728920475,350.50552664548815,351.3586730957031,39723000
2021-07-14,353.6951245553657,354.3349844519439,351.16479775114146,351.9888610839844,35336400
2021-07-15,351.901572224668,352.10515457344513,347.51950728613065,349.5166320800781,53391600
2021-07-16,350.3698003874642,351.3489839124998,346.33676309548827,346.685791015625,47262000
2021-07-19,343.2440519345141,344.3395680143202,341.295419127874,343.84515380859375,64404600
2021-07-20,344.77588922936053,349.2839615476672,343.0017257426105,347.8394470214844,42183700
2021-07-21,347.4128521034369,350.5248718261719,347.1898612525527,350.5248718261719,30259900
2021-07-22,350.72840175494474,352.85156309900196,350.72840175494474,352.8418884277344,30252200
2021-07-23,354.1604406941215,357.24337741905504,352.8128800042063,356.9622497558594,31960800
2021-07-26,356.2738680596197,357.6311624802319,355.41104703798936,357.24334716796875,28438100
2021-07-27,356.9816157771512,356.9816157771512,349.16761615168787,353.3072814941406,57933100
2021-07-28,354.44155900950165,356.2351012320406,352.15357298657875,354.6645202636719,42066200
2021-07-29,354.1022383178959,356.45806541054543,354.1022383178959,355.2947082519531,25672500
2021-07-30,351.3779676630566,354.0246559579803,351.34888447678935,353.4429626464844,36484600
2021-08-02,355.1008248184004,355.68251823044733,352.76437649721845,353.47210693359375,27334100
2021-08-03,354.1312918031101,355.73092625334533,350.95140183183673,355.6145935058594,35558500
2021-08-04,355.5757468888454,357.07845685687266,354.47055638549523,356.12835693359375,29602200
2021-08-05,356.9428460050741,358.6200556779631,356.2351451217369,358.38739013671875,21443900
2021-08-06,357.12707396317813,358.0965532331973,355.71164251307476,356.81683349609375,33332100
2021-08-09,357.2724012853778,357.9995105574724,356.17691483445634,357.47601318359375,25960200
2021-08-10,357.98992113846487,358.2807530821014,354.46100242949313,355.6437683105469,35130800
2021-08-11,356.9040762701821,357.39849052888457,353.70477725367834,355.032958984375,34249800
2021-08-12,354.5287842286911,356.6713245729549,353.18119419319487,356.3126220703125,25969200
2021-08-13,356.66174586412524,357.8929738964417,356.16730196466415,357.5633544921875,19336200
2021-08-16,356.4483382151208,357.7571111274187,352.59950560394634,357.7183532714844,34856900
2021-08-17,354.97473053040966,355.9442095320419,352.1438684138882,354.56756591796875,44793900
2021-08-18,354.03435274421884,355.43040494455386,350.82537945229456,351.1549987792969,38541900
2021-08-19,349.22578097776704,354.51912885842324,348.97370693092194,352.85162353515625,48499400
2021-08-20,353.9180390557829,356.9040512619569,353.6077986420745,356.5065612792969,39486000
2021-08-23,357.5438994702056,362.52703651349634,357.53422479727027,361.8387145996094,34034700
2021-08-24,362.4300554452593,363.5449504691931,361.9646948361928,362.9438781738281,21732900
2021-08-25,363.1959534152346,363.9327669855129,362.4494355865621,363.3607482910156,20441900
2021-08-26,362.50762435662693,363.18624194922563,360.61712834878506,361.05340576171875,29133300
2021-08-27,361.68360342642745,365.0670762843643,361.198863838246,364.5629577636719,27104700
2021-08-30,365.3482471397965,369.1389144109268,365.3288386204061,368.6541748046875,27295700
2021-08-31,368.89645199838003,368.96429304074263,366.81204854590294,368.3535461425781,29628200
2021-09-01,369.41033717202157,371.02935075610196,368.7607731349161,368.96435546875,28138300
2021-09-02,370.3119452952022,370.64156464979845,367.57800704182927,368.78985595703125,25453400
2021-09-03,367.64585158469265,370.32162326709056,367.6264726544409,369.92413330078125,24605400
2021-09-07,370.0307934213265,371.09722639937877,368.8771108704548,370.4476623535156,23970200
2021-09-08,370.27306741990367,370.27306741990367,366.8992997990422,369.1581726074219,32949200
2021-09-09,369.3812814064776,370.48647231550103,367.6459053452069,367.8882751464844,29399000
2021-09-10,369.5944966985761,370.3119017043575,364.76648053772004,365.0960998535156,40249400
2021-09-13,367.422811654882,367.8493847526478,362.7984077916497,364.843994140625,48741800
2021-09-14,366.32741559666795,367.054525034948,362.8566928958541,363.8067932128906,41826600
2021-09-15,364.26236677925624,366.8605634803089,361.97438088248674,366.51153564453125,34097900
2021-09-16,365.1833552812676,367.3355999193381,363.2638057298481,366.76361083984375,35193100
2021-09-17,366.28862158723337,366.3370837105402,361.3830594278912,362.4203796386719,60912300
2021-09-20,356.63970367984786,358.3770033366552,350.3019883262489,354.9315490722656,76203200
2021-09-21,356.7562323028196,357.9500244057725,354.24250095471126,355.36834716796875,41927500
2021-09-22,356.2806679802414,360.1434836029054,355.183937209897,358.6876525878906,46972900
2021-09-23,359.8426526187024,363.0260689263954,359.2020833494826,361.9972839355469,44652000
2021-09-24,359.7358364347196,362.75427479552803,359.3670211733709,362.3369140625,36056800
2021-09-27,359.2991249631874,360.3181948788975,356.9018552495378,359.4447021484375,43338100
2021-09-28,354.9024542138985,359.39609384752913,348.7685465166563,349.2732238769531,97701600
2021-09-29,350.5349530661647,352.6701538015192,348.07945296818735,348.7005920410156,58076600
2021-09-30,350.3409023629965,352.00054152242564,346.5848628668864,347.4195251464844,61384600
2021-10-01,348.04069531706506,350.61265767796965,343.94495595818614,349.57415771484375,56375500
2021-10-04,347.962987163506,348.2929719481272,340.004462643861,342.2367248535156,76766000
2021-10-05,343.29465164038623,349.09857530087436,343.0714431735322,346.8565979003906,47232900
2021-10-06,343.6537397913218,349.35091652696997,342.75113169956074,349.07916259765625,56806500
2021-10-07,352.1169752114742,354.92189045558763,351.58318236533466,352.281982421875,39411200
2021-10-08,353.359269505455,353.5922225946232,349.9914461101767,350.5252685546875,41822300
2021-10-11,348.99181562609704,352.5052462008434,347.7495076148968,347.8368835449219,34847200
2021-10-12,349.283027115628,349.7197587053421,345.98314897784303,346.62371826171875,43905100
2021-10-13,348.9238825919107,350.06912921837323,346.90511365883157,349.3994445800781,40120800
2021-10-14,352.9807670269934,356.04772105094736,352.32079745219414,355.8341979980469,43433900
2021-10-15,357.0474175012273,358.19266413590714,356.0186326098765,358.0762023925781,40419900
2021-10-18,356.7853103768434,361.89043344638947,356.18357168874354,361.6769104003906,34513500
2021-10-19,362.7445254771425,364.4623952426653,361.7254557146883,364.41387939453125,29091000
2021-10-20,364.8700168600347,365.4814705247708,362.46303264841004,363.93829345703125,31390300
2021-10-21,363.14251028295354,366.35504184884394,362.8416408941693,366.1609191894531,25469300
2021-10-22,364.9089053008268,365.86974428728405,361.4246199786976,363.0842590332031,36275800
2021-10-25,364.50124448025184,367.7137757327204,362.56013655155994,366.80145263671875,32597800
2021-10-26,369.0337206133316,371.4406753328108,366.7820284534052,367.9563903808594,47191300
2021-10-27,368.4028096814125,371.86769396233075,368.1407708101906,368.8104553222656,45760500
2021-10-28,370.7031638109375,373.1586645883921,369.9364177507712,372.90631103515625,38007000
2021-10-29,369.83925436765173,374.9055467405903,369.48986919246113,374.74053955078125,37310100
2021-11-01,375.1773208269469,376.1478747466398,373.1003508406609,376.0216979980469,30765300
2021-11-02,375.4102781419764,378.06961626262824,375.3617622891989,377.5940246582031,25135300
2021-11-03,378.07927097534747,382.0197175552883,377.0408007823251,381.6023864746094,33748900
2021-11-04,382.8641258090132,387.4451415534196,382.3206179765375,386.4939880371094,40265300
2021-11-05,388.2603623354884,389.18237070235335,385.46516256685527,386.8627624511719,43383800
2021-11-08,386.8336760504004,387.85274580050265,385.6981149520696,386.33868408203125,29256300
2021-11-09,387.40636744651226,387.8042981708341,382.32067358056867,383.679443359375,50490700
2021-11-10,380.9133283638062,383.718214013105,376.11878924940595,378.0404968261719,54937400
2021-11-11,381.01042234107166,381.18511496694276,378.74901474777556,379.0887145996094,32243000
2021-11-12,380.2339215683607,383.6114600770246,378.64222844516746,383.0776672363281,34730600
2021-11-15,384.2521252216719,384.5723950822837,380.554316008878,382.9903869628906,33716900
2021-11-16,382.2623907832922,386.2125527396347,382.06829775133565,385.71759033203125,27872900
2021-11-17,386.03784845819575,387.9498409979827,384.96054774936533,385.92138671875,28703300
2021-11-18,387.9595356566256,390.42472132941214,385.746673866411,389.9200439453125,45721500
2021-11-19,391.5505473687928,393.3654783977314,390.72557064137874,392.09405517578125,45191700
2021-11-22,393.6275674356048,396.6750913966864,387.4354285769709,387.54217529296875,61715400
2021-11-23,386.38724201638104,388.4448413938439,381.35009396288643,385.77581787109375,70098700
2021-11-24,383.3008889875023,387.2995667793371,380.98128029985196,387.01812744140625,46954400
2021-11-26,384.4461190280099,385.8340337161971,378.29281040946904,379.68072509765625,51533300
2021-11-29,384.2326523524898,388.9301303425207,383.50473682393,387.9207458496094,54447100
2021-11-30,387.0375420797313,389.37658088970477,380.2145483069959,382.2236022949219,81332700
2021-12-01,386.5521789963482,388.68740927417525,375.2549477945375,375.7207946777344,77766500
2021-12-02,374.4397186247011,380.2048117122202,373.02271808833177,378.4287109375,84416600
2021-12-03,379.7874827528357,380.78715218645164,367.74290407814885,371.8483581542969,105349100
2021-12-06,372.33364148519894,376.18674210921455,368.1311260139517,374.8279724121094,67588800
2021-12-07,381.45686138825334,386.72696283063163,381.4180309325069,386.1155090332031,56005300
2021-12-08,386.44553847829593,388.0469468172203,384.55294613841045,387.8431091308594,39204000
2021-12-09,386.6201851321078,388.415715924822,381.94210782452694,382.13623046875,49973700
2021-12-10,384.94113783795945,386.55226109542093,381.77712219580366,386.29022216796875,52545800
2021-12-13,386.2805043514739,386.6007741493733,380.34071842058006,380.70953369140625,50166400
2021-12-14,375.8954294065565,378.60328247419454,372.3335139781849,376.7689514160156,75199200
2021-12-15,376.5167564381815,385.7176198838369,372.5763091981742,385.3584899902344,73858000
2021-12-16,386.31928166190784,386.74632774633267,373.86705857012015,375.4490661621094,82591400
2021-12-17,372.0424358932726,377.72989749215094,370.5283740874729,373.575927734375,80492500
2021-12-20,368.86368337590045,370.73923780206746,366.82291099792644,369.95208740234375,65336800
2021-12-21,373.2172923281782,378.54273153467176,369.475910973187,378.23175048828125,48899500
2021-12-22,377.9402862804048,383.0422031359455,377.27947369103094,382.838134765625,37042200
2021-12-23,383.18787732629505,387.1916616414903,383.0226890456838,385.7242736816406,29595500
2021-12-27,387.01678271988703,392.0992736816406,386.9876300995506,392.0992736816406,32820700
2021-12-28,392.9933253837321,393.16824111386956,389.40740463197875,390.2820129394531,33113700
2021-12-29,390.4180033576557,391.68132293082357,387.8524545141512,390.2236328125,32248500
2021-12-30,390.0098948570678,392.18673258954954,388.47447408727214,389.05755615234375,23850100
2021-12-31,388.3869956286929,389.74750060385117,386.1324275802682,386.6280517578125,34752900
2022-01-03,387.79415413474214,390.60265136644557,385.68537901164285,390.3499755859375,40575900
2022-01-04,390.8942872966026,390.93316734839436,382.19675150017935,385.28704833984375,58027200
2022-01-05,383.60575524836423,384.7233414945628,373.19785520664453,373.4505310058594,75739800
2022-01-06,371.6333557267831,376.42429149760477,369.407939874291,373.1882019042969,70814300
2022-01-07,373.19786937744817,374.879082866367,367.3768356036122,369.1454772949219,72652300
2022-01-10,364.247661267894,369.9035067803641,358.8930693798572,369.388427734375,91770500
2022-01-11,368.65957052256533,375.10256621805246,366.57994783943866,374.9373779296875,68295700
2022-01-12,377.5029014224506,379.1938423091481,374.15023158187194,376.4242248535156,54576400
2022-01-13,377.80421225379126,378.4844796816255,366.0746852629771,367.0075988769531,77994000
2022-01-14,364.49056735179727,369.6216354540226,364.28646937948554,369.2912292480469,80121200
2022-01-18,363.48972471895746,365.60822787238124,359.3401466297135,360.09814453125,75450900
2022-01-19,361.65296668451333,364.12133062577544,355.88051057735197,356.1429138183594,81791500
2022-01-20,359.3595316502434,363.3244361362188,350.9826763092112,351.51715087890625,88610700
2022-01-21,349.33063330077016,351.9641855527727,341.4882521292177,341.77008056640625,143388900
2022-01-24,336.1530270769573,343.9954061982597,324.72472827288186,343.3345642089844,198685800
2022-01-25,336.8916660148258,341.12867144360456,332.04239627859437,335.3756408691406,124398400
2022-01-26,342.95564528881357,346.8136666435928,331.16778546967276,334.85089111328125,146559500
2022-01-27,339.5446962538565,341.36194563895447,330.4584196715779,331.47882080078125,95255700
2022-01-28,333.3543940286969,342.0908099619055,328.41769504756473,341.87701416015625,108167900
2022-01-31,343.2374887444185,353.3927134005564,341.6048530649411,352.80963134765625,94326400
2022-02-01,354.1507095470386,355.86107565255384,349.0099431185774,355.2099609375,74433000
2022-02-02,359.33041880288266,359.66082507521895,354.0147065095673,358.0962219238281,78777100
2022-02-03,348.41721077068075,351.7213035776529,342.5184156113842,343.5776672363281,95384800
2022-02-04,344.092723711356,351.2062611980714,342.0422530997897,347.9118957519531,86318300
2022-02-07,348.5045870001387,350.8660381334191,343.859415166104,345.113037109375,58198100
2022-02-08,343.97611071193523,350.0789743336064,342.8488263924174,348.9905700683594,64720900
2022-02-09,353.4996664580584,356.4636252181494,351.90591064201226,356.3858947753906,55766400
2022-02-10,349.379258893997,356.1526621410885,346.48333266039094,348.32000732421875,112468500
2022-02-11,348.31991658227116,349.9136720637054,336.04616065472436,337.2706298828125,101569100
2022-02-14,336.7167440292433,341.08011731803214,334.1901044767984,337.68853759765625,80254400
2022-02-15,342.9556624755889,346.3180598271027,341.89641107359364,346.0848388671875,55128800
2022-02-16,343.83999267312174,347.0177468284198,340.8176993840972,345.99737548828125,58947100
2022-02-17,342.7903763290383,343.4900687263709,335.28813049083004,335.7060241699219,61801400
2022-02-18,336.63897933491177,337.0276907913628,329.57405148795016,331.877197265625,80001500
2022-02-22,328.9423842207232,334.33585613484354,324.9191744067553,328.5439453125,85967100
2022-02-23,331.6925402163957,332.5282683298599,319.8172233308775,320.1282043457031,86215400
2022-02-24,309.84674699885267,331.42058229144203,309.2831196158907,330.8860778808594,130614100
2022-02-25,331.6828682136634,336.22115733319424,327.8734539442617,336.0170593261719,78842100
2022-02-28,332.84906236020663,338.7089770561175,331.6926255100852,337.0180358886719,77515500
2022-03-01,335.99760742770474,338.2618732660849,329.3408159261966,331.8577575683594,67407000
2022-03-02,333.4029985108996,338.75759175324475,330.643107721953,337.4262390136719,70609000
2022-03-03,340.05965682523,340.1665695205929,330.7498891164261,332.60601806640625,71089400
2022-03-04,330.2543443538934,331.6828821792647,325.4731362920545,327.7859802246094,76936300
2022-03-07,327.7762230578139,328.9326596429249,315.49273953947994,315.6968078613281,89933800
2022-03-08,314.9096688017703,323.81130073548536,310.91561179020954,314.22943115234375,116153900
2022-03-09,322.3925962780925,326.89200636083604,319.80762118619595,325.54119873046875,64723400
2022-03-10,321.4887361051829,323.13106950967347,317.49464935743885,321.926025390625,69362700
2022-03-11,324.89005326370767,325.20103434271135,314.76395059746164,315.2498474121094,66228400
2022-03-14,314.01570617217186,317.3781041039581,308.4959250184995,309.19561767578125,79802600
2022-03-15,311.829144478583,319.6715261837505,310.22569092178213,318.8940734863281,76471000
2022-03-16,322.800653231215,330.83737463264583,319.1369728320609,330.72076416015625,105243000
2022-03-17,328.82584474293503,334.78294514473345,327.5333721111033,334.7246398925781,67810000
2022-03-18,333.0725203319514,341.8672699778357,331.91608360541323,341.5757141113281,85446300
2022-03-21,340.74285245484646,342.961279812273,336.2475907234622,340.6260681152344,73799100
2022-03-22,341.1222786978878,348.1862311793844,340.74282612718025,347.32025146484375,63345900
2022-03-23,344.44997862782566,348.00140453374314,342.27044957821784,342.3288269042969,70615500
2022-03-24,344.2456257889737,349.98632015490364,342.09531511149896,349.9376525878906,53555300
2022-03-25,349.87916963251104,350.9300205639379,345.35475009952313,349.6456604003906,57584200
2022-03-28,349.63604389404026,355.15293899033514,348.4003508483054,355.0556335449219,56833900
2022-03-29,358.9377881071644,361.7886558426359,356.17448634348654,361.16595458984375,68073000
2022-03-30,359.3076500976555,360.9617537405955,355.6978463822823,357.1767883300781,68757700
2022-03-31,357.32269270861195,357.6729863672548,351.9128426053536,352.7496337890625,67011400
2022-04-01,353.0123751542418,353.7907594126433,348.9063343502432,352.07830810546875,54527800
2022-04-04,352.91493320661743,359.3367047818677,352.65223530203457,359.32696533203125,45950200
2022-04-05,357.8773301541401,358.5876272763076,350.21012391238133,351.3485412597656,62738700
2022-04-06,346.0456573966083,347.1451464708245,341.0931165302521,343.72021484375,90077100
2022-04-07,342.7278111888392,346.7268368015889,339.2736901924648,344.53759765625,63777400
2022-04-08,342.8055985586758,343.55479400380557,339.08875060779496,339.72119140625,61956100
2022-04-11,335.49841960824415,336.4130373274305,331.34374144933133,331.6842956542969,66107400
2022-04-12,336.4227688302859,338.3006420992294,328.91124606106035,330.2831726074219,72790200
2022-04-13,330.62366112785617,338.0476171002027,329.9036543907253,336.9967956542969,61367800
2022-04-14,337.08431664837485,337.6000026981519,329.0765588554386,329.2906188964844,73519400
2022-04-18,328.239800156559,331.8301533269477,326.7219306512583,329.5436096191406,58560600
2022-04-19,328.90148159846586,337.48330417965906,327.87984877884975,336.90924072265625,56515700
2022-04-20,337.71682064449476,338.1741294682281,330.77936175599643,331.99560546875,65500000
2022-04-21,335.8681236050161,338.4757429014139,324.2019238495769,325.1262512207031,75801000
2022-04-22,325.2819373420836,326.49818102204216,316.18442867730363,316.612548828125,82562100
2022-04-25,314.9877203304042,320.9910835818568,313.72280886056757,320.6797180175781,101755900
2022-04-26,318.62667850838835,318.8115499365744,308.303185966465,308.5756530761719,105819600
2022-04-27,308.67289012652145,314.1605955718625,306.4933910697068,308.20587158203125,111204200
2022-04-28,313.1584168987433,320.9813042687386,308.9453323211906,319.1520690917969,99450000
2022-04-29,314.95845789599684,318.39312867132884,304.15820867399975,304.7906494140625,91977900
2022-05-02,304.38195015760095,310.11290378130064,301.2878338206507,309.87939453125,115511800
2022-05-03,309.8989005937919,312.49681025101495,307.4469639380765,310.21026611328125,78185500
2022-05-04,310.686971728008,321.3704654769207,305.4133564636911,320.6990966796875,116083400
2022-05-05,316.3888495244419,316.46667607219075,301.25875695687705,304.5474853515625,154607400
2022-05-06,302.55281558180513,306.58099955377276,296.8704984927838,300.8987121582031,139572800
2022-05-09,295.28453273033836,300.996008618568,287.7340820427355,289.1254577636719,113387300
2022-05-10,296.2867628207278,297.5030067590173,288.56117894923665,292.6380310058594,124124600
2022-05-11,290.38063535798904,295.87805126741296,283.09291217982707,283.9588623046875,140326100
2022-05-12,279.6873819339684,287.7632273238353,277.24515535486245,283.2874450683594,120910900
2022-05-13,287.73407242102456,294.8174745830036,286.138346424551,293.7861022949219,83684900
2022-05-16,292.04452036190986,294.0975557941602,289.1060853762999,290.3807067871094,59190400
2022-05-17,296.2283334335822,298.2813385877997,292.4336292581644,297.9018859863281,62715300
2022-05-18,293.39691278746375,294.0877309048691,282.02259916541067,283.27777099609375,79477100
2022-05-19,281.47774051592484,286.44002110714024,279.81389763549873,281.7598876953125,79920700
2022-05-20,285.2140563496369,285.8659464335845,272.6429466835041,280.88421630859375,91764200
2022-05-23,281.9252836170379,285.9340180153602,279.5317243809088,285.5545654296875,63648400
2022-05-24,280.34904251119707,281.05930982802573,274.62782739676254,279.4830627441406,73491100
2022-05-25,277.99436128506386,285.4669845959224,277.7900406726398,283.3945007324219,67144500
2022-05-26,282.5966422587601,292.79363954107737,282.3144654224691,291.2465515136719,59462200
2022-05-27,294.36990205158577,300.898689886617,294.2531474079172,300.75274658203125,66985600
2022-05-31,300.7235693775658,302.9225178684783,296.1115529228091,299.95489501953125,60968300
2022-06-01,302.08576970712096,304.20689175701307,295.5277926730619,297.7364807128906,65341700
2022-06-02,296.6175262442658,306.0652992066853,295.2066716427817,305.8901672363281,59291300
2022-06-03,300.68462339025336,302.08573847126695,296.6856284627201,297.9310607910156,60914700
2022-06-06,302.3581632186797,303.91496098729647,297.36669466302385,298.9234924316406,51785000
2022-06-07,295.6056357754856,302.28039753027656,294.51588602616147,301.5019836425781,44900300
2022-06-08,300.7041419165624,303.3020520553921,298.48571414248147,299.3322448730469,38342100
2022-06-09,297.6489977653849,300.70418758710065,291.14939624459726,291.3147888183594,55900500
2022-06-10,285.7199902862331,286.9070454341088,280.59231706610126,281.0398864746094,85963500
2022-06-13,272.1953595630183,274.7154131267683,267.11632432016336,267.9725646972656,94442000
2022-06-14,270.16178660559007,271.13478157440943,265.95844121386256,268.45904541015625,64697500
2022-06-15,271.8742658322574,279.084132383306,269.1401226661851,275.1629638671875,86051400
2022-06-16,268.1477498634482,268.60505880586027,262.0081523836244,264.0611877441406,81910300
2022-06-17,264.8297459443836,269.70445991716934,263.20486108242034,267.27197265625,82703400
2022-06-21,271.74371356643644,276.3255925653468,271.6364926592741,274.01513671875,51633700
2022-06-22,271.5194638703662,278.0120701285901,270.9248103368387,273.6154479980469,67472900
2022-06-23,276.091636067489,278.538557869846,273.2645322094914,277.6904296875,57457800
2022-06-24,280.50775765911123,287.6242928528951,280.27379948579727,287.205078125,58422300
2022-06-27,288.56015599287156,289.12556482992136,283.96854832732276,285.0993957519531,54151500
2022-06-28,285.63557950838435,288.2189670248212,276.22813377843664,276.4133605957031,61609800
2022-06-29,276.27683836873155,278.16807955603764,273.7811854154774,276.6667785644531,57302700
2022-06-30,273.693447915799,276.80327077260506,268.8483659202871,273.2352600097656,79313600
2022-07-01,271.9386625750301,275.42866694103077,270.06690827922216,275.0387268066406,56675100
2022-07-05,271.31479546811505,279.86435457980684,269.79400777721827,279.74737548828125,61829300
2022-07-06,280.12747914736366,283.6369992909953,278.4117071325837,281.541015625,63194700
2022-07-07,282.35029021292183,288.2677307428875,282.35029021292183,287.5658264160156,56620100
2022-07-08,284.7386242831429,289.2912580133827,283.8027619892199,287.92645263671875,59895500
2022-07-11,285.51853385171637,285.74273381469544,280.8976821731195,281.7750549316406,55273900
2022-07-12,283.0230007116498,284.9337290424255,277.4564964678487,279.0455322265625,55797100
2022-07-13,273.54721785705755,280.809946723443,272.98177930472275,278.47027587890625,73939400
2022-07-14,275.87710345022225,280.3322447161999,272.76728096920294,279.4646301269531,63741800
2022-07-15,282.4477392370529,284.6411862021081,280.8391876622563,284.533935546875,63818100
2022-07-18,287.3122975281542,288.7161059163632,280.95618659025564,282.1260070800781,59519600
2022-07-19,285.74272385456845,291.0947540209909,284.1439604004065,290.8022766113281,55172600
2022-07-20,291.2215730383902,296.5930615564907,290.441662810798,295.4134826660156,67769400
2022-07-21,295.8715712154252,299.71254226297543,293.2199368336219,299.654052734375,55049400
2022-07-22,298.72797102452967,300.79468073009497,292.5765732733218,294.3995666503906,57127700
2022-07-25,294.4287925102195,294.8967385410693,290.72431645520345,292.7227783203125,40582400
2022-07-26,291.02657410878913,291.28004863943625,286.16200515865125,286.97113037109375,50074100
2022-07-27,291.52372654709603,300.7849468623081,290.95828801492434,299.0984191894531,69304400
2022-07-28,298.8839126594258,302.5981466237993,295.14043392960536,302.0229797363281,55139900
2022-07-29,303.56332661296017,308.4376532183859,302.1400018237952,307.531005859375,57501000
2022-08-01,305.7664871766876,310.7967955595493,304.674642830118,307.34576416015625,46358800
2022-08-02,305.05484849598304,310.54331488779303,304.00197736094,306.42938232421875,48676500
2022-08-03,308.1061269727694,315.5931141348035,308.04763744225164,314.77423095703125,53735700
2022-08-04,314.85228747313164,316.5583019667237,312.70757163811743,316.246337890625,38973700
2022-08-05,311.1672198285277,315.6905788028209,310.38733958312264,313.6628723144531,53894000
2022-08-08,314.57929189167635,318.26428160423654,311.1867498743477,312.6490478515625,43878500
2022-08-09,310.7578460208028,311.0113205557175,307.49207059279166,309.1103210449219,39764200
2022-08-10,316.4315380147607,318.03033145703176,313.9651298877678,317.73785400390625,51459600
2022-08-11,320.0579860916806,322.05644781812566,315.2323915319874,315.9342956542969,45897700
2022-08-12,317.98155014210124,322.2807096003693,316.92870872909947,322.08575439453125,40928400
2022-08-15,321.14013498645255,325.1858199654628,321.1206186404325,324.6886291503906,38266600
2022-08-16,323.7137511121716,326.0144485623333,320.88664784970257,323.92822265625,41186900
2022-08-17,320.79892851943316,323.09959632644143,318.15702215986727,320.2334899902344,47842200
2022-08-18,320.1847787832666,322.18324085585533,318.57625690160626,321.003662109375,41937200
2022-08-19,317.9718574471752,318.6250005983847,313.9846318203462,314.7450256347656,51770600
2022-08-22,310.4946053994254,310.7285635567942,305.6495235537209,306.4586486816406,51098900
2022-08-23,306.22462575230566,309.0322420489857,305.4544739798291,306.20513916015625,39497100
2022-08-24,305.72760203452094,308.9056735718043,305.12319009196636,307.0924377441406,38057100
2022-08-25,308.86656343289775,312.54182469616995,307.82348016039754,312.5223083496094,38098300
2022-08-26,312.22988392436116,313.42897905659123,299.6248816523211,299.7126159667969,69047700
2022-08-29,296.9634413953537,299.4980969416907,295.6571255581281,296.75872802734375,48321900
2022-08-30,298.40634354355325,299.02051358519344,290.93887004220585,293.4540100097656,51184500
2022-08-31,296.3493211651862,297.2462104165781,291.6407344093384,291.7479553222656,50044000
2022-09-01,289.2620929366268,292.2451789926336,285.5868607043659,291.8747253417969,57990700
2022-09-02,294.74080596198246,296.1153697670141,286.14248586269423,287.75103759765625,64666800
2022-09-06,288.22870983713847,289.1450856998673,283.55909620691773,285.6842956542969,57005400
2022-09-07,286.1619635068617,292.44982673200275,285.89873084010964,291.4554748535156,49260400
2022-09-08,289.38881321258356,294.28262703484137,288.02400754009454,292.966552734375,55649800
2022-09-09,295.2185231730528,299.8686509145676,292.9665861191948,299.3714599609375,56125200
2022-09-12,300.7459377659019,303.26107708875264,300.433973737331,302.92962646484375,45905700
2022-09-13,294.21431675154446,295.4036535312114,285.43080119279574,286.31793212890625,79562200
2022-09-14,287.45844742562514,289.46666701289985,285.69394409651983,288.58929443359375,54907200
2022-09-15,286.678645807711,289.07680611469806,282.1845013060577,283.7832946777344,65299400
2022-09-16,280.48824424377034,282.4379748363864,278.44102117141784,282.04803466796875,79920400
2022-09-19,279.4101481776457,284.400647072459,279.35155353808136,284.244384765625,52613800
2022-09-20,281.744290332558,284.2639794331516,279.68364231837523,281.97869873046875,51271100
2022-09-21,282.81862817140177,287.07669551664645,276.7929155274631,276.92962646484375,82931000
2022-09-22,275.40613537657015,276.41205021078554,272.3004988752839,273.5212707519531,62757100
2022-09-23,271.06011839978765,271.35312147078616,265.65942594872183,269.0678405761719,74815200
2022-09-26,268.59903872928675,272.95474328112414,267.1634101921664,267.9544677734375,71176700
2022-09-27,271.3139807998824,273.65785576360923,265.74725168254247,268.0618591308594,69780100
2022-09-28,268.0423230761711,274.6735615836087,266.56765151002577,273.3941955566406,79652100
2022-09-29,269.40957099535984,269.7904659590986,262.5537298839524,265.51287841796875,81216000
2022-09-30,264.6925166849334,268.7552471712326,260.85441884856453,261.01068115234375,78482400
2022-10-03,262.7784800501309,268.7260770978146,261.2744807425783,267.1341857910156,61267400
2022-10-04,272.46639747632554,276.2361550120086,272.46639747632554,275.5329895019531,66696900
2022-10-05,271.77307011007315,277.1737627669192,268.97995884489586,275.3865661621094,55766300
2022-10-06,274.3903369651509,277.5350452754022,272.89611396765815,273.2184143066406,53489400
2022-10-07,268.5893597545157,268.7163248102733,261.47958486812445,262.80780029296875,71354700
2022-10-10,263.003011358752,263.3936820987609,257.47538399634095,260.18060302734375,60393000
2022-10-11,258.5105553818787,261.37203629971344,254.92635755146634,256.60614013671875,66522500
2022-10-12,257.2409672276285,259.1551286146646,255.824890155114,256.5182800292969,50580200
2022-10-13,249.1937042363052,263.85274123440917,248.3147396179077,262.5343017578125,112894100
2022-10-14,264.8585952804451,265.45431746364756,254.057211485012,254.64315795898438,77244300
2022-10-17,260.6005911168947,263.9210844139179,260.50292341321784,263.0519104003906,64576500
2022-10-18,270.0639856097863,270.7280782327119,262.45612836152094,265.132080078125,69781000
2022-10-19,263.61825791775556,267.2805721992922,261.80176434002857,264.1651611328125,53115400
2022-10-20,263.2764245589844,268.41344003942646,261.6552664013889,262.8174133300781,60605500
2022-10-21,261.7138851597254,269.5170469661977,260.5810056434781,268.97991943359375,77897700
2022-10-24,269.2436137496372,272.86685542506865,265.6105963643657,271.9390869140625,63963600
2022-10-25,272.87664101194184,277.94528713947045,271.4019393644043,277.56439208984375,59014500
2022-10-26,271.9487887310459,277.3397341859061,270.94287431238723,271.4311828613281,63492400
2022-10-27,270.3179469473794,271.7730973816211,265.97198745982723,266.4895935058594,57760300
2022-10-28,265.86453765868845,275.11310465924555,265.6984996043365,274.6443176269531,62651300
2022-10-31,272.3980950662143,273.21844997546606,269.5365838875706,271.4507751464844,47742000
2022-11-01,274.91778423579706,275.474463278683,268.3158414074561,268.67718505859375,45895900
2022-11-02,268.6478471155482,271.7046637298962,259.3992810100123,259.4676513671875,79803100
2022-11-03,256.8600964665122,258.31524654113014,254.01813686948617,254.3990020751953,70038900
2022-11-04,259.32118901071505,260.3759225749942,253.02199553973088,258.4910583496094,78313200
2022-11-07,259.5360356389298,261.87016518539997,257.40701717498183,261.3330078125,47333800
2022-11-08,262.8468467559981,266.470089315202,259.31146639081186,263.23748779296875,63213800
2022-11-09,261.49902444026685,262.2803062590439,256.8796144708722,257.162841796875,64862100
2022-11-10,269.5561585437925,276.431523081821,267.4466615364443,276.1385498046875,99256700
2022-11-11,275.95295757603617,281.8908069268004,274.61499676162816,281.2266845703125,66961800
2022-11-14,279.1758181095572,282.44749215470483,277.7890381789667,278.7656555175781,55290700
2022-11-15,285.3772982992124,286.4027642223194,279.2832166231135,282.6232604980469,73985400
2022-11-16,280.6700712494689,282.71119791068736,277.945300529624,278.7656555175781,48859800
2022-11-17,274.3122614193195,279.62506171085806,274.15599908086324,278.1503601074219,55462100
2022-11-18,281.15831692559203,281.2559547943808,275.7185524153398,278.16009521484375,53588600
2022-11-21,276.77328608772194,277.92568713736597,274.4684839884339,275.2986145019531,40083500
2022-11-22,276.0310716559067,279.4199043836066,273.9020237252865,279.263671875,41873400
2022-11-23,279.2831941335777,282.69157828572867,279.1074102079972,282.0665588378906,46390000
2022-11-25,280.4747049756863,281.1778705742173,279.7227204371987,280.2110290527344,15498800
2022-11-28,278.23818945943924,280.25001818275695,275.17162744393033,276.0993957519531,38714200
2022-11-29,276.32413047917765,276.7245471910179,272.6422935981072,274.0095520019531,35618900
2022-11-30,274.2732190033669,286.6079011726027,273.42356665890117,286.5004577636719,74718100
2022-12-01,286.8227229382906,288.83455209178715,284.0784308462688,286.8520202636719,51547300
2022-12-02,281.79316597105014,286.58836052258783,281.6173522048387,285.7093811035156,53583200
2022-12-05,283.59013695842276,284.8597275295816,279.45903504101443,280.9142150878906,41482100
2022-12-06,280.7579030923493,280.8946139923922,273.7067262258463,275.093505859375,53937600
2022-12-07,273.91183381771685,275.9627359474948,272.2613483259807,273.9704284667969,45614300
2022-12-08,275.31815931385347,278.1796405660975,273.247735611834,277.2127990722656,42594900
2022-12-09,276.19717512715584,278.96101916564135,275.00570066119366,275.4451904296875,47860500
2022-12-12,275.6209240652235,278.9609682052221,274.58571215485995,278.90234375,35732500
2022-12-13,289.7135747476496,289.93820750157306,279.2247123590618,281.900634765625,80667700
2022-12-14,281.3146383261541,284.596088383624,276.56829193009787,279.8106689453125,64984400
2022-12-15,275.72835926526153,276.3924817045523,269.22411403723197,270.41558837890625,60554100
2022-12-16,269.7416958287019,271.2749622570811,266.23561368074434,267.8372802734375,68300400
2022-12-19,268.1065030236201,268.1946054220828,262.8397183407502,264.0732116699219,44167900
2022-12-20,262.90831903566806,265.6102461081993,261.3322148269279,263.8677062988281,51064200
2022-12-21,264.9053143928758,268.997340442255,264.063397286228,267.6953430175781,46394700
2022-12-22,264.68996240368404,264.81723138409126,256.9366225909554,261.1461486816406,60278400
2022-12-23,259.8832495982512,262.3991717432698,257.984074036482,261.73345947265625,39373600
2022-12-27,261.12649141146795,261.2341920149022,257.4945761108044,258.0329895019531,38009000
2022-12-28,257.631681705723,259.8832669653327,254.26407305415964,254.62628173828125,47139000
2022-12-29,257.42604987120274,261.7726133297164,256.73100004741883,260.83282470703125,45893600
2022-12-30,258.0721838889015,260.80347746144184,256.77018652297744,260.67620849609375,37858300
2023-01-03,262.99631964429176,264.4647525064881,256.6135422250686,258.9140930175781,42335300
2023-01-04,261.028697336775,261.8216488667412,257.00517487421524,260.1476135253906,47754900
2023-01-05,258.48341681871744,258.6498225223838,255.76192174232918,256.0751647949219,45396700
2023-01-06,257.807839899036,264.25915063166735,254.86117539261576,263.14312744140625,54659700
2023-01-09,265.13052477592913,269.49668814317135,264.23970149452265,264.8466491699219,45568700
2023-01-10,263.8187017183948,267.19611006139115,263.30965562590194,267.0884094238281,35247800
2023-01-11,268.1554927038183,271.81677656349837,267.3723104107386,271.7090759277344,44077000
2023-01-12,272.2670688897421,274.20541132136015,267.9792394919901,273.177490234375,60600000
2023-01-13,270.68119661229576,275.30186778202966,270.34835532627756,275.05712890625,44802900
2023-01-17,274.8612366565359,276.89748017241016,273.6962775958533,275.61505126953125,36269700
2023-01-18,277.1520216088116,278.69878771839575,271.82653224356756,272.0321044921875,47754500
2023-01-19,270.4070474982165,271.54263928726834,268.12609468186554,269.35955810546875,44150400
2023-01-20,270.96504787665987,277.06392032100797,269.90775941456707,276.7310791015625,60613600
2023-01-23,277.573015365785,284.10263098620993,276.78006390213943,282.8789367675781,52799900
2023-01-24,281.2637011658302,283.4565519167587,280.7448559479641,282.3013916015625,44875100
2023-01-25,277.79818058444965,282.29158256817345,275.26268952393536,281.67486572265625,50872000
2023-01-26,285.0914584536026,287.3430444421145,282.4482663146063,287.1668395996094,51596300
2023-01-27,285.8549400443847,291.98320962051486,285.7374701915448,290.0252990722656,56441900
2023-01-30,286.76543273377166,288.184930185092,283.7894294691375,284.1614074707031,49405800
2023-01-31,284.20053500918095,288.51773183569037,284.09286425715686,288.4198303222656,46705100
2023-02-01,288.2142410254188,297.0444073081402,286.14862975300457,294.5872497558594,67562200
2023-02-02,301.09728416938196,307.07868662040477,300.27496531504556,305.1599426269531,83070600
2023-02-03,298.52261628075865,305.81584484231445,298.1310401558854,299.73651123046875,76170800
2023-02-06,297.1227160126491,299.47220262591725,295.859855381322,297.2010192871094,40802300
2023-02-07,297.0737669255531,304.4844657154547,295.95777341891034,303.3586730957031,67584000
2023-02-08,302.0468560777966,302.9866447367629,297.2793488712019,297.964599609375,56720900
2023-02-09,302.34056156474935,302.4873988896817,293.8824030198418,295.33123779296875,49137800
2023-02-10,293.1775424584774,295.2235554396842,290.9944613958253,293.3929138183594,50050100
2023-02-13,294.79287421112434,298.6793287373951,293.61811566211543,298.0919494628906,39636700
2023-02-14,296.51583246097346,301.24417416914423,294.5774899026214,300.2945861816406,64079100
2023-02-15,298.48340830899485,302.7614373774855,297.7981576543399,302.59503173828125,43100600
2023-02-16,297.97443328027487,301.939190485225,296.77030744841954,296.9171447753906,59498600
2023-02-17,294.7340716825963,295.57595887855484,291.8265733221321,294.8221740722656,58230700
2023-02-21,291.0043221839152,292.4433879673602,287.7052469211058,287.84228515625,46526700
2023-02-22,288.419856449749,290.12322941132544,286.40321056697337,288.0576477050781,51389200
2023-02-23,291.6992788202481,291.855915235507,286.3933285514654,290.573486328125,69294400
2023-02-24,285.6199969766415,286.80452447929275,283.94596196734597,285.7080993652344,74332000
2023-02-27,288.8603441290352,290.2504439084221,287.16674072491605,287.7541198730469,48995000
2023-02-28,287.1275726619171,289.8882337310996,286.794731450613,287.3821105957031,48243100
2023-03-01,287.0884842115543,287.74436763145235,284.09288293100525,285.07183837890625,58287000
2023-03-02,282.58524982109236,288.23381133362534,282.3013444096141,287.4310607910156,53565900
2023-03-03,289.1735946627618,293.6082605819407,288.66451883186284,293.373291015625,60511500
2023-03-06,294.60679822424873,297.60239892870095,293.51037311351377,293.7061462402344,56736300
2023-03-07,293.75515206782217,294.67537252764663,289.49669013145973,290.1036376953125,65955800
2023-03-08,290.52453877912006,292.1496080791151,288.6743288918512,291.5524597167969,50876300
2023-03-09,292.0517280606583,294.6459835641774,285.6885184677988,286.5010681152344,71456700
2023-03-10,286.6674975098236,288.1555288425777,281.332208488785,282.4775695800781,98593600
2023-03-13,280.695915466039,288.2730213192512,279.1883156621142,284.57257080078125,97123600
2023-03-14,288.116307386435,291.6601204902129,287.27442024038487,291.1119079589844,73602500
2023-03-15,288.50793666855026,292.97197088859144,287.06887104002726,292.6391296386719,83631500
2023-03-16,291.7286777307518,300.7154801632473,290.9357263323166,300.353271484375,98198100
2023-03-17,300.2652022556537,302.64405671369144,296.9856956821453,298.9338073730469,89923700
2023-03-20,298.318062691674,300.3182016304703,296.11200333614676,299.9946594238281,56359500
2023-03-21,301.92617299814253,304.7303050536793,300.4162396258416,304.279296875,49757000
2023-03-22,304.2106715650756,309.0934270367483,299.9750603489493,300.1417236328125,75791900
2023-03-23,303.867498852042,308.01487084979055,301.0143254648975,303.7008056640625,74576000
2023-03-24,303.279226703165,304.91659613807786,300.9555157584749,304.8185729980469,57195200
2023-03-27,305.5147277600081,306.59325169668057,301.87718922602744,302.7301940917969,50287400
2023-03-28,302.15176593694804,302.18117887054166,298.818140547797,301.12225341796875,48585900
2023-03-29,304.8088215179433,307.2305860232359,303.99501385253745,306.6128845214844,53274300
2023-03-30,309.0836355781901,310.1425609016153,306.7010984828793,309.5150451660156,58354800
2023-03-31,309.74058319542,314.8978699971412,309.4366395928911,314.66253662109375,62138100
2023-04-03,312.54462026769846,314.16242078750673,311.2210088192587,313.8976745605469,47126800
2023-04-04,314.3389558514006,315.3488396151204,311.6230324871947,312.8388366699219,45875400
2023-04-05,311.8877854973382,312.82902914171353,307.93648914174224,309.7503662109375,62795700
2023-04-06,308.1031535335626,312.3289805472863,306.7109016681759,311.8387451171875,46916500
2023-04-10,308.9169253233724,311.7112729355998,307.1324613833151,311.6622314453125,45134700
2023-04-11,311.623020452729,311.6818762284548,309.15224481441595,309.6620788574219,40113600
2023-04-12,311.61319275357386,312.2014811346681,306.46572178178144,306.9265441894531,62813300
2023-04-13,308.6816198925004,313.4074964995308,307.5050728431719,312.9368896484375,54613800
2023-04-14,311.3876996774346,314.10359286375956,309.4463568345297,312.34857177734375,56278300
2023-04-17,311.936754058443,312.96626626896494,309.8679751984584,312.61328125,43007000
2023-04-18,314.7213730812334,315.14299834678144,311.436819206438,312.6329650878906,46746900
2023-04-19,310.23079927295413,313.5447956833242,310.1033332692326,312.4858703613281,38960100
2023-04-20,309.524827823203,313.0349001055698,308.8188876535836,310.1033020019531,62462100
2023-04-21,309.7405682000311,311.2014602783377,307.96591824991697,310.4268798828125,59002300
2023-04-24,310.2013498925206,311.53477578978936,307.61289267321985,309.7797546386719,44043100
2023-04-25,308.15219994563006,308.81891296001777,303.8381340762558,303.9361572265625,57121600
2023-04-26,307.3187345878107,308.7894406186017,305.2597401603852,305.7793884277344,55400500
2023-04-27,309.5346881769988,314.59389190375305,308.8973581277927,314.0938720703125,65430400
2023-04-28,313.8585155543405,316.34891993997377,312.7309800391621,316.26068115234375,59712600
2023-05-01,315.7998351196666,317.30976852368025,314.819364323584,315.89788818359375,41013400
2023-05-02,315.82927236122555,316.1528445049361,311.4073391555542,313.1427917480469,56519400
2023-05-03,313.5055780252668,316.1724601360595,310.9857605687903,311.0936279296875,59882100
2023-05-04,310.8680562966972,312.01522024964464,308.9659406314772,309.9954528808594,50224500
2023-05-05,312.25053444778104,317.43723331754506,310.03466088208035,316.584228515625,51806100
2023-05-08,316.123495374914,317.71185371995324,315.0449712142076,317.3686828613281,36465800
2023-05-09,315.7115977038759,316.57441679561487,315.04488474083917,315.358642578125,31768800
2023-05-10,317.79024470316693,319.6433491912204,315.319468640695,318.79034423828125,60446600
2023-05-11,319.339323968481,320.3688062509952,317.7901634820865,319.8295593261719,44278500
2023-05-12,320.3590001525392,320.78062531133344,316.6332233075497,318.6824035644531,48432800
2023-05-15,319.15304915138614,320.6433539464346,317.63330150857877,320.4080505371094,33375600
2023-05-16,319.69231959787356,322.47685319202157,319.653092386239,320.7708435058594,40019200
2023-05-17,321.8297425794394,325.231977629507,320.6531955111161,324.65350341796875,47486100
2023-05-18,325.0456729556433,330.89908490254527,325.0260743111693,330.6833801269531,64213500
2023-05-19,330.8990746384038,331.6050147982993,328.8793072212349,329.938232421875,61554900
2023-05-22,329.68333472224884,332.0560874268677,329.67352043849854,331.04620361328125,43015900
2023-05-23,329.33035129343335,330.4774853730587,326.4967763197645,326.8497314453125,48216700
2023-05-24,324.89859560084017,326.40852897088314,323.1239458935844,325.1731262207031,62891200
2023-05-25,332.5169418049666,334.35041774617036,330.09517729270715,333.0856018066406,66862800
2023-05-26,334.10522722069237,342.4294144347622,334.00717415994285,341.59600830078125,63007000
2023-05-30,345.8218996925252,347.01807544595437,341.72353831105124,343.1452331542969,72652200
2023-05-31,341.5666144604298,343.7530751587842,339.7429530992799,341.19403076171875,65105400
2023-06-01,340.9391148263001,346.4591401791111,339.89000391136346,345.1355285644531,50488600
2023-06-02,346.8905927733445,348.88094750532804,345.13557140426553,347.7239990234375,53372100
2023-06-05,347.5082632141949,350.5183157925331,346.9396033079213,347.9690856933594,47266200
2023-06-06,347.36121702936515,348.87115054026856,346.03757537663273,347.9102783203125,41390400
2023-06-07,348.1945805080894,350.14570771600313,341.38029686074765,342.0078125,69225900
2023-06-08,342.3019993278159,346.7141184230231,342.0765101683278,346.2532958984375,47153900
2023-06-09,347.7044313479588,350.6752572454701,346.1356717824505,347.57696533203125,53196900
2023-06-12,349.2339381988758,353.54800424786055,348.26328156629364,353.449951171875,44606500
2023-06-13,356.19521492658043,356.99917817359074,352.9988708163186,356.1658020019531,57097800
2023-06-14,356.1756899744658,359.0386784646019,353.3813715572253,358.75433349609375,69525600
2023-06-15,357.48943002914655,364.50960427288277,356.8717585834689,363.02911376953125,71138800
2023-06-16,365.44109260693637,365.5685586035656,360.30343498129747,360.74462890625,80932000
2023-06-20,359.2954729797386,361.6223714308522,357.2729350033405,360.2281799316406,49204700
2023-06-21,359.0892604464851,359.5212617465835,354.3961826523591,355.319091796875,53378300
2023-06-22,354.07223719849367,359.6685692880294,353.6696891244647,359.5115051269531,47603000
2023-06-23,355.62343279181744,358.2448937210334,354.2587246396304,355.94744873046875,48922900
2023-06-26,355.4173243059273,358.20567761932983,351.08751297508127,351.1758728027344,52685500
2023-06-27,352.71734684864873,357.94061440220145,351.9908127020582,357.21405029296875,49428100
2023-06-28,355.39777772264074,359.8552009307099,355.3192156610705,357.9112243652344,46498000
2023-06-29,357.61654001390474,358.25474418729056,355.5547510195842,357.1943664550781,46151000
2023-06-30,360.8664022946448,363.75294327955527,360.5522439954608,362.7024230957031,58712500
2023-07-03,363.34060941560574,364.18495668920536,362.2606059565248,363.5566101074219,19432900
2023-07-05,361.9954971505115,365.245305048856,361.95621612900413,363.5467529296875,34460900
2023-07-06,359.84530813103913,361.2198442191098,357.8914743704505,360.77801513671875,49374700
2023-07-07,360.552279388243,363.74318120169914,359.35446273976294,359.58026123046875,47133700
2023-07-10,359.3052777456709,360.3754533005734,356.8016596081861,359.697998046875,48498800
2023-07-11,360.1201872029611,361.92672448646726,357.9896339609882,361.47509765625,38214100
2023-07-12,365.569305989517,367.38567128465127,363.56639328791454,366.04058837890625,61975400
2023-07-13,369.2117973399221,373.0801537556552,368.63252964837125,372.25543212890625,46960000
2023-07-14,372.6874438132465,375.89797058834614,371.30307998472483,372.1769104003906,55148500
2023-07-17,372.89362686917195,376.5263572948827,372.41254671777875,375.65252685546875,40868900
2023-07-18,375.01441437299405,380.0904160519038,373.0900634877034,378.7256774902344,55262000
2023-07-19,379.7860057687003,380.92491572466935,377.31181070611046,378.63726806640625,54093000
2023-07-20,375.65250309531353,377.11542891158786,368.8878082777799,369.9089050292969,71941700
2023-07-21,372.2848722481644,373.01143624527225,368.3674371688673,368.7994384765625,60499600
2023-07-24,369.77144236598883,370.7139770949079,367.5329036581569,369.3885498046875,40380100
2023-07-25,370.095471695657,373.5514524681498,370.0758162038911,371.8921813964844,38894400
2023-07-26,370.85146547724776,372.34381470791544,368.3576449536726,370.65509033203125,47075700
2023-07-27,376.1042086566428,377.7143710863636,368.4853079954955,369.771484375,63940200
2023-07-28,373.8165183428045,377.52778067210954,373.3059849403435,376.5067138671875,56902900
2023-07-31,376.8110487527904,377.8812242499964,375.3874040297104,376.7030334472656,44019900
2023-08-01,375.3579718103383,376.58524148091766,373.7674351112896,375.8292541503906,41060600
2023-08-02,372.36343848100574,372.36343848100574,366.34490334074667,367.5820007324219,72687100
2023-08-03,365.1764940471929,369.1135841630554,365.0095722128286,366.99285888671875,47666400
2023-08-04,368.9172778959113,371.22455096243897,364.7740141219679,365.2747497558594,61702800
2023-08-07,367.08125548194647,368.465619202289,364.75435708743095,368.367431640625,37230400
2023-08-08,365.86388069013714,365.88350622101325,362.1133368704618,365.2355041503906,44726500
2023-08-09,365.5202683218961,365.67736246937346,360.4639221732136,361.21990966796875,51150900
2023-08-10,364.2242387992854,367.55257905736823,360.36570957559326,361.88751220703125,72035300
2023-08-11,359.33480724481825,361.30826687749436,358.05845850449373,359.58026123046875,48707200
2023-08-14,358.7850220521955,363.73338319708216,358.0683155315829,363.6155700683594,42130800
2023-08-15,362.64346888927497,363.4387672515518,359.0893004933411,359.7569580078125,45539900
2023-08-16,359.21688161171664,360.7485116054265,355.84926117443393,355.94744873046875,53190500
2023-08-17,357.34165229341386,357.68529379874263,351.6471329234823,352.0594787597656,62604300
2023-08-18,348.7998694013037,352.8743987300196,348.25985276668825,351.61767578125,61191400
2023-08-21,353.0805751506704,357.9602006257044,352.61912054975676,357.2827453613281,50696500
2023-08-22,359.88452520308874,359.8943529479239,356.0849033188454,356.7721862792969,44530200
2023-08-23,357.95041608652554,363.4878719658875,357.73441539699064,362.3980407714844,51770600
2023-08-24,365.86386987869173,365.9620274928143,354.44534683803494,354.6515197753906,66842500
2023-08-25,355.4860812682195,359.08932875257835,352.05952348779107,357.4006042480469,69960500
2023-08-28,360.31661880045664,361.023527469029,357.62645273852735,360.0908203125,40910000
2023-08-29,359.8943792008163,368.3085473758451,359.57039318662726,367.955078125,58492400
2023-08-30,368.06310401186664,370.58637775483646,367.06163274123446,370.007080078125,41731500
2023-08-31,370.0855911548124,372.8150374459517,370.01685686871684,371.1164855957031,35730700
2023-09-01,373.48271585638196,373.90488944977284,369.2412645055501,370.72381591796875,39801200
2023-09-05,369.9186899736173,372.4125102375906,368.9957808199257,371.195068359375,32344200
2023-09-06,370.4194183599775,370.7630598403268,365.9227157314674,367.92559814453125,42998700
2023-09-07,363.47800739370695,366.0700154055185,362.43728507574485,365.29437255859375,52060700
2023-09-08,365.2452889138303,368.0336420648667,364.84274085842384,365.8049011230469,35800100
2023-09-11,368.8289055609646,370.6256151868504,366.86527407523045,370.1150817871094,39936600
2023-09-12,368.4459923260315,370.09546558722934,365.7263734362904,366.0111083984375,41391000
2023-09-13,366.24676843328615,369.00566859817417,365.11768618873833,367.4053039550781,46300700
2023-09-14,369.1529144210235,371.3914532548078,367.0911252035005,370.4096374511719,48039400
2023-09-15,369.07437464090987,369.47692270751975,363.13437117524467,364.0671081542969,69811200
2023-09-18,363.1290907956141,365.55768735077066,362.8439436680501,364.4466247558594,36903500
2023-09-19,363.12912296972536,364.4663109860004,360.6513463421351,363.6698913574219,37621700
2023-09-20,364.7318447095917,365.0857956922663,358.350614993545,358.4292907714844,45514200
2023-09-21,354.7519562305208,355.5385639641375,351.69410305800875,351.8612365722656,69734800
2023-09-22,353.6015387690444,355.7351463260218,351.59572682123036,351.9103698730469,51589700
2023-09-25,350.946749858734,353.6703353558498,349.96351292975584,353.5818176269531,39168000
2023-09-26,351.00573628756047,351.5465345938054,347.2891019532978,348.2723388671875,53657700
2023-09-27,349.4227979827455,350.9959833105589,345.47016572078735,349.0885009765625,56066000
2023-09-28,348.17404910105444,354.13249308803233,347.3186376888386,352.0086975097656,56453300
2023-09-29,355.4794861743279,356.86585383894084,351.0352360706301,352.2642822265625,64829600
2023-10-02,352.5298176765403,356.6004034300205,351.920215511054,355.2042236328125,51625100
2023-10-03,352.7657699218875,354.9583992356811,347.35796641786914,348.9704895019531,60478500
2023-10-04,349.8062188530663,354.56508236180133,349.3440962599654,353.7195129394531,54786700
2023-10-05,353.7097246571762,354.1128554915843,349.1868577474628,352.6773376464844,45897400
2023-10-06,349.688234949587,359.776256226346,348.90165734771625,358.5865478515625,75049100
2023-10-09,356.2267752731896,360.95614313711815,354.7322657423187,360.4153747558594,45304800
2023-10-10,360.7497341493862,365.05631802328355,360.24830356553474,362.4114074707031,46968800
2023-10-11,363.7386808007652,365.1840403219453,362.0180161329799,364.9972229003906,38215100
2023-10-12,365.49875723031494,367.47504350128503,361.339653276154,363.7289123535156,49587900
2023-10-13,364.3581003315198,364.9382064939926,357.760559216972,359.1567687988281,52469900
2023-10-16,360.4743506507929,364.26966114247915,360.3268710993312,363.21759033203125,44201100
2023-10-17,359.67800275783446,363.71912330943644,357.56404874949664,362.0279541015625,50999100
2023-10-18,359.5402716005428,361.74271278433133,355.95143269937324,357.27880859375,54280500
2023-10-19,358.6947159060048,359.88442436830707,353.1394324183459,353.93585205078125,72274200
2023-10-20,353.4343398496626,354.0046340746767,348.429667456951,348.65582275390625,72559700
2023-10-23,347.33831149401016,353.2377334816468,345.23416991553404,349.7079162597656,60665200
2023-10-24,351.5171154864394,353.87687859413626,349.8259464248205,353.1099548339844,47082100
2023-10-25,350.7206577008455,350.89763316333773,343.88714839649435,344.4672546386719,71190500
2023-10-26,343.267696574336,344.2017837265647,336.611192887755,337.89923095703125,78621400
2023-10-27,340.6227965987471,342.99240143827143,338.3121835804546,339.5215759277344,63476700
2023-10-30,341.99931460839315,344.66390849909146,340.64247274510757,343.34637451171875,55298500
2023-10-31,343.37591004744985,345.3620382266875,340.8096455624095,344.9884033203125,47671900
2023-11-01,345.8241052486329,351.5367095936347,345.7257755512951,350.97625732421875,58992700
2023-11-02,355.4794816006425,357.5835929894018,354.26024742555796,357.3476257324219,58162400
2023-11-03,358.63567805070596,362.8340890313427,358.4095227497028,361.5460510253906,53280500
2023-11-06,362.3129727394406,363.58135680184796,360.7594715669343,363.0209045410156,38848700
2023-11-07,364.06313450375467,367.31764640624897,362.86358422507635,366.4524230957031,50777400
2023-11-08,366.8260836356328,367.5242035801458,364.40732877415047,366.6884460449219,35663400
2023-11-09,367.3766793306541,368.5172078212966,363.37489762365516,363.86651611328125,53859400
2023-11-10,365.58724387150767,372.194598711743,365.05628740946634,372.047119140625,58309800
2023-11-13,370.47386757730806,371.93888106562486,368.949832265062,370.8868103027344,40733500
2023-11-14,377.2778882842763,379.7851608200815,376.7567738366485,378.8707275390625,67792600
2023-11-15,380.7585957015181,381.2502142886085,377.79904220530835,379.1559143066406,54141400
2023-11-16,378.3889683945876,379.7163445033514,377.1304260854373,379.4803771972656,45343500
2023-11-17,378.7527136312029,380.58155004111273,377.8481524011065,379.5688171386719,46571900
2023-11-20,379.5787091248422,384.8488761209053,379.5787091248422,384.1900939941406,44429600
2023-11-21,382.4891168957975,382.7054302823693,380.2178413398027,381.9581604003906,43337000
2023-11-22,384.0229143712358,386.4810070765754,382.51856283580855,383.5214538574219,44121000
2023-11-24,383.1182894317616,383.708237630474,381.98757288773646,382.98065185546875,15718800
2023-11-27,382.4891017916387,384.59321373609464,381.77132785408145,382.64642333984375,34139700
2023-11-28,381.8990703724216,384.22933716140074,381.5450894644949,383.64923095703125,35491100
2023-11-29,386.10733154752785,387.5330371689785,382.93146530431625,383.2756042480469,38811700
2023-11-30,383.5410579115637,384.00318048030203,379.35248889054185,382.31201171875,52834400
2023-12-01,381.25021162109743,383.993451719553,379.5983803814753,383.40350341796875,40490100
2023-12-04,379.617991403439,380.1194519039936,376.2454955023304,379.8441467285156,51186900
2023-12-05,377.9465309509255,381.9876211111443,377.7695254647577,380.79791259765625,42933000
2023-12-06,383.72789633150694,383.8262260335149,378.2512890012092,378.59539794921875,41994100
2023-12-07,381.56479841909,384.7111388866254,380.4733897212856,383.8852233886719,49593500
2023-12-08,382.1548003099224,386.0385690896342,381.96798284897744,385.59613037109375,46687500
2023-12-11,385.173227643319,389.15535523706956,384.9667562884758,388.8898620605469,41198000
2023-12-12,388.92920852338335,392.10507469839604,387.79849202341643,391.9870910644531,39221200
2023-12-13,392.9212356032413,397.5817702171106,392.1543118059462,396.97216796875,55408100
2023-12-14,398.19136460119086,399.4892147459376,393.62913013403534,396.6280212402344,55447800
2023-12-15,397.4047599779828,399.7252151143467,396.80499975575367,398.5453186035156,62896600
2023-12-18,398.93742692657247,401.9521395300037,398.6123238311212,401.05560302734375,46610000
2023-12-19,401.50883753502166,403.2230777118832,401.32164693341616,403.1048583984375,35711900
2023-12-20,402.30683565782135,404.3954569739908,396.9374781641633,397.11480712890625,54042400
2023-12-21,401.03589782139267,402.099931688355,398.48423095913716,401.7353820800781,45568900
2023-12-22,402.94718451843084,403.9028306330073,400.46448897301167,402.33636474609375,34314000
2023-12-26,403.1934950573824,405.4693068819968,403.09496894766085,404.79937744140625,22722500
2023-12-27,405.0812491322591,405.909249511166,404.22364830383907,405.6233825683594,31980500
2023-12-28,406.7767606385684,407.02319044168144,405.0714555715917,405.4263000488281,27029200
2023-12-29,405.40656720929155,405.7614417426566,401.75939435396884,403.67169189453125,42662100
2024-01-02,400.04419342402826,400.2906231728418,394.5241610342552,396.8406066894531,58026900
2024-01-03,394.21863608310093,395.2733627494612,392.2077907594022,392.6414794921875,47002800
2024-01-04,390.77850725005516,393.8835165960706,390.40392915516384,390.62078857421875,39432800
2024-01-05,390.788402707549,393.8539750888315,389.6942387142963,391.0841064453125,44922800
2024-01-08,392.30636506653144,399.4528290895522,392.1585132065455,399.1669921875,42473800
2024-01-09,396.170378049777,400.8821142748439,395.97322219161936,399.9555358886719,39132900
2024-01-10,400.2709695281349,403.6716824367077,399.383828338149,402.666259765625,33962800
2024-01-11,403.9378386838797,405.3277062256267,398.4670796261402,403.5041198730469,54536200
2024-01-12,404.5391516370874,405.3770189692426,402.32128344819796,403.7111511230469,39595000
2024-01-16,402.47898015651396,405.24884853688053,401.0201049980327,403.67169189453125,43903000
2024-01-17,400.36958802757596,401.76929247140635,397.1660005689436,401.39471435546875,54386000
2024-01-18,404.65743545684825,407.6737338045604,403.3168717830929,407.0921630859375,59562500
2024-01-19,409.29028375063245,415.32287979779335,408.7087130945052,415.1651611328125,70325100
2024-01-22,417.3633986105097,418.66455526307277,415.106093065319,415.7073974609375,44880600
2024-01-23,416.3973194073097,417.64920193832427,414.56389628879094,417.4323425292969,33003800
2024-01-24,421.3358027969349,423.7113895972311,419.25591971378685,419.748779296875,46948000
2024-01-25,422.2426581747515,422.91297008670307,417.9252333872892,420.2613830566406,44367200
2024-01-26,418.378637270388,420.12334933160764,417.10705114752705,417.75762939453125,37137000
2024-01-29,418.2110796891318,422.2328309241424,417.5605013987106,422.0356750488281,38694700
2024-01-30,421.00072271663726,421.5724266796445,418.31956499399234,419.2264099121094,36739000
2024-01-31,414.83994578407896,416.8310878079904,410.8379280992408,411.0153503417969,64010600
2024-02-01,412.80932557002757,416.3480536600138,411.8433099868885,415.8551940917969,51008600
2024-02-02,417.7477737801536,424.0958076653043,416.7522178703175,422.8833923339844,59602400
2024-02-05,422.9425620148611,423.47482874620573,418.9306774838046,422.3314208984375,39889200
2024-02-06,423.47478440731186,424.07608872396537,419.1474930343102,421.483642578125,35846100
2024-02-07,424.2634689971315,426.6488929780822,422.962312235649,425.8208923339844,37712700
2024-02-08,425.9391240933782,427.36842901648737,425.2590054966157,426.60943603515625,29889900
2024-02-09,427.74296066703954,431.5971260660349,426.9543973976089,430.80853271484375,36943900
2024-02-12,430.70011192044177,432.868706003154,428.44280672731315,429.1229553222656,33203300
2024-02-13,421.17807914380745,425.11108894421386,419.2559147597717,422.429931640625,64491700
2024-02-14,425.10129337067605,427.45714673560053,422.75527674265163,427.0332946777344,45092700
2024-02-15,427.7232693956781,428.7681292944683,425.1702303097586,428.3048400878906,38796100
2024-02-16,428.6794261127702,428.777973964782,423.711393051843,424.4211120605469,53716500
2024-02-20,422.4298834310959,423.9380323621381,417.4520143015258,421.21746826171875,53999500
2024-02-21,418.4870919149259,419.62069310797756,415.60880857574824,419.5319519042969,49779000
2024-02-22,428.28507368953393,432.8489578456421,427.51621400996174,431.81396484375,53887800
2024-02-23,433.3714286486903,434.29800707839775,429.566567077912,430.54241943359375,39853900
2024-02-26,431.35069696286195,432.3364160920816,430.1283847870325,430.315673828125,33043200
2024-02-27,431.4197155682474,431.73512283553583,428.81740256122896,431.3507080078125,33713200
2024-02-28,429.21170427760325,430.43401654188887,428.0978367678952,429.0539855957031,32938800
2024-02-29,431.971719963964,433.805143169312,428.8075397894262,432.730712890625,42495200
2024-03-01,433.6178291770783,440.20242559258236,433.55868843719577,439.24627685546875,43853000
2024-03-04,439.24633661449366,439.67021875033345,437.43261682056914,437.6790466308594,34325700
2024-03-05,434.64299593013743,434.65286274760854,427.4570950439002,429.82281494140625,57917100
2024-03-06,434.03186124713403,435.67799537388134,430.65085179861904,432.5237121582031,46234500
2024-03-07,436.10189511921516,440.34047558255,434.56414551519805,439.088623046875,44526700
2024-03-08,439.44343796840656,442.2330399205405,432.08011494731943,432.7503967285156,72096000
2024-03-11,431.26201928456317,432.3955903546936,429.22157330927075,431.14373779296875,45860000
2024-03-12,433.4503189575067,437.67903270870585,430.22699788911217,437.3241882324219,55300900
2024-03-13,436.3285493906767,436.3482830248126,432.8489622045044,433.96282958984375,37928700
2024-03-14,435.19499608749015,435.7174260233508,430.1579857702073,432.86871337890625,52195200
2024-03-15,429.8425567567074,432.6025583426968,426.5600951429745,427.7232666015625,73069800
2024-03-18,433.036421029208,435.3164407459144,431.5657369238867,431.8026428222656,47323800
2024-03-19,429.79897352411336,433.2831618565317,427.70646045459057,432.87847900390625,43004100
2024-03-20,434.072806234284,438.34660092162113,432.375126124526,438.0110168457031,43653500
2024-03-21,443.0546570297953,443.5086789379876,439.8863232930999,440.0837097167969,39345700
2024-03-22,439.5705261179978,441.6827388437059,438.72167100878715,440.587158203125,28253900
2024-03-25,437.7938097715771,440.46866238486956,436.79693754756283,438.9881286621094,27789200
2024-03-26,440.508141346063,441.4260951876963,437.3398074713394,437.56683349609375,34142000
2024-03-27,440.6463730296431,440.74508131419196,436.1948914538814,439.0572509765625,41359200
2024-03-28,439.00795195171196,439.85680713043763,437.8926114897747,438.2479553222656,36839600
2024-04-01,439.19544982319275,441.7222252826808,437.2707436945137,439.17572021484375,38729000
2024-04-02,434.36889648212224,435.7013830284785,432.34551218244235,435.3855285644531,44259700
2024-04-03,433.26340566492473,438.2380076998727,433.25355592217153,436.3626708984375,39949800
2024-04-04,440.53776750365273,441.1497467951012,429.4633731365682,429.6903991699219,57267700
2024-04-05,431.1117294162477,437.4188182797079,430.30236365621766,434.75384521484375,54744600
2024-04-08,435.68162696824743,436.7574779320718,433.5003155689901,434.88214111328125,28144900
2024-04-09,437.21147393712283,437.4878390295883,431.7631206335741,436.490966796875,39443600
2024-04-10,431.32890559147586,433.5398267272392,430.6182480661889,432.6811218261719,61502200
2024-04-11,434.54653939889255,440.5377431354332,432.2763695555441,439.5902099609375,45474600
2024-04-12,435.3756576589064,436.5008477151884,431.2104212468401,432.5823669433594,53665000
2024-04-15,436.3231905448268,436.4120189606587,424.62696718234923,425.4659423828125,63453600
2024-04-16,425.3080155680643,428.1309157561056,424.1236065676271,425.50543212890625,47619000
2024-04-17,427.47948372681793,427.49921333458576,419.3858865543037,420.3136901855469,56880500
2024-04-18,420.9552691128481,422.6825587041997,417.34276269577936,417.9152526855469,46549400
2024-04-19,416.7406271666546,417.2637478692342,407.7093776191024,409.26885986328125,75231000
2024-04-22,411.89438243688096,415.71415492772303,408.5681212264379,413.3847961425781,47807700
2024-04-23,415.30946540362476,420.7479692653061,413.4341285924877,419.5536804199219,44384700
2024-04-24,422.64307665706934,424.1532199847882,418.69498637581336,420.9750061035156,48440300
2024-04-25,413.7993025224546,419.8004161798026,412.7136018716216,418.94171142578125,57392200
2024-04-26,422.0705668137359,426.93658062696824,421.3796691199886,425.4067077636719,41874900
2024-04-29,427.5091371576284,428.13096626394747,424.4000217475746,427.1340637207031,30022200
2024-04-30,425.5547604471097,426.9464658376995,419.0009464701138,419.07989501953125,43665900
2024-05-01,417.6585952639436,424.5579035239852,415.200918698871,416.04974365234375,52251700
2024-05-02,419.7806517948606,422.2580878768443,415.1712736472869,421.3598937988281,36559000
2024-05-03,428.8020708971148,430.8156052949475,427.00568266102414,429.8285827636719,48515300
2024-05-06,431.6249232146083,434.6254800209233,430.85504687658084,434.5366516113281,30227200
2024-05-07,434.9808778559684,436.23438573146836,433.87538722665875,434.6058044433594,30996100
2024-05-08,431.99015297025323,435.7507063041749,431.87168496757545,434.34912109375,24896700
2024-05-09,434.6156743673887,435.86921242263395,432.7699468137264,435.2967224121094,24580100
2024-05-10,436.7969628147865,438.54398186494984,434.78342840132655,436.32318115234375,27116600
2024-05-13,438.22818080669674,438.3268890969221,435.91855139882017,437.3299865722656,22994200
2024-05-14,436.9055116809251,440.6759449298251,436.71797499273384,440.1429443359375,34478300
2024-05-15,442.6104996038646,447.26924708406875,441.10035635930353,447.0224914550781,41464700
2024-05-16,446.8349786328984,448.78929416263776,445.9466643453945,446.1144714355469,34780400
2024-05-17,446.24277267953175,446.8448721279926,443.7061474930174,445.8973388671875,35803700
2024-05-20,446.1144399981396,449.6676968977595,445.92690331358295,449.00640869140625,24474200
2024-05-21,447.1607561428363,450.07245492877826,446.96333956141524,449.8849182128906,23167700
2024-05-22,450.1414844113186,450.89163115932746,447.2001464818163,449.7960205078125,25120000
2024-05-23,454.5732445844639,454.6028540574853,445.9861660713321,447.7726745605469,40899200
2024-05-24,449.38150492952377,453.2703761837025,447.683824939773,452.0069885253906,29669500
2024-05-28,453.22099679305967,453.7737269985474,450.7633203393182,453.7145080566406,26216800
2024-05-29,449.5690987463341,452.29326084604094,449.43090111352683,450.5166320800781,29739200
2024-05-30,449.58875340539146,449.72695101515984,444.3673958922953,445.69000244140625,30536800
2024-05-31,445.91702217912916,446.6079499751622,437.31018480642405,444.86090087890625,55941300
2024-06-03,448.6708265331581,449.66769877879955,442.0873731829806,447.24951171875,32997500
2024-06-04,446.99291582101387,449.667738607721,445.2755061521262,448.47344970703125,23767400
2024-06-05,452.03659383490276,457.5935054345104,448.51291613698316,457.5145568847656,33817400
2024-06-06,458.1956647463365,458.51151922968177,456.1920099325234,457.356689453125,21966800
2024-06-07,456.9914851894887,459.6959176011771,455.84653530531455,456.9519958496094,25829700
2024-06-10,455.82678145022857,459.1530427715406,455.5405364640256,458.7976989746094,20660800
2024-06-11,457.5244472583221,462.06475707214463,456.0340335493935,461.9462890625,22053300
2024-06-12,465.8647319245573,470.31621295998497,465.1738342596571,467.9967041015625,34532600
2024-06-13,471.52037818836476,472.18169650040807,468.26321606791436,470.5333557128906,25859000
2024-06-14,470.3359501520324,473.0404122806278,469.87204837286555,472.9713134765625,23372600
2024-06-17,473.23783479875635,480.54179582054763,471.93498789371336,478.7651672363281,37054500
2024-06-18,478.71585207369253,479.59428654506,477.1563394611156,478.9132385253906,24438600
2024-06-20,480.1075451466503,480.5220777695532,473.395773410486,475.2217712402344,33918700
2024-06-21,474.94538875408216,476.27787523634794,472.45810274298066,473.948486328125,37456800
2024-06-24,472.7245601699593,474.45459487021566,468.41431676949503,468.5527038574219,37751000
2024-06-25,470.63868428284394,474.20748452230674,469.699510446452,473.9109191894531,29014700
2024-06-26,473.09037443761645,475.4333612594301,472.6751829690312,474.8896179199219,22737100
2024-06-27,474.64251744151903,477.5885307943037,473.8318652198954,476.1155090332031,26222100
2024-06-28,476.9063514538497,481.6417124149617,473.0014035971446,473.64398193359375,34881600
2024-07-01,474.5634403475883,476.9854712588444,470.8265659344529,476.4219970703125,24898300
2024-07-02,474.9291724653536,481.48353792076165,474.80065076318266,481.4242248535156,26723600
2024-07-03,480.67293969761215,485.56647948026034,480.67293969761215,485.4379577636719,18064900
2024-07-05,486.2782373097051,490.93449434748237,485.9816417886156,490.49951171875,28495900
2024-07-08,490.86525904955414,492.219624364335,489.8470111715543,491.666015625,22109400
2024-07-09,493.1785514664755,494.29566449534104,490.5785514441239,492.0910949707031,25614500
2024-07-10,494.0090017669361,497.7755326004997,492.70408404314736,497.221923828125,28046900
2024-07-11,497.33070265719795,497.53829841203435,485.1314879153913,486.3177795410156,49966600
2024-07-12,486.8911002126349,493.91996972122695,486.42646110497833,489.17474365234375,37109400
2024-07-15,490.9443370805706,495.2941631670739,488.4530977332755,490.4895935058594,31151400
2024-07-16,491.94279432973485,492.7534464305453,487.5237900438396,490.6773986816406,25950600
2024-07-17,482.7094214942809,483.2234781761037,476.20450316938724,476.273681640625,56268800
2024-07-18,479.9907843804537,480.16872359296,470.8364183022551,474.0196838378906,49347400
2024-07-19,473.68354156914774,476.1945720575138,468.53298905861266,469.8181457519531,42042900
2024-07-22,475.67058279247493,477.83560010416363,472.2599308166882,476.8173522949219,40300000
2024-07-23,475.917744847748,478.90327973468084,474.6622447485179,475.1367492675781,23282500
2024-07-24,468.4143404864442,468.78011444305554,457.23337521393535,458.09344482421875,58818600
2024-07-25,458.4295829833595,462.6014396958231,450.43188256553566,453.041748046875,59256800
2024-07-26,457.371784394855,460.61436283274776,454.52463646511234,457.6881408691406,39992100
2024-07-29,460.3968919638833,462.5718051093693,456.35355676245223,458.6075439453125,28218500
2024-07-30,460.5352986729321,461.23719010265324,448.9687675027151,452.3102111816406,41317200
2024-07-31,462.53223532259034,467.3961180940794,461.08890038272096,465.69573974609375,44552100
2024-08-01,466.3778859810745,470.12462564471286,450.7779149807164,454.4159240722656,56653900
2024-08-02,445.74597107733194,448.3953886712826,439.3992012960001,443.63037109375,66323200
2024-08-05,419.8646573999045,437.2441116181188,418.61905271445846,430.4030456542969,87483500
2024-08-06,432.2418462378431,441.9695823885907,429.60229381809893,434.5155944824219,63164400
2024-08-07,441.3961679939365,443.8775420816124,429.4144449590627,429.80987548828125,54929200
2024-08-08,436.0281249608099,443.8676476028843,432.16272892667297,442.9581604003906,47890100
2024-08-09,441.6433101631058,446.9026236253443,440.52619705961143,445.2714538574219,33574000
2024-08-12,446.24027276517336,449.1862557378928,443.43264672667567,446.2303771972656,27795000
2024-08-13,450.61975472547323,457.569551300317,450.4813374433814,457.3026123046875,40084500
2024-08-14,458.22199728151236,459.80371934391326,453.17027967377,457.4508972167969,34733700
2024-08-15,463.41216729298384,469.40302944827357,463.0364976909329,469.0075988769531,38280600
2024-08-16,467.2280563234313,470.97482612620695,466.2691214716206,469.6105651855469,38383600
2024-08-19,469.7490048177998,475.8189405325183,467.9695221355202,475.7793884277344,23737700
2024-08-20,474.8698839121025,477.4303320117781,473.09040129461954,474.7809143066406,29209300
2024-08-21,475.5618916978181,478.84402246098443,473.8516478454202,476.995361328125,25658800
2024-08-22,479.30863530084486,480.0006613262973,468.4044737172152,469.4326171875,37739600
2024-08-23,473.7724647008503,477.23253410290926,469.8576517676702,474.5238037109375,36061500
2024-08-26,473.98017974431343,474.89956254628396,467.84100515702664,469.91705322265625,27452600
2024-08-27,468.28590919386323,472.3885578774916,466.32848716644526,471.3208923339844,27510000
2024-08-28,470.8562086506451,471.5778610677401,462.5520468840139,465.9725646972656,37372400
2024-08-29,467.8805404533223,472.47748446744345,464.01514442703615,465.2904357910156,41081500
2024-08-30,469.6204472016277,471.4592126463843,465.1421295561887,470.8363952636719,33466500
2024-09-03,467.80142084180835,467.92991237004406,454.1687382037683,456.5413513183594,44985200
2024-09-04,453.4372324539809,459.15128956114927,452.50795412085876,455.3550720214844,32505100
2024-09-05,453.73385123244964,460.0509353584226,452.7156031734216,455.7802429199219,34452400
2024-09-06,455.0782948985139,455.958155781924,443.0768102255201,443.57110595703125,50624400
2024-09-09,447.89124653813093,450.2638600192875,444.6882198470404,449.2752685546875,32981200
2024-09-10,451.03493317073963,453.93152891747957,447.07070215006615,453.4273376464844,29680300
2024-09-11,454.66308923066197,464.01515573239755,446.1315403431584,463.2737121582031,57843000
2024-09-12,463.30332782224303,468.63184965336313,461.5238754689245,467.8211975097656,40067800
2024-09-13,467.0896961750265,471.0934794541991,466.86230928198813,469.91705322265625,29111800
2024-09-16,467.79158591373465,468.45392528367074,464.52924622945534,467.84100341796875,22585600
2024-09-17,470.85623949971296,472.1512919113259,465.59692564081996,468.0881652832031,30084400
2024-09-18,469.2843409962988,473.3671980607207,465.4584670065217,466.0615234375,39909200
2024-09-19,477.10410694689955,480.6828333512892,475.0082978923465,477.8455505371094,52782500
2024-09-20,476.98545265824833,478.1717744003599,472.84325229843876,476.93603515625,34577700
2024-09-23,478.1111312036665,479.28921050590276,476.774651383873,478.2002258300781,24843000
2024-09-24,479.6059805071586,481.4572393469827,475.3589855964362,480.5068664550781,25952600
2024-09-25,479.88316613902225,482.90262496877455,479.7049768893712,480.9523620605469,26549900
2024-09-26,488.4267448803839,488.75345541110636,480.93258416392075,484.5658264160156,32020200
2024-09-27,485.58547404661016,485.72408582935225,480.6949675689309,481.873046875,22851100
2024-09-30,480.9127152992569,483.51636878977104,478.081385634404,483.1797790527344,30281100
2024-10-01,482.8135968745718,483.11057899824704,472.61677759239785,476.447998046875,42735400
2024-10-02,475.54705906940643,479.03181006240953,472.93352603646395,477.12115478515625,23744000
2024-10-03,474.9332698898792,479.69507402371687,474.1907844609631,476.7647399902344,25337200
2024-10-04,482.56608024816296,482.99176467711123,477.5567805727764,482.4373779296875,30686600
2024-10-07,480.5266979537419,481.69486781095134,476.051966306015,477.2696533203125,24975100
2024-10-08,479.8039972195323,485.0805804803255,479.00211535716534,484.3974914550781,28272000
2024-10-09,484.1005099217249,488.78312900233186,483.0610423839176,488.20892333984375,24995000
2024-10-10,485.931954026491,489.51567874684946,484.62517246305833,487.6545104980469,25750400
2024-10-11,485.8230647717071,489.4365180924452,485.2587987967278,488.41680908203125,20644500
2024-10-14,490.8026730211405,493.8320112515241,490.2978034572835,492.5153503417969,26060100
2024-10-15,492.8420214679319,493.50532175325395,483.7837051551439,485.9319763183594,34784500
2024-10-16,486.2586779364561,486.76357772485443,482.6848623686476,485.99139404296875,22996800
2024-10-17,491.4659741711791,491.5154611167259,486.2685759927291,486.3279724121094,27210700
2024-10-18,489.1098208746321,490.6047012730319,488.35742593846095,489.5157165527344,25335000
2024-10-21,488.3079056738165,491.25805858536,486.38734099228543,490.4561767578125,30336500
2024-10-22,487.79310496159616,492.4658141522957,487.0407101102388,490.99072265625,26685800
2024-10-23,488.64449759688586,489.29788838737255,480.1900552137996,483.4668884277344,39346600
2024-10-24,487.17931987829945,488.06041708017347,484.53608869629585,487.3872375488281,22024900
2024-10-25,490.1789884845893,495.26747284770505,489.47608053519724,490.357177734375,38762100
2024-10-28,493.46573969847276,493.5251361197284,490.1394192609091,490.4364013671875,20477800
2024-10-29,490.75313528061946,496.3267303364609,488.90187657719946,495.1486511230469,28014100
2024-10-30,494.3864677342414,495.3368407305162,490.92153534409744,491.4066162109375,29756000
2024-10-31,487.4466698375477,487.4961567845673,478.9031321246182,479.00213623046875,41245200
2024-11-01,480.63557883349887,485.8329769568271,480.338596739747,482.5462341308594,33655800
2024-11-04,481.9423542667288,484.4767021401597,479.39809691969697,481.1404724121094,23291600
2024-11-05,482.72437348667916,487.9415900181475,482.63527886776353,487.2782897949219,24353600
2024-11-06,495.54465187540853,501.33604402055556,494.5942790255398,500.51434326171875,43082200
2024-11-07,503.30616836862873,509.1767767235031,503.2467719451633,508.3946533203125,32853100
2024-11-08,507.89963253119925,509.76080091969163,507.2759399103948,508.9886474609375,22924500
2024-11-11,510.20625865697133,510.41417631985416,505.80086344502917,508.6916198730469,24167500
2024-11-12,508.622333748083,509.50337052817315,504.72177769681446,507.7709045410156,25835300
2024-11-13,507.26607496785556,509.82018136733797,504.84061045445077,507.1175537109375,24567400
2024-11-14,506.78100063575187,507.65215823407385,502.68246622311574,503.59326171875,28679500
2024-11-15,497.90086791848177,498.2869446598162,489.53551938509924,491.5946960449219,51461100
2024-11-18,493.1390232447135,497.1088549746597,491.7530564972912,495.01007080078125,27080800
2024-11-19,492.4361578912134,498.9007299291425,492.0995379045485,498.4156188964844,24523000
2024-11-20,498.1186305655171,498.4354316008749,491.58475271735847,498.1285400390625,29565500
2024-11-21,501.1677651579691,501.8805523925843,492.57474087141514,499.92041015625,34526700
2024-11-22,499.3660214674592,501.45486600636707,497.7424388015507,500.7222900390625,23826600
2024-11-25,504.79108496814234,506.3255729737654,499.2076102815402,501.5142517089844,26375200
2024-11-26,502.9893137573825,505.028701522575,502.14785444392766,504.2070007324219,26557100
2024-11-27,503.07842161211977,503.14769728857453,496.9009225315569,500.2371520996094,24957400
2024-11-29,500.8608365529733,505.22665426566476,500.2470534652956,504.6326599121094,15334000
2024-12-02,505.8899897009707,511.0873877854979,505.50388277016566,510.1270751953125,25147200
2024-12-03,508.80049696391745,511.96844669162806,508.2262913475137,511.69122314453125,18597900
2024-12-04,515.1067881788834,518.2747386457006,514.3939706226256,518.017333984375,26086200
2024-12-05,518.066758045711,518.7894245658355,516.1956801642583,516.581787109375,18169600
2024-12-06,517.2450943089183,521.4426027889191,517.1163919846481,521.2050170898438,23762600
2024-12-09,520.2842786301696,521.0762510047207,515.997645825731,517.1460571289062,20674400
2024-12-10,518.3736106938491,520.1159861294152,513.9582756888856,515.3838500976562,24350000
2024-12-11,519.7397862686788,525.293562625996,519.3339208315082,524.6104736328125,32168600
2024-12-12,522.3929011804341,523.6601052193815,520.7495601425144,521.2247314453125,23577500
2024-12-13,525.1450495866374,527.8278579264799,522.0166775373805,525.21435546875,28780400
2024-12-16,527.7388042563879,533.7479929417908,527.6595889004179,532.7777709960938,31979900
2024-12-17,530.9859051955222,532.0946784771915,528.7782681045646,530.4315185546875,28579100
2024-12-18,529.7881801907616,531.5008274158237,509.84995497757296,511.2952880859375,54703200
2024-12-19,515.9679937267025,516.5322899221571,508.6817509785398,509.018310546875,46441800
2024-12-20,505.32570624002693,519.5616322810632,504.1872345780623,513.4633178710938,60530000
2024-12-23,515.173838316872,518.8426854640211,511.7826617906483,518.4658813476562,29672800
2024-12-24,520.4093600682405,525.5853628210008,519.7747362800005,525.4961547851562,17558200
2024-12-26,523.8699730547174,526.7653609772972,521.8768935817466,525.13916015625,19090500
2024-12-27,521.5793998387165,522.0156961164594,513.4980235081564,518.158447265625,33839600
2024-12-30,511.16786480024393,514.9854120108043,507.51883847188975,511.2669982910156,34584000
2024-12-31,512.5461128600035,513.2996604502096,505.96202785972133,506.9238586425781,29117000
2025-01-02,509.96797639070587,512.2882929151225,501.4503346376186,505.9322814941406,36389800
2025-01-03,509.02592624244863,515.2729085013815,508.21288652469525,514.2119140625,29059500
2025-01-06,519.6061862635828,523.4733001568532,517.6329577649649,520.1217651367188,36109700
2025-01-07,521.1629255137043,521.55951995804,508.9566163889167,510.840576171875,36690300
2025-01-08,510.74152957817324,512.5659974788064,506.26950734923474,510.929931640625,30777800
2025-01-10,507.171781235823,507.2709147208291,499.6754620335601,502.91790771484375,40532500
2025-01-13,496.97837480559224,501.7577526619827,495.4910093944748,501.3016357421875,31694200
2025-01-14,504.45479746430027,505.86284990726693,497.36502903217774,500.82562255859375,33737200
2025-01-15,508.7087687727945,513.4881165735859,507.15195538601904,512.3478393554688,34957600
2025-01-16,514.6085374019178,514.6878804962978,508.62936043069755,508.7582702636719,28229000
2025-01-17,518.4459727794786,519.6557281030132,508.7880231807161,517.3453369140625,51837900
2025-01-21,520.0621437504237,521.5395833940945,515.6793915516807,520.3794555664062,23628000
2025-01-22,525.109358514096,529.3235601169421,524.8019721121422,527.0330200195312,33593000
2025-01-23,524.5839117209515,528.2726098950861,523.9989151410045,528.1536254882812,23096600
2025-01-24,528.5303445310877,529.2938175983337,523.7013698156251,525.1688842773438,19878300
2025-01-27,506.69583084119216,513.6269441667861,505.8529843659653,509.8788146972656,60771700
2025-01-28,510.880215560734,518.594712805148,507.46921890319015,517.4147338867188,33194200
2025-01-29,518.0593907405959,518.1883006046058,512.5462245143099,516.443115234375,26649000
2025-01-30,519.2987617572692,521.6685845598946,513.8450887897236,518.644287109375,27431300
2025-01-31,522.481692001157,527.0429821306037,516.7999756352082,517.8906860351562,38755200
2025-02-03,509.1450396352067,516.4628831177033,506.74544011623027,513.7459716796875,40580800
2025-02-04,514.2614715754441,520.6868697596324,513.8648166540067,520.05224609375,26046800
2025-02-05,517.4247523398045,522.5710397381317,516.234847755249,522.412353515625,21134100
2025-02-06,522.9180373377746,525.3474131158787,521.311687423661,525.13916015625,19434500
2025-02-07,525.6746594987869,527.6181117377854,517.7916100317253,518.5154418945312,29605500
2025-02-10,522.7791839475389,525.8927501755105,522.3131718191833,524.7921142578125,20852800
2025-02-11,521.5298547931517,525.4564609351453,521.4009449429291,523.542724609375,19325500
2025-02-12,517.9006358758927,524.7326156787228,517.5536081471272,523.85009765625,25009400
2025-02-13,525.5159293158989,531.7033597619308,524.732605317865,531.3861083984375,28714800
2025-02-14,531.4952589844403,534.3014391652071,531.1580961361419,533.6172485351562,17862600
2025-02-18,535.1839185828296,535.4516637814617,531.5249964594802,534.8269653320312,20565000
2025-02-19,534.0336976380876,536.2548207070823,531.9414844365849,534.9757080078125,19666900
2025-02-20,534.1921993214312,534.5590779295543,527.9750533668508,532.704833984375,26550800
2025-02-21,533.8451252767076,533.864976179548,521.2818640995055,521.6487426757812,47093800
2025-02-24,523.4336296845087,524.6136086408569,515.153986605975,515.4910888671875,39268400
2025-02-25,514.8663953338516,514.9457384341285,505.14895352625115,508.99627685546875,48940000
2025-02-26,511.1876606100104,515.2828174659816,507.062666876333,510.2257995605469,34457600
2025-02-27,513.7657626731335,514.6978474137826,495.8380347249948,496.0561828613281,52448000
2025-02-28,495.9173616592852,504.4944958236682,492.7443034634261,503.8896484375,47654000
2025-03-03,507.21140006395274,508.7185860435132,489.42250823002445,492.86328125,44587200
2025-03-04,490.01749046351205,499.49696369579414,483.6317324771762,491.3759460449219,67875400
2025-03-05,492.0204653432156,499.38787437969364,487.1220730815822,497.7815246582031,46323700
2025-03-06,489.5316385267994,494.3804341923218,482.10473667776205,484.087890625,57574300
2025-03-07,483.05663785377993,489.1250840373066,476.48247773478363,487.64764404296875,54714700
2025-03-10,479.37787475309847,479.893483858435,464.7124436127046,468.7481689453125,76668000
2025-03-11,468.37136824327257,474.77694672862924,463.0763510761853,467.627685546875,68760800
2025-03-12,475.1240157545967,477.0080059105102,467.8160984630709,472.90289306640625,46971100
2025-03-13,472.23851884770306,472.26826494555587,462.50122601019615,464.3951416015625,46563300
2025-03-14,469.73973771483116,476.5121946558048,469.1348600678031,475.6197814941406,43563000
2025-03-17,475.57019603909805,481.7477311959652,473.7754442197844,478.7035827636719,41744400
2025-03-18,475.3718823465614,475.57017956903064,468.43084408910516,470.54290771484375,39072300
2025-03-19,472.7937961788866,481.24202077527065,470.8701345032397,476.8394470214844,40430300
2025-03-20,472.863217084476,480.46859528600214,472.16910112065705,475.2231750488281,36780500
2025-03-21,470.0868161949593,477.5533898795078,468.926688037653,476.7898864746094,42234900
2025-03-24,484.3529497341384,488.0967889047563,481.0361475224084,487.252685546875,34567200
2025-03-25,487.9776618644101,490.19215671107986,487.01439660957385,490.03326416015625,26035200
2025-03-26,488.88131111129326,489.7353547759435,479.46716243002015,481.0163269042969,34627100
2025-03-27,479.0599435323448,483.2009683085837,476.91493985384614,478.2754211425781,33469800
2025-03-28,476.4780431008445,477.183104147624,464.7996986134778,465.68353271484375,46363800
2025-03-31,458.712276265686,466.5971101953478,454.1541241921948,465.6636657714844,53000300
2025-04-01,464.05492483024364,470.3409844954175,461.1949498195788,469.4174499511719,41156200
2025-04-02,462.8831276755786,476.22979898600255,462.6249234903914,472.8434753417969,49894500
2025-04-03,453.27028599766453,456.8750825593256,447.0140480399336,447.5304260253906,70456300
2025-04-04,435.09743607101046,437.3119308717652,419.73486328125,419.73486328125,117088400
2025-04-07,405.82214624882306,440.06271771596437,399.5956979160209,420.7477722167969,161557000
2025-04-08,435.11725040921294,440.06267826494616,406.94426755742165,413.17071533203125,101248100
2025-04-09,412.68418311669046,464.5812557291743,412.54514076571127,462.76397705078125,142876900
2025-04-10,450.41032921157523,452.4262310181804,429.62568122180926,443.0815734863281,108384100
2025-04-11,441.5621838377255,452.62483820333756,438.26523184275806,451.2444763183594,52483800
2025-04-14,461.2346404718873,461.8205396963483,449.4868049126776,454.3031311035156,43941200
2025-04-15,455.3557691308537,459.169099381901,452.9823514613099,454.8095703125,35404200
2025-04-16,445.91178503143493,449.4768512400112,434.72005857210513,441.095458984375,48980600
2025-04-17,444.06474058630056,444.64069957063055,438.2950589596918,441.01605224609375,44837000
2025-04-21,435.1867959118547,436.03086898438323,424.95830435713054,430.1023254394531,44149300
2025-04-22,435.7727032817461,444.47185048082304,434.5810243366183,441.3934020996094,52304400
2025-04-23,454.9883588226658,460.1621707094186,449.73508550605334,451.4034118652344,55801100
2025-04-24,453.3100434087902,464.4123980424965,452.6645330068807,464.10455322265625,45956100
2025-04-25,463.72720383212953,469.8046996364442,462.1581892201978,469.27838134765625,38697100
2025-04-28,469.74511470528023,471.5127525568199,462.7937251286729,469.1294250488281,33550800
2025-04-29,466.90498894089706,473.1115867619832,466.3289996919343,472.2277526855469,30613100
2025-04-30,463.88610169130095,473.8861795985349,459.218727902781,472.1681823730469,46810600
2025-05-01,480.05301909884207,483.7968278621536,477.40154726890813,478.33502197265625,43316500
2025-05-02,483.16128822739284,487.5009364234009,481.46314130279217,485.43536376953125,39218100
2025-05-05,481.2347608308799,485.63398996616957,480.7382330195203,482.5555114746094,28309500
2025-05-06,476.22976603156343,481.6816318630385,474.86928463727685,478.0669250488281,32786300
2025-05-07,478.7322575080464,482.42642576212086,473.4690746513304,479.94378662109375,38006300
2025-05-08,485.1374630563836,489.27851834530566,480.8077550799946,484.8991394042969,39577600
2025-05-09,486.8057947898926,488.1265757568078,482.82366229776994,484.58135986328125,27767400
2025-05-12,503.46929009549314,504.36306445306417,497.99757390012485,504.3233337402344,45090600
2025-05-13,505.62421174170254,513.7970705437644,504.889360268175,512.0095825195312,53269600
2025-05-14,513.1812936545537,515.6241713148928,512.1683576814595,515.0780029296875,47014500
2025-05-15,512.9330816972009,518.3054856544411,511.5924203127881,515.6441040039062,50153300
2025-05-16,517.0444159918447,518.0772328347284,513.5091397010657,517.8885498046875,48394600
2025-05-19,510.6689476686652,518.9014181193775,510.6689476686652,518.385009765625,52536200
2025-05-20,515.8625505079032,517.3124334676296,513.0720667663019,516.6570434570312,42517600
2025-05-21,512.6848447576629,519.3680896901809,507.68974589149923,509.47723388671875,71292800
2025-05-22,510.0929069406886,514.1148305633196,508.74236588698636,510.4305725097656,55607200
2025-05-23,502.6649263027872,508.28562519419927,502.0690868224265,505.70367431640625,58368100
2025-05-27,512.5657247963487,518.0871120746342,511.0165603257883,517.6004638671875,47226300
2025-05-28,518.553707324964,520.0432905566033,514.7900488464219,515.306396484375,46637200
2025-05-29,522.6750389191951,522.8239609117877,513.7275971013242,516.3194580078125,58513300
2025-05-30,515.8328523034309,517.0642316666292,508.3749943409687,515.505126953125,67662800
2025-06-02,513.6480865025803,519.8149838106336,512.38688645161,519.57666015625,44762800
2025-06-03,519.9242261070126,525.0682472235115,519.0602725197831,523.6382446289062,44070300
2025-06-04,524.3432905165386,526.1605992130462,522.3174183265618,525.0980224609375,41359300
2025-06-05,526.498337472302,529.3484028814598,519.0305381670505,521.145751953125,61031200
2025-06-06,526.3194516510717,528.1069395532867,524.5419040023565,526.239990234375,42467000
2025-06-09,526.4585396949342,528.6531539021086,525.3363819554394,527.0146484375,33688700
2025-06-10,527.4813163809062,531.1854549164767,525.2171811724196,530.500244140625,40664800
2025-06-11,531.9004992319709,533.0524778080637,526.4287525238075,528.7127685546875,53701000
2025-06-12,527.4018801564538,530.9272151126187,527.1536162776914,529.9539794921875,34104900
2025-06-13,524.0156913165765,528.1765976545598,522.0792203324073,523.3007202148438,55814400
2025-06-16,526.8160526043126,531.6522290488724,526.7664119412208,530.5797119140625,37622100
2025-06-17,528.0176249155262,529.6263701691488,524.2439650748757,525.4058837890625,42180900
2025-06-18,526.4188056074704,528.851804209901,523.7376036898021,525.3165283203125,43983500
2025-06-20,528.5637935274957,529.8547537100831,521.235038209529,523.1715087890625,61643500
2025-06-23,523.7391506726165,529.0678919430073,520.5975974398857,528.5509643554688,50666100
2025-06-24,533.7603767394817,537.5481650699894,533.1439956962556,536.633544921875,45442000
2025-06-25,538.900332375193,540.1430461310557,536.2359613641491,538.0055541992188,44804200
2025-06-26,540.1828057708822,543.4834608774595,538.3635164721342,543.0360717773438,43811400
2025-06-27,544.0699627850514,546.7840298565204,541.365786451658,544.8951416015625,57577100
2025-06-30,548.0465876949282,549.577588834245,545.80970346522,548.4243774414062,45548700
2025-07-01,546.5255321429642,547.4998608561041,541.4850785579611,543.801513671875,56166700
2025-07-02,542.9763271064149,547.7881407403361,542.9365821168159,547.5892944335938,36538300
2025-07-03,549.9554644038756,553.9520509353719,549.9554644038756,552.9777221679688,26443500
2025-07-07,550.2934385668003,551.1086659012632,546.3764032023357,548.8121337890625,45349300
2025-07-08,550.154338331448,550.7806708992875,547.8875993850992,549.1204223632812,36153300
2025-07-09,551.2479272732573,554.3795902552899,549.8759664124987,553.0076293945312,43045500
2025-07-10,553.6438277114144,554.0514110672418,549.5279457662349,552.2122192382812,34710900
2025-07-11,550.0747653451698,552.550241260774,548.8320516783502,550.9695434570312,39618600
2025-07-14,550.7606826646222,553.7034501353354,548.4144540933169,552.9677734375,36453300
2025-07-15,556.9842448718932,557.5310267291989,553.4151446538423,553.4747924804688,43277700
2025-07-16,554.0315521334151,556.9444653988531,548.3448634031356,554.0414428710938,52314700
2025-07-17,554.7672730167421,559.0322443945261,553.9619970033318,558.5252075195312,40423800
2025-07-18,559.8375467448564,561.4381474291321,556.7158353640372,557.9884033203125,50484700
2025-07-21,558.813515991401,562.7603451130758,558.783661740004,560.88134765625,39595200
2025-07-22,561.0107252666838,561.060421684537,555.3538894249762,557.978515625,43270600
2025-07-23,559.0620964230482,560.5632435269945,556.3181750017922,560.5234985351562,40215300
2025-07-24,561.8357873489995,562.9393024491583,560.0064862534048,561.7164916992188,42275500
2025-07-25,561.6370557815619,564.3909290652584,560.9809295737219,563.0686645507812,30630800
2025-07-28,564.4305544544877,565.7229644368575,563.565630660474,564.8282470703125,31498700
2025-07-29,567.4330285462547,568.7751350745425,563.2277047901983,563.9534301757812,45463300
2025-07-30,564.8680250229864,567.2938044905766,561.7562651946612,564.708984375,43433800
2025-07-31,571.1909085156537,571.2804105926765,560.5831223469277,561.7164916992188,64613600
2025-08-01,555.5725251375388,555.7614200303079,548.464179134219,550.6513671875,69400800
2025-08-04,555.7913377614522,561.0306388423193,555.6919449238438,560.8118896484375,47669800
2025-08-05,562.0943005518618,563.2574635163702,556.467259269024,557.004150390625,48666600
2025-08-06,557.8392985461547,564.4505602440395,557.3621158636266,564.0131225585938,41823700
2025-08-07,568.337641887322,569.9780480877156,561.8158834345544,565.9218139648438,44463000
2025-08-08,567.1247903648876,571.4196158459907,566.8265512369031,571.2008666992188,35255500
2025-08-11,571.340043234482,573.4377291466511,568.2382350638638,569.5107421875,33112900
2025-08-12,571.8073129373929,576.9670623788118,569.1528936023716,576.6688232421875,42143300
2025-08-13,579.3630298518572,579.9197631156701,575.5652898210926,576.9571533203125,41209300
2025-08-14,574.9092868041537,578.4882784548599,574.541387675975,576.5098876953125,45425000
2025-08-15,576.4202920588297,576.4600977307613,572.214968449767,573.9746704101562,49480200
2025-08-18,573.0798941458493,574.402158474889,571.8868768922468,573.7459716796875,29831000
2025-08-19,573.030210843046,573.1992029150304,564.9376447129671,565.961669921875,53752600
2025-08-20,565.0172075838456,565.1365032465736,555.5825347335871,562.6013793945312,76781100
2025-08-21,561.060291436286,563.1878316051035,557.709940546973,559.99658203125,46436900
2025-08-22,561.3784895430127,570.6441700157645,559.9866866300696,568.6359252929688,51502100
2025-08-25,567.0750950943409,569.9482028256268,565.8422722305733,566.9955444335938,34044700
2025-08-26,566.5084530912841,569.5804073661923,565.4844278800615,569.272216796875,34103000
2025-08-27,568.2582063082527,571.0617150204744,567.0452861825311,570.1470947265625,36927100
2025-08-28,570.7634065394311,574.6307456710974,569.1230610606233,573.7161254882812,46787900
2025-08-29,571.3102515546032,571.6781506312136,565.225930193606,567.0751342773438,56030400
2025-09-02,558.0381234497154,562.6709336262861,556.2784213564261,562.322998046875,65876800
2025-09-03,565.9118790267905,568.3675126902098,563.4264517898029,566.7470092773438,54230200
2025-09-04,567.4131351357099,572.2447915330674,565.713141595555,571.876953125,47526300
2025-09-05,577.1062572168585,577.7325897394942,568.1985247693755,572.7020874023438,68342500
2025-09-08,574.9986420687553,577.4542758453497,574.4021637761383,575.4957275390625,46371400
2025-09-09,576.2910903587206,577.5537069544023,573.6764157572246,577.126220703125,44007600
2025-09-10,580.3373212188227,580.3671754724255,575.1775717338585,577.3150634765625,49308000
2025-09-11,579.8401628048535,581.4706174661846,578.2296109767534,580.67529296875,44745800
2025-09-12,581.6297433459904,584.4333126708588,580.6952202377008,583.2402954101562,50745900
2025-09-15,585.0099141290013,588.3403622999832,584.8607642254873,588.2310180664062,44360300
2025-09-16,589.1556048651221,589.4041475911258,587.047967402961,587.7339477539062,36942100
2025-09-17,587.6544158082771,588.3006511882201,580.9636648285566,586.5608520507812,69384800
2025-09-18,591.4422094482347,594.6534228585294,589.5036246514226,591.849853515625,61069300
2025-09-19,593.8480175645751,596.5521328169007,592.3766036261127,595.856201171875,58196100
2025-09-22,594.9446246402422,600.0506387588739,594.9246987314865,599.3837890625,57154800
2025-09-23,599.5530088196715,599.7520856686153,594.1882006017188,595.4025268554688,64635500
2025-09-24,596.7760840009503,597.0945948124443,590.5851402114129,593.3123168945312,49850300
2025-09-25,589.430536349082,592.3368637002909,585.7478275771575,590.7543334960938,70920200
2025-09-26,591.5705031390479,593.5113961310994,588.2959106650876,593.1829223632812,54337400
2025-09-29,596.3082204485978,599.2344738358131,594.6161584254272,595.9299926757812,48332900
2025-09-30,595.6313870294545,597.9007535872587,593.3122664505869,597.5623168945312,46533800
2025-10-01,594.3772498069465,600.9662857667149,593.5511751358089,600.4288330078125,46899600
2025-10-02,604.2210750829389,604.3205831319952,600.110384211482,602.8972778320312,43765400
2025-10-03,603.6736359963404,604.4898085161411,598.5775847871106,600.3591918945312,46482100
2025-10-06,605.6045105234541,606.5102280511511,603.136067280922,604.8679809570312,41962100
2025-10-07,606.171963330501,606.8587390048573,600.2099850305162,601.6830444335938,58209500
2025-10-08,602.5787369049325,608.8891142425712,602.429474838809,608.58056640625,50629800
2025-10-09,608.6203758923933,608.7497728034492,604.639082013069,607.8440551757812,45551000
2025-10-10,608.540771556568,610.312415678386,586.2952563674698,586.7431640625,97614800
2025-10-13,596.8755206148027,600.1302475257781,594.436966170024,599.1946411132812,65872600
2025-10-14,592.5260076334632,599.8714996417642,587.370239391138,595.2034301757812,69203200
2025-10-15,601.1853544608703,603.8627770947517,593.1431236043112,599.4036865234375,62805500
2025-10-16,602.2801945778114,605.4652419598709,592.7151502263018,597.1841430664062,70982000
2025-10-17,595.1536978121658,602.6783410274755,593.5810696753152,601.105712890625,72024900
2025-10-20,604.3006065792493,609.9341097612839,604.2309266578644,608.6799926757812,45761700
2025-10-21,608.7796678481768,609.8545734667066,606.4705100847576,608.5208740234375,44538200
2025-10-22,607.9634772307389,608.550684046599,596.9352763909752,602.6583862304688,61478800
2025-10-23,602.0811421396116,608.5109541450662,601.6930121247511,607.7246704101562,42844300
2025-10-24,613.1093168162636,615.5279456461734,612.2533531809327,614.214111328125,47632500
2025-10-27,621.5994587704798,625.6105809315065,621.1117599698571,625.1527709960938,54098600
2025-10-28,627.4120574784298,631.7118619498357,626.307263060354,629.9600830078125,61195700
2025-10-29,632.6177240503512,634.0310664862886,627.3026695451889,632.796875,67422800
2025-10-30,629.2136898963345,630.5374872662655,623.0128434393755,623.122314453125,61628600
2025-10-31,631.2042379487298,631.234126811276,623.7592381870214,626.1281127929688,66305100
2025-11-03,632.139760382388,632.8464617884644,626.90435015496,629.1239624023438,37154300
2025-11-04,620.3652477253576,624.0180678867468,615.5677812621689,616.3540649414062,63830800
2025-11-05,615.597656695041,623.669716157735,614.3236741326724,620.3652954101562,48688500
2025-11-06,618.8821782546098,619.1310091300359,607.4459209399873,608.8095092773438,72115100
2025-11-07,605.4651835773906,607.0975285563833,595.8702512859107,606.8884887695312,81835400
2025-11-10,616.0255879416002,621.3903960500816,614.0051128778478,620.3154296875,55919900
2025-11-11,617.667884551536,619.807793532697,614.6321601598369,618.6632080078125,44868800
2025-11-12,621.9179017890243,621.9377669472728,614.920749106872,618.1754760742188,47444400
2025-11-13,614.6520816599241,615.2293863274043,603.2457126852763,605.5548706054688,71333600
2025-11-14,596.7461751876709,610.4816269444214,594.3773004655238,606.0126342773438,80087300
2025-11-17,603.4645824934285,609.6156739910193,597.0646601387357,600.8369140625,63850400
2025-11-18,596.815880706601,599.4933033897071,588.5746335991315,593.5213623046875,83327300
2025-11-19,594.277803642733,603.3252601497043,591.8094208267037,597.064697265625,73111500
2025-11-20,608.7597480209467,611.1585116514054,582.0154107078263,582.9310913085938,117743200
2025-11-21,584.7226085504005,594.1881438029353,578.0241015093158,587.3104858398438,103344200
2025-11-24,592.4962155436305,603.8428672485702,592.3767208312,602.3299560546875,60168100
2025-11-25,600.6876357091488,607.4060686687138,594.5265814243886,606.04248046875,57560900
2025-11-26,609.6455599216604,613.3083428306168,607.5354791235628,611.3973388671875,42393600
2025-11-28,613.2287346345189,616.4237448749676,612.541959003384,616.3540649414062,23034400
2025-12-01,610.7603293223117,616.5431560974239,609.6555348802722,614.2837524414062,40957600
2025-12-02,616.5631476137069,620.8330637695706,614.7018974368128,619.0912475585938,54541800
2025-12-03,616.7223400403288,621.3008038243313,615.1398097007426,620.6041259765625,47841600
2025-12-04,622.0075396158547,622.0175025713241,616.6427310944827,620.02685546875,47067800
2025-12-05,621.4600391480985,625.9787855854289,620.7931894695083,622.5548706054688,53614200
2025-12-08,624.2768863243062,625.8992685205205,618.7826810586124,621.360595703125,43462400
2025-12-09,620.0965150170424,622.9431257001851,618.0959050247836,622.126953125,37156000
2025-12-10,620.9325009204754,626.2674807044035,618.0858904749533,624.6749267578125,55031400
2025-12-11,620.9027009347221,622.8535568265262,614.8311912534539,622.6544799804688,58272800
2025-12-12,619.1708244083038,620.6239577552077,608.5009255098857,610.7503662109375,75158700
2025-12-15,615.4781529916935,615.5279070139317,606.4704879765786,607.6847534179688,49538200
2025-12-16,605.4154908096834,610.640939262189,604.0717676149177,608.88916015625,55152800
2025-12-17,610.1929151412877,610.7801826328608,597.4727146387488,597.60205078125,70654300
2025-12-18,606.9482502454197,610.0636176198245,604.0817137427742,606.261474609375,78875800
2025-12-19,609.0881814780194,614.731648282282,609.008538594176,614.164306640625,60369800
2025-12-22,619.2409664706046,619.5399968618768,615.6731616354366,617.1082763671875,43703100
2025-12-23,616.1017112134413,620.2973826571792,615.6831538137028,619.9984130859375,41120400
2025-12-24,619.8788381544654,622.1611043897402,619.6097351207538,621.812255859375,18468700
2025-12-26,622.5398061068336,623.3969333982391,621.025006522853,621.7724609375,28959800
2025-12-29,617.9952283512266,620.6661854070132,616.6298832800768,618.7626342773438,32458300
2025-12-30,617.7361570843227,620.0681805596082,617.1182055353263,617.3275146484375,31226800
2025-12-31,617.5468163565164,617.8557617254266,611.9657873069227,612.2249145507812,40746500
2026-01-02,617.9553870831127,620.7358953542944,608.0790504146867,611.0389404296875,61859200
2026-01-05,617.2178977361207,618.7028306128764,614.6266862165028,615.8923950195312,46828400
2026-01-06,617.1282350736393,621.9020161336854,616.4405745883714,621.3040161132812,43137500
2026-01-07,620.9253234207138,625.8087167042466,620.4469720495259,621.9020385742188,44880300
2026-01-08,620.9153830886294,621.3040131478426,615.7030930363629,618.364013671875,50435900
2026-01-09,619.3008056143428,625.7588527928842,616.9588062315833,624.5230712890625,49688700
2026-01-12,620.1977700429699,626.7155502563702,620.1479519171962,625.041259765625,37388700
2026-01-13,625.140974146081,627.3334583647393,621.5830839442848,624.1144409179688,44481400
2026-01-14,620.1280157301809,621.3339307094008,612.4740900847709,617.4471435546875,72598700
2026-01-15,624.4732033837762,627.8616876163956,618.6430834728214,619.6696166992188,53934900
2026-01-16,623.3769663073682,623.9550147388202,616.7794403711221,619.1513671875,61058100
2026-01-20,608.4578028817349,612.9723957819789,604.9895731374214,605.9961547851562,81988900
2026-01-21,607.4012887411642,618.3141340756262,605.7967680520393,614.188232421875,79837900
2026-01-22,620.2375842668598,620.347257132182,615.6831493704997,618.6530151367188,42254800
2026-01-23,617.6265424291936,623.2773415638685,616.5502518751565,620.6063842773438,43645800
2026-01-26,621.0947340762326,625.4797631810548,620.0084069696974,623.3370971679688,35983000
2026-01-27,626.7753573897714,629.8947385616864,625.210739736326,628.9878540039062,38997200
2026-01-28,633.3031267391333,634.4392110916745,629.6654913345894,631.0706787109375,50691700
2026-01-29,630.5026813963867,631.5191779456372,616.1714851785354,627.2935791015625,79944000
2026-01-30,623.5862091740412,626.1275416849769,617.1979322175918,619.7592163085938,65650700
2026-02-02,616.600081229079,626.3568310719594,616.560178063243,624.0148315429688,49020300
2026-02-03,626.1674139293162,627.8417043791845,608.8863033670389,614.4274291992188,81234000
2026-02-04,612.9324630859023,613.0121477465343,598.4318013464032,603.6939086914062,81850700
2026-02-05,598.1728002779972,602.7571627123452,592.7412864010469,595.0036010742188,89354500
2026-02-06,598.1528367578925,609.3347246219274,596.7376735555687,607.5807495117188,78019300
2026-02-09,605.4779073318616,614.3676754732974,603.0163200345862,612.2349243164062,56797600
2026-02-10,613.2215243611824,614.9257422105983,608.9361315029465,609.39453125,53938900
2026-02-11,614.287912259566,615.4240575153926,605.6274050805947,611.0289916992188,58575100
2026-02-12,612.6235691721736,613.719811213741,597.5349428610552,598.601318359375,81378900
2026-02-13,598.3920201980992,604.4214731930686,594.3956211608477,599.876953125,69237500
2026-02-17,596.3489614066287,601.900062806609,591.3260902585407,599.259033203125,69013800
2026-02-18,600.0663841818466,607.7004196981827,598.6810873351905,603.73388671875,64250700
2026-02-19,600.7638978416991,603.7636908223434,598.7108924704256,601.421630859375,60960800
2026-02-20,598.0830240719503,608.2782811950732,597.1960303761281,606.7435302734375,74127300
2026-02-23,604.551014539048,605.9462869551629,597.0166773136035,599.36865234375,63859100
2026-02-24,600.3553581675079,606.9229563249177,597.6943768857255,605.8067626953125,55023700
2026-02-25,608.995909128246,614.7363682274654,608.9261394233886,614.5868530273438,55710700
2026-02-26,613.500602585001,613.500602585001,601.9299628027486,607.172119140625,96178900
2026-02-27,600.9333908786662,606.2552930140329,600.1460941357092,605.228759765625,68125200
2026-03-02,596.8273488972434,607.8498068726756,595.9603066969873,606.0260620117188,75264600
2026-03-03,594.3059059086514,601.9100124168169,589.8610225003547,599.5380859375,97015500
2026-03-04,602.1092824866074,610.7997159588376,601.381779779037,608.6769409179688,70943900
2026-03-05,605.338437930278,610.6802308667765,600.2158690906975,606.84326171875,89602400
2026-03-06,598.272452308765,603.9431419992706,596.2991922008539,597.71435546875,86302300
2026-03-09,592.2130380432229,607.2020280273126,589.3229177543049,605.6971435546875,93068200
2026-03-10,605.7171291112322,611.2083762165881,603.3650930899329,605.7071533203125,64078900
2026-03-11,606.8830522484864,610.3512206142045,602.9763749423223,605.6273193359375,60114800
2026-03-12,600.7141199697804,602.0894408359657,595.0234789704778,595.2327880859375,71836600
2026-03-13,597.6943836062096,601.5512432287993,590.5587127632866,591.7047729492188,63145500
2026-03-16,598.0033513683248,601.8103930085241,597.0765152286837,598.3422241210938,49077200
2026-03-17,601.0928621051149,603.8435039613423,599.827153220896,601.2622680664062,47106600
2026-03-18,599.4484580276425,601.1127728070715,592.5419866131784,592.880859375,56128000
2026-03-19,587.5091059918601,593.7777346942335,585.0873611514585,591.0072021484375,75597600
2026-03-20,589.0538644721536,589.1634765193921,576.5763394854986,580.0844116210938,91964700
2026-03-23,589.2577971122703,593.8080477851386,584.707546439402,586.7431640625,89936100
2026-03-24,583.5599323333884,586.6732582803922,580.6860836277402,582.731689453125,57750900
2026-03-25,587.8807233962021,590.105937264777,584.4380856164452,586.5635375976562,60475500
2026-03-26,581.354642361522,583.3803323809582,572.2042606955537,572.5634765625,81492100
2026-03-27,569.5898913289244,569.7994643796657,560.3696515714074,561.3775024414062,82702200
2026-03-30,566.167193726255,566.835744504963,554.4123449976639,557.086669921875,70602600
2026-03-31,563.0837667324405,577.4031290957437,563.0039815896954,575.9462280273438,95878000
2026-04-01,580.2370672268827,586.4836962239632,579.179335412676,583.06103515625,79435100
2026-04-02,572.7430779653056,584.7972733467034,570.6974721352691,583.7295532226562,50941700
2026-04-06,584.9768981262092,589.3475406308395,583.4402118432972,587.2420654296875,35108500
2026-04-07,584.3882026562935,587.7210292628183,577.1636879809167,587.3319091796875,49948200
2026-04-08,607.4088894425788,608.5963482247196,600.8329489303708,604.7944946289062,63086000
2026-04-09,604.6348380470022,609.1950771369181,601.7410732406024,608.8857421875,37837500
2026-04-10,610.5322286073159,612.3582731602751,608.2770495763316,609.7638549804688,34038500
2026-04-13,608.1771864154443,625.4003020437667,606.8101197315917,616.0703125,32972100
2026-04-14,618.8941947521593,627.2562866210938,618.7744561353234,627.2562866210938,49921100
2026-04-15,627.7353139030603,636.4666101570109,626.8571900931449,636.0375366210938,50102400
2026-04-16,637.8436965859062,640.8073189117684,633.9021276162631,639.1009521484375,42320600
2026-04-17,644.2100323367088,648.6105788505391,642.6932619551269,647.4630126953125,53488900
2026-04-20,646.6547376870972,647.3732302965532,641.1465785698142,645.4074096679688,37138500
2026-04-21,647.0239324977517,648.8101451741646,640.8372343366078,642.9526977539062,39580500
2026-04-22,648.7603575560191,653.929278227069,647.1338367363905,653.709716796875,37368400
2026-04-23,652.1529787029532,655.5157702184271,644.1401750634725,650.0275268554688,40099800
2026-04-24,657.1024209404745,663.0895957247212,655.1266727511743,662.4609375,45563100
2026-04-27,661.9819986507146,663.0097653425256,659.2777693835679,662.8101806640625,32717000
2026-04-28,656.004754848671,658.2300296236717,652.4124742350715,656.1444702148438,34147900
2026-04-29,657.2221656812865,660.3055266172468,655.1865481613837,660.1558837890625,31724900
2026-04-30,663.9277163428184,667.4701765484971,656.1543902560467,666.3126220703125,40622200
2026-05-01,667.7295996684235,674.5250404091096,667.3703838092385,672.708984375,39172600
2026-05-04,673.2178749724156,675.2834576176889,667.4702382389029,671.4417114257812,34542000
2026-05-05,676.5108537091375,681.3105696942113,676.06180342226,680.1530151367188,37101100
2026-05-06,686.309864653291,694.4424070727396,685.012594745374,694.2827758789062,38778500
2026-05-07,695.0910378327916,699.741050020677,690.2913219165297,693.4545288085938,43779100
2026-05-08,698.4238945105413,709.709716796875,698.0048093195176,709.709716796875,44320400
2026-05-11,708.8415292269354,713.0625286499792,707.394616546851,711.7652587890625,36019100
2026-05-12,706.7060961344681,708.6619284096558,695.1508931250245,705.7282104492188,45873000
2026-05-13,708.4424652516221,715.1181676509774,703.3234258783424,713.1823120117188,40012500
2026-05-14,713.0924719031191,720.4866668965204,712.6933025541022,718.2514038085938,33327500
2026-05-15,708.622108433035,713.6014326902291,704.0418926432,707.4146728515625,51792700
2026-05-18,710.0190294838146,710.5479258193494,697.3561524904881,704.3711547851562,49834500
2026-05-19,698.3141623863071,704.9798766607653,693.7639117658215,700.030517578125,46827500
2026-05-20,703.7824257923921,711.6256713867188,702.2856320315602,711.6256713867188,36779200
2026-05-21,707.4745066970102,715.5871334944783,705.2592812358496,712.9827270507812,36415400
2026-05-22,716.5351219372583,720.5764528207093,714.4196583413607,716.0062255859375,33118600
2026-05-26,724.4082818705217,729.6071065125336,722.6120806481434,728.7190551757812,34254700
2026-05-27,731.3933152026018,731.7525310831555,723.8893697615578,727.8908081054688,35148700
2026-05-28,728.1701402291201,735.0254503325125,724.8572296134905,734.027587890625,32840000
2026-05-29,736.2628454135092,740.0447221142881,733.6783549102875,736.7318115234375,37541700
2026-06-01,735.464576190909,744.0562188501588,734.416832716765,741.1524047851562,33890600
2026-06-02,740.8130908722517,744.8444331554832,737.6498231242726,744.5650024414062,30085200
2026-06-03,745.7126120403002,747.0497745697194,739.4260905589007,742.6192626953125,40270200
2026-06-04,733.9078771104591,741.9107536874841,731.0540050355258,739.0269165039062,40782600
2026-06-05,728.4994794722375,730.1260001864761,702.8145089902632,703.5529174804688,99606600
2026-06-08,716.2756385838147,721.4845122126053,711.5457803433952,714.5393676757812,47401500
2026-06-09,721.4345342962913,724.1087982042852,684.9028066603832,706.3169555664062,91932200
2026-06-10,700.1601489508766,709.7596418767092,691.448829138881,692.2072143554688,65334300
2026-06-11,697.7951930812733,716.8344251989125,693.5143852047621,715.5870971679688,71798900
2026-06-12,716.0760275085878,722.4623712773896,709.7596023215499,719.798095703125,51168400
2026-06-15,736.5222551108849,743.1680531807805,735.8038233761346,742.40966796875,46710200
2026-06-16,740.6633959693683,742.629155741597,728.0803652201432,728.2998657226562,45348700
2026-06-17,733.6184641620571,734.1074069958862,719.3090904725119,720.965576171875,51669300
2026-06-18,735.6242535433294,740.2343734608266,730.9442759416646,739.0369262695312,50154600
2026-06-22,741.2475942735041,744.6740164081855,733.6255320449774,737.1818237304688,43518600
2026-06-23,714.994955841975,722.8567588543334,711.368729535907,712.9071655273438,53354200
2026-06-24,714.6253657788768,719.1806168314835,703.7167494897757,709.8803100585938,52480400
2026-06-25,725.144386854217,726.073411438839,704.5657941797848,715.63427734375,49668000
2026-06-26,706.3939573549355,714.8151753001493,702.0784467013282,705.7846069335938,47081800
2026-06-29,713.2467701925264,723.8257734758017,704.4359439581019,723.3262939453125,44939100
2026-06-30,723.4261723402657,736.8521846863197,723.156433880318,735.6334838867188,42121800
2026-07-01,728.4309348946762,731.1580735258118,723.8456861360175,724.4151000976562,40803800
2026-07-02,724.8247456386157,730.0692808035519,706.823483523477,711.8582153320312,50959800
2026-07-06,719.1806205090421,725.3242433880005,717.7021805458717,722.067626953125,30220400
2026-07-07,713.42658457407,715.6043080380856,704.1662754218111,708.6915283203125,42483100
2026-07-08,704.2162281021572,711.5186166673155,700.1803943256999,710.699462890625,35603200
2026-07-09,717.5823009494849,723.476123003734,714.3856196637845,722.5271606445312,33654700
2026-07-10,719.9498309758326,725.633910657471,716.2536701350646,724.7548217773438,26415900
2026-07-13,716.9728399125403,717.9917976257694,709.3408393238593,710.9990844726562,36552400
2026-07-14,719.4702735364855,721.5381261320255,713.5964502872879,718.9408569335938,29448100
2026-07-15,723.0964840498398,723.6059629208669,709.4906666647634,716.9928588867188,32627600
2026-07-16,711.2688277809667,712.8571384924941,701.8785885225277,705.2051391601562,39402000
2026-07-17,690.9300392487022,701.5689163623388,686.0451149463661,694.606201171875,54109300
2026-07-20,701.4290751693121,705.0653008245885,694.7860339234736,695.33544921875,29687600
2026-07-21,705.8345294031318,709.3108875148979,702.0684341343024,708.2319946289062,33728300
2026-07-22,702.8875430569569,708.9112952334938,702.8875430569569,704.61572265625,23692200
2026-07-23,693.9468861753709,697.9327231441935,687.0740428357205,691.23974609375,44028600
2026-07-24,689.6913211134731,691.9090420069233,681.7695828163428,683.5177612304688,42876700
2026-07-27,690.9600196558405,691.5793694171385,675.246412599162,681.4099731445312,42681500
2026-07-28,675.5260852047327,678.69282941625,667.1848012007116,674.786865234375,51398700
2026-07-29,674.8068223593629,679.3420743940087,660.4517860132496,661.0411376953125,57233300
2026-07-30,674.0576119251697,684.4068129515903,672.5991097762519,682.8384399414062,66753700
2026-07-31,691.3895713800811,695.0457958477069,679.3421270152298,687.2738647460938,50540500
2026-08-03,687.5835404062232,700.8597459456591,685.1061413344767,699.34130859375,44965100
2026-08-04,707.4228263749409,724.9046100552433,706.7935382563429,723.0964965820312,59778600
2026-08-05,725.4940407971483,727.7816351687756,716.1737353937511,716.5533447265625,33540200
2026-08-06,710.0800975972087,718.5712497417534,707.7625052246912,713.9061279296875,33035900
2026-08-07,719.4003977892652,722.8767558377907,715.7641721456221,722.2774047851562,31070400
2026-08-10,721.6380662225321,723.9156612253314,719.5802129514979,720.11962890625,26243200
2026-08-11,722.5370761410037,722.5970112457043,714.7552070178748,717.7021484375,29286100
2026-08-12,726.32320296041,726.4930089361641,722.1674989405016,722.9467163085938,29066000
2026-08-13,724.3952036143359,733.1960306989878,723.276374318815,731.3079833984375,31599700
2026-08-14,732.6465510961883,733.6255724540374,727.561883529615,730.3090209960938,23790600
2026-08-17,732.1870404067878,733.8153485193716,728.5108784569633,729.1102294921875,26452600
2026-08-18,719.4603242061223,721.3783085230132,715.1747508308598,716.7631225585938,48997200
2026-08-19,719.6401056796244,720.7489355626859,711.8681752092583,715.3345947265625,35801700
2026-08-20,711.3487680341726,714.1957769031727,707.782476952734,710.18994140625,33396400
2026-08-21,714.485502546953,714.9250469928722,708.46181083734,712.6973876953125,33399400
2026-08-24,708.9212669826352,709.0511365395006,701.9685508753718,705.5847778320312,37443100
2026-08-25,710.4796431110551,713.2967150154067,706.713608864013,709.9801635742188,23869600
2026-08-26,707.6725757719001,712.2778234739277,707.2330313373777,710.6295166015625,20392400
2026-08-27,716.1837333189847,720.5991154262211,713.7862680851495,720.359375,28723500
2026-08-28,718.9908173393685,723.3762624487671,714.3456940785237,715.6842651367188,34105400
2026-08-31,714.425544259608,716.8330697733344,712.4176267643429,716.013916015625,32237200
2026-09-01,706.6536415906066,711.5585035915489,703.9264419829226,706.9033813476562,35236100
2026-09-02,706.3639219777956,709.0611236151823,704.3660038718234,708.501708984375,23476200
2026-09-03,710.1100046716628,718.1716113897015,708.9512390201578,716.9229125976562,29449800
2026-09-04,718.601156571467,721.1085535017505,715.8140828169636,718.2116088867188,32871100
2026-09-08,720.1595771602128,721.1385985378392,714.8251697161986,717.6122436523438,28341400
2026-09-09,715.6543252365607,718.9508780796424,713.276797695489,715.5643920898438,26763400
2026-09-10,706.8135035284996,711.3188188537567,706.1242193062288,707.9523315429688,31414400
2026-09-11,714.9350193188371,716.8830016980755,712.8871654213293,714.1358642578125,26649100
2026-09-14,702.597886401324,712.2078675940699,702.0084737337293,708.4417724609375,35219000
2026-09-15,708.062154852668,708.7914364120502,702.9075530374577,703.8065795898438,26631700
2026-09-16,707.2630040952242,711.138970068843,699.2713317325664,703.9863891601562,35688000
2026-09-17,715.2047450412119,717.2925353145212,712.577477858311,716.1737060546875,37270300
2026-09-18,718.08176775015,720.9787124798182,714.3356712251818,720.6990356445312,48478700
2026-09-21,727.8900146484375,743.219970703125,727.8099975585938,741.469970703125,46730600
2026-09-22,740.97998046875,748.3499755859375,740.9299926757812,747.4600219726562,40128800
2026-09-23,746.969970703125,747.1300048828125,738.1900024414062,741.2100219726562,33191800
2026-09-24,735.2899780273438,742.6599731445312,734.6199951171875,741.0999755859375,29000900
2026-09-25,742.8300170898438,745.9199829101562,739.6400146484375,744.5,30283800
2026-09-28,740.4600219726562,741.4199829101562,731.6300048828125,736.530029296875,41775000
2026-09-29,740.1500244140625,740.5800170898438,735.3400268554688,737.9299926757812,27052300
2026-09-30,740.1900024414062,745.0999755859375,739.4600219726562,739.77001953125,29820400
2026-10-01,742.510009765625,744.6699829101562,736.25,742.030029296875,35728900
2026-10-02,751.3099975585938,754.5399780273438,747.530029296875,749.5800170898438,34498900
2026-10-05,749.3499755859375,756.9199829101562,749.0800170898438,756.2000122070312,25603200
2026-10-06,760.5399780273438,762.8599853515625,759.0999755859375,759.6599731445312,25707020
