date,open,high,low,close,volume
2019-01-02,219.5036163678524,224.1706882642769,219.4768465464984,223.2515411376953,126925200
2019-01-03,221.51142537562876,221.81483936556185,217.442249303845,217.92413330078125,144140700
2019-01-04,220.94038988695792,225.86624276540292,220.5655986572188,225.22373962402344,142628800
2019-01-07,225.49138437726992,228.4004851224772,224.59902068183817,226.99948120117188,103139100
2019-01-08,229.1768824554094,229.6141320120839,226.6604099507965,229.1322479248047,102512600
2019-01-09,229.83723728481584,231.04193396167105,228.61470313427708,230.2031097412109,95006600
2019-01-10,228.6771480028061,231.26499748458872,227.9989428243377,231.01513671875,96823900
2019-01-11,229.94428092089964,231.1311399399521,229.3642499391457,231.1043701171875,73858100
2019-01-14,229.2125434323212,230.49754943156907,228.8109960780443,229.6944274902344,70908200
2019-01-15,230.06925535334855,232.6392676098816,230.06032300031865,232.32693481445312,85208300
2019-01-16,232.75525327364485,233.77256114426123,232.55002701513308,232.88912963867188,77636700
2019-01-17,232.02353358017845,235.5126795050289,231.97889904796463,234.65599060058597,96118400
2019-01-18,236.4585701004151,238.24329770473705,234.69167996833485,237.7792510986328,127900300
2019-01-22,236.315794647781,236.5299532512682,232.9604979516396,234.56674194335935,115531200
2019-01-23,235.59297988875505,236.28902257625492,232.6035556571761,235.05755615234372,86030300
2019-01-24,234.87909465890849,235.76255343882323,233.8707190939541,235.1824951171875,59204100
2019-01-25,237.02074100226,237.9934415302677,235.28064789407637,237.1724548339844,96883400
2019-01-28,235.03967233956104,235.43228728722036,233.6118850682267,235.36984252929688,85613700
2019-01-29,235.5126704132107,236.07483674202092,234.22766433893665,235.05755615234372,66136300
2019-01-30,236.5656417942048,239.61751064912443,235.80712714019668,238.7786865234375,92473700
2019-01-31,238.7162123476783,241.3576011665745,238.50202655014016,240.87571716308597,104012100
2019-02-01,241.0720391984264,242.00903738846236,240.2064453521076,240.99172973632807,85782500
2019-02-04,241.036377352639,242.74972786238476,240.36710449040405,242.687255859375,60744800
2019-02-05,243.11558072808432,244.00794447257653,242.6158592097911,243.7045440673828,79552800
2019-02-06,243.42796583531967,243.91875510722443,242.65161356789883,243.38333129882807,58347800
2019-02-07,241.7770209297492,242.3213497102269,239.4122625921073,241.06314086914065,95482000
2019-02-08,239.82285965964783,241.45587403322736,239.0018726785705,241.35772705078125,75788900
2019-02-11,242.00905655513216,242.26782243146116,240.9649789996095,241.4914703369141,68021400
2019-02-12,243.097804670878,244.97174722150217,243.02640030292272,244.5969696044922,72270200
2019-02-13,245.42683071953024,246.2299527449873,245.0074186170561,245.39112854003903,65277200
2019-02-14,244.31136276656764,245.97117361390244,243.4993084316864,244.84678649902344,83234400
2019-02-15,246.61365742159327,247.5506557920129,246.4084311676484,247.51495361328125,97088700
2019-02-19,246.72074905298655,248.5946912150516,246.7118167006475,247.9432830810547,59120800
2019-02-20,247.90761514897304,248.8981532480857,247.4078935390229,248.4430389404297,76610800
2019-02-21,247.8094463542468,248.1663864395032,246.60474973782155,247.55958557128903,64214700
2019-02-22,248.17524541095904,249.2906999904541,247.54167483498367,249.0944061279297,78114600
2019-02-25,250.5133279021836,251.03088698269076,249.3532384904223,249.4335479736328,69030700
2019-02-26,249.08549936705504,250.12954971036925,248.88024589954088,249.2550506591797,56844100
2019-02-27,248.54110600056703,249.495941611224,247.61306744201457,249.1479339599609,56921600
2019-02-28,248.9338207584465,249.3710975786756,248.36272203533355,248.6839599609375,69268300
2019-03-01,250.2545318099578,250.64717410068224,248.8089066635564,250.2366943359375,78880500
2019-03-04,251.2896578356056,251.53058626385305,247.04199732647075,249.32644653320312,106494600
2019-03-05,249.4515193905073,249.6478406221543,248.4431433930837,248.9874725341797,59114600
2019-03-06,249.1034028239233,249.112335178332,247.15805585798455,247.4792938232422,75039800
2019-03-07,247.03313956745345,247.1759210900861,244.57023319221489,245.4090576171875,94885100
2019-03-08,243.56184460490744,245.08777949657605,243.09782510534217,244.9182281494141,85795800
2019-03-11,245.63210731638677,248.63043708887795,245.60533748744612,248.4698181152344,65098900
2019-03-12,249.02305887138556,249.92435509272264,248.8356700842505,249.40676879882807,79667500
2019-03-13,250.29016700067777,251.98565249349076,250.12952084635305,251.05758666992188,80639200
2019-03-14,251.08433086134977,251.503742824431,250.45969270816525,250.89694213867188,67518400
2019-03-15,251.4464445636101,252.9432409293717,251.2582030412028,252.13658142089844,81309000
2019-03-18,252.35165750836916,253.34655843745105,252.12758392601305,253.0507659912109,62199800
2019-03-19,254.10836509272133,254.8701932436563,252.22614189329977,253.11346435546875,90268100
2019-03-20,252.89840780961697,254.09943891227127,251.2492295483872,252.3516540527344,84609200
2019-03-21,251.53607866734464,255.60523563223617,251.4912475347911,255.2019195556641,79550400
2019-03-22,253.84858956459607,254.36842846263104,250.22755126738147,250.2902984619141,122659300
2019-03-25,249.94963816631585,251.1327534488572,248.8472134576752,250.10202026367188,85575200
2019-03-26,251.84980118259705,252.916393903658,250.56810651871356,251.96632385253903,68125900
2019-03-27,251.9573862949907,252.53999972364676,249.1071757554219,250.6488037109375,72224700
2019-03-28,251.2761173166963,252.0469173002357,250.12886168470223,251.5987701416016,56238500
2019-03-29,253.1045784888156,253.50789454083147,251.984210534216,253.18524169921875,82186800
2019-04-01,255.1750459210547,256.48362818526266,254.90614116907568,256.1878356933594,77617900
2019-04-02,256.37610167557364,256.5463998289137,255.5246109088733,256.3133544921875,40070400
2019-04-03,257.52333435925203,257.9177061153034,256.1161454730113,256.7166748046875,68243200
2019-04-04,257.03934532302384,257.6488190413837,256.3492083789462,257.3978576660156,48997500
2019-04-05,258.061121328043,258.6974827565158,257.7743005268839,258.6437072753906,58621700
2019-04-08,258.22240554553275,258.9484017747412,257.5681008285221,258.8408508300781,53566300
2019-04-09,257.8818883722807,258.2045413051788,256.9676777096618,257.514404296875,66142300
2019-04-10,257.9267010253007,258.4824266834013,257.5144131459608,258.3927917480469,52601500
2019-04-11,258.8766820006816,258.88565369694953,257.7563140764879,258.32098388671875,55093100
2019-04-12,259.9254067353859,260.34666624730795,258.36586304784964,260.0688171386719,69727800
2019-04-15,260.14051873172986,260.2391253546279,259.10081378222185,259.8985290527344,49596700
2019-04-16,260.77689745716583,260.8306729393059,259.47725948239383,260.0688171386719,52153200
2019-04-17,261.1801610882623,261.20704882392914,259.02008848058534,259.4324035644531,58268300
2019-04-18,260.0149866851149,260.21217252885253,258.72432068114665,259.9432678222656,68708500
2019-04-22,259.1814564680707,260.31974047739857,259.09182156001907,260.1673583984375,40160100
2019-04-23,260.5349763572506,262.7398813477334,260.3019582997649,262.5068359375,52246600
2019-04-24,262.4260865735888,262.7577111776434,261.7807534093311,261.9241638183594,50392900
2019-04-25,261.82553404227406,262.41709166992746,260.5796989626639,261.7627868652344,57770900
2019-04-26,261.8075462172482,263.05338095527367,261.0367189673241,262.981689453125,50916400
2019-04-29,263.07139009934167,263.91390906199985,262.98175518470526,263.39404296875,57197700
2019-04-30,263.0534379566247,263.8152936765944,261.64627651929874,263.5284729003906,81111700
2019-05-01,264.15585763921524,264.36201517554906,261.53866624356385,261.5476379394531,71671900
2019-05-02,261.4311489173669,262.34538672821753,259.49514969482624,260.9830017089844,65030200
2019-05-03,262.45296687976565,263.81532469782667,261.09058170896674,263.5374755859375,56543700
2019-05-06,259.2531340651493,262.89208684427564,258.9394255801766,262.4529113769531,107198100
2019-05-07,260.0598739928055,260.6514317140308,256.1699586920878,258.0700988769531,144729900
2019-05-08,257.71148681640625,259.41444043545084,257.11992932401034,257.71148681640625,91568300
2019-05-09,255.65000750381657,257.5322034636537,253.92013888950547,256.93170166015625,103471100
2019-05-10,255.99962249136024,258.9753267004435,253.02391828227695,258.2224426269531,112429300
2019-05-13,253.1314750112049,254.09048922555,250.89968336832376,251.7332305908203,127290500
2019-05-14,252.74607864369776,255.5335687769172,252.6206116364553,254.0098571777344,77003200
2019-05-15,252.38752291444263,256.1340267354628,252.1813653668116,255.49766540527344,73956400
2019-05-16,256.1968002322104,259.2173081278269,256.1251087119944,257.8639221191406,76749600
2019-05-17,255.56947903005445,258.6706509743465,255.5515356306396,256.1968688964844,100353000
2019-05-20,254.60144793136837,256.304402241244,253.75892879914983,254.50286865234372,62877600
2019-05-21,256.1878317468838,257.1737611168127,255.93687039387785,256.7973327636719,46847100
2019-05-22,255.8472185127596,256.9586146903073,255.53351003765889,256.008544921875,49482500
2019-05-23,253.79482603723133,253.83962983387076,251.47342590475924,252.880615234375,98733800
2019-05-24,254.31458236521192,254.7268975124644,252.83570197072484,253.4541473388672,55268100
2019-05-28,253.73197043431875,254.68204028022225,251.07894675251652,251.09686279296875,70029400
2019-05-29,249.98544567865576,250.3887617006994,248.01358728400507,249.41180419921875,104972900
2019-05-30,250.16469382953431,250.99826833289023,248.99952215787044,250.09300231933597,62523800
2019-05-31,247.55647480430645,248.3810501701749,246.69601265810164,246.722900390625,86862800
2019-06-03,246.7587690149791,247.8701651376711,244.76899467590567,246.09552001953125,96428000
2019-06-04,248.38116255840228,251.57196924102607,247.93301524508163,251.43753051757807,77231900
2019-06-05,253.05073249245584,253.6422899538937,251.24919972865675,253.6154022216797,71169700
2019-06-06,253.91136866298191,255.9369763678528,253.26603529479587,255.26475524902344,69430400
2019-06-07,256.2775249265868,258.89471736243144,256.10722675339446,257.81915283203125,74272200
2019-06-10,259.36070955978926,260.6603473979614,258.9125623539002,259.002197265625,60799100
2019-06-11,260.8127666619331,261.18025074401487,258.2941809298953,258.93951416015625,58641300
2019-06-12,258.70643444478026,259.26213260858515,257.97146645593216,258.4823608398437,47096300
2019-06-13,259.3875932507878,259.90745931903905,258.68848471461854,259.5489196777344,48945200
2019-06-14,259.26220703125,259.8627091473257,258.50035108522394,259.26220703125,52324700
2019-06-17,259.495125935518,260.1225429109013,259.1903891440477,259.3606872558594,39205700
2019-06-18,261.1712687189415,263.12518417352123,260.81272903505663,262.0765075683594,85434800
2019-06-19,262.21088043232373,263.19680960996527,261.2428946460134,262.6679992675781,78674400
2019-06-20,265.3389355268654,265.58092510740806,262.7307161923283,265.1775817871094,116570000
2019-06-21,264.9092951972342,266.1611896327849,264.57605770329127,264.7922058105469,83309500
2019-06-24,264.99936948825126,265.3145763201404,264.3148638254183,264.4679870605469,47582700
2019-06-25,264.5220086088236,264.5490271209979,261.76601042395885,261.87408447265625,82028700
2019-06-26,262.76568952002185,263.270053340462,261.50477996892147,261.61285400390625,51584900
2019-06-27,262.36949245202936,263.04498289515925,261.99123319591143,262.5406188964844,40355200
2019-06-28,263.51328434422294,264.386919654963,262.99993255253844,263.8915710449219,59350900
2019-07-01,267.2058881698985,267.4220637118567,265.0893468337903,266.2872314453125,78705600
2019-07-02,266.24226171664947,267.034841473531,265.404660263216,266.9808044433594,61504500
2019-07-03,267.6563623262219,269.13344815225656,267.5122543808199,269.11541748046875,40898900
2019-07-05,267.8904556118029,268.97125111423253,266.6025273362104,268.8091125488281,51677300
2019-07-08,267.5030965734227,268.6289134136721,266.7915726343715,267.3319702148437,45841800
2019-07-09,266.17921005141125,267.9624868391596,266.12517302667766,267.665283203125,41101300
2019-07-10,268.72806575397624,269.8899168340314,268.1966833184836,268.9442138671875,58448500
2019-07-11,269.58363080958173,269.8177820454118,268.5749032177327,269.5746154785156,50826100
2019-07-12,270.06101270514915,270.85359234497,269.7547937508127,270.7815246582031,40326000
2019-07-15,271.2139264803352,271.2139264803352,270.36730957434435,270.8716735839844,33900000
2019-07-16,270.78155022134894,270.9887104831493,269.6917668565987,269.9979858398437,36650100
2019-07-17,269.97090595616555,270.13301700119024,268.1605834960937,268.1605834960937,36036300
2019-07-18,267.6653065540941,269.52065119386003,267.22399498501346,269.1423645019531,51392600
2019-07-19,270.23208798382825,270.25910648981244,267.4760904303873,267.647216796875,58678600
2019-07-22,268.0435817376525,268.8451768651962,267.5302299272995,268.3047790527344,43638100
2019-07-23,269.42154655627746,270.2231140136719,268.59293310299523,270.2231140136719,44564500
2019-07-24,269.466601543074,271.4930725097656,269.37653066962224,271.4930725097656,47213200
2019-07-25,271.0428450740253,271.09688212076827,269.3946326910208,270.1962280273437,55394100
2019-07-26,270.8805308833749,272.20449250770645,270.7544262116476,272.00634765625,45084100
2019-07-29,271.8893951181974,272.00648451921296,270.96172273001054,271.5111083984375,38126500
2019-07-30,270.11507713282856,271.2499096855078,269.7367904533448,270.8446044921875,45849000
2019-07-31,271.0877952542594,271.2769523537297,265.8730292190799,267.8814697265625,104245200
2019-08-01,268.03454960744455,270.9796773444244,264.75615690970017,265.5487365722656,142646600
2019-08-02,264.6570079162819,264.9001744401699,262.0000693836539,263.5491943359375,116749700
2019-08-05,259.46928551484723,259.5773595462877,253.7321266311657,255.62350463867188,178745400
2019-08-06,257.50590864289825,259.42430546615407,256.0378386800961,259.2081298828125,120711700
2019-08-07,256.1458963970514,260.1267976833788,254.0203669444034,259.3612365722656,140572300
2019-08-08,260.84739635518525,264.45001220703125,260.29801063095204,264.45001220703125,87713900
2019-08-09,263.5133016745195,264.10773653712675,260.8743923871046,262.648681640625,93730000
2019-08-12,261.1534842703851,262.6395570659091,258.5055607500272,259.4512634277344,65527600
2019-08-13,259.1540943486517,264.927288031158,258.8118415350156,263.4862365722656,94299800
2019-08-14,259.45137173581514,260.05479444786425,255.56955568303667,255.6956329345703,135622100
2019-08-15,256.57822347266244,257.2627290614845,254.33560461612663,256.3710632324219,99556600
2019-08-16,258.01932440574643,260.5861658852784,256.4251495030518,260.15386962890625,83018300
2019-08-19,263.16203921415007,263.96360681327474,262.48654885595346,263.2881164550781,53571800
2019-08-20,262.78369081572106,263.3150731411027,261.14452215391043,261.2705993652344,51596400
2019-08-21,263.42316718942703,263.7653924594661,262.7386616778172,263.3961486816406,49524700
2019-08-22,264.09871638415376,264.72915753530043,261.54985080842727,263.31512451171875,51666400
2019-08-23,262.0181829782447,263.67538246569245,255.30830200906564,256.5512084960937,149161500
2019-08-26,258.73078802640924,259.3882751464844,257.2086810185283,259.3882751464844,72423800
2019-08-27,260.7753021102791,261.1445734568892,257.6139985597237,258.3705444335937,66668900
2019-08-28,257.71308250775724,260.35199145283605,256.91148746063425,260.1898803710937,59696700
2019-08-29,262.7386652204971,264.0356085832633,261.7389254473887,263.5132141113281,57899400
2019-08-30,264.99029561256964,265.008298789172,262.46847659995325,263.3961486816406,62901200
2019-09-03,261.7029833463762,262.61262500129374,260.53211690558965,261.8560791015625,69101400
2019-09-04,264.0176945838123,264.84628077081663,263.2701364628627,264.8282775878906,46887300
2019-09-05,267.30502430433256,269.1423380968448,264.792192738452,268.2326965332031,83258100
2019-09-06,268.5479513958564,269.07933383116614,267.8724610565312,268.4398498535156,49584300
2019-09-09,269.42159848406766,269.51164187797576,267.63829401515704,268.5749816894531,51260300
2019-09-10,267.8184417675789,268.57501526286137,266.5665470865636,268.511962890625,57947100
2019-09-11,268.8181022138992,270.50232018051446,268.1696304715146,270.4212646484375,68821100
2019-09-12,271.3219373460333,272.41172066807127,270.56539150782567,271.35797119140625,72908700
2019-09-13,271.7992180199048,272.1504860856826,270.8084936512851,271.1777648925781,62104800
2019-09-16,270.0519941888065,271.2228604559255,269.7007535487089,270.3402099609375,58191200
2019-09-17,270.142068731276,271.1147626182504,269.9709423321039,271.02471923828125,41475500
2019-09-18,270.6374460314941,271.2949331869254,268.6109750229394,271.1868591308594,73375800
2019-09-19,271.574128430402,272.564853068215,270.835585747144,271.1688232421875,76560500
2019-09-20,271.7696025331954,272.0501199494442,269.1004209167277,269.8876037597656,89565000
2019-09-23,269.2270694354284,270.5390591956708,268.97372292597385,269.8242492675781,43476800
2019-09-24,270.9100771613818,271.2991401437469,266.747931631159,267.70703125,94869400
2019-09-25,267.788503619275,269.733846452607,266.3136537035332,269.2904968261719,71854000
2019-09-26,269.2995900263138,269.50767941559707,267.32710363644395,268.72955322265625,56179700
2019-09-27,269.48042710932464,269.5890278573318,265.7345158777197,267.28173828125,84746600
2019-09-30,267.7974620299853,269.2270541925325,267.7522324322751,268.52130126953125,51662400
2019-10-01,269.3989277068557,270.05039396321035,265.1101242932585,265.3272705078125,88242400
2019-10-02,263.7530009587728,263.7620579252307,259.355622841825,260.64044189453125,122539500
2019-10-03,260.41421121100484,262.8029306373284,257.70882934443205,262.7757873535156,85278800
2019-10-04,263.4272537383088,266.5850420764219,263.37293955799163,266.3316955566406,65091200
2019-10-07,265.5354770003789,267.1551000311265,264.9020968438826,265.1825866699219,59610500
2019-10-08,263.33679390363403,264.0696902542639,261.02950409268243,261.0657043457031,95708100
2019-10-09,263.0743680413565,264.4768170838572,262.45004489012706,263.5448608398437,62359400
2019-10-10,263.463358532377,266.2049399418917,263.3004988714615,265.3272705078125,55296300
2019-10-11,268.0688238971511,270.303712163974,267.9512214516886,268.077880859375,98720400
2019-10-14,267.7612744976326,268.43085481933645,267.4355551081807,267.7793884277344,40394800
2019-10-15,268.8198544458258,271.17237295120003,268.7022243786533,270.430419921875,46754500
2019-10-16,269.9690420180844,270.6838519974688,269.5618927483342,269.9961853027344,48928200
2019-10-17,271.154277975475,271.66097090586624,270.1046918731806,270.7923583984375,45736600
2019-10-18,270.2586137211803,270.901023258945,268.7566207357212,269.6071472167969,64304000
2019-10-21,270.91912254267635,271.6339049366315,270.48480235900485,271.4348449707031,39048600
2019-10-22,271.968569518437,272.258116188512,270.457547881984,270.54803466796875,48594700
2019-10-23,270.2947369187683,271.3895526721118,270.08662003478764,271.33526611328125,34352200
2019-10-24,272.2672627207654,272.4120361034301,270.9552729240972,271.7786560058594,35453100
2019-10-25,271.2086350532512,273.43449487557064,271.1543484832142,272.8916015625,45205400
2019-10-28,274.10402913693105,274.92741221048794,274.0768858537456,274.42974853515625,42147000
2019-10-29,274.1582636553359,275.2711932800511,274.0315766160556,274.3482666015625,44284900
2019-10-30,274.5474431635399,275.5608294575838,273.24451003899617,275.1898803710937,49643900
2019-10-31,275.180806729654,275.180806729654,273.00926085789666,274.4569396972656,69053800
2019-11-01,275.8955169845089,277.0446192410411,275.7326297032093,276.9993896484375,71141500
2019-11-04,278.5466859006218,278.6824023272669,277.7413890813588,278.11236572265625,60606900
2019-11-05,278.311380485651,278.6099841884755,277.51514076171463,277.8046875,42933200
2019-11-06,277.8047899951709,278.1395664542732,276.927120104659,277.8681335449219,46487100
2019-11-07,279.19819677459884,280.1753828145905,278.37481350503737,278.8453063964844,54272300
2019-11-08,278.5013675900096,279.58715399039016,277.8046716775941,279.5328674316406,49032100
2019-11-11,278.1576150386581,279.171001145757,278.0218710031677,278.99908447265625,35797300
2019-11-12,279.3609550006953,280.48291404868405,278.81806179232484,279.587158203125,46484600
2019-11-13,278.6010045783601,280.0758543475074,278.3748013036493,279.677734375,53917700
2019-11-14,279.3971693561255,280.1662658057704,278.76378931225406,280.0848083496094,51219900
2019-11-15,281.41478789846815,282.1567408126587,280.7271491406681,282.11151123046875,62023600
2019-11-18,281.8764440865474,282.5550539600533,281.42403750421016,282.3197937011719,49228000
2019-11-19,282.9168603339979,282.9259172980814,281.5958413744846,282.2382507324219,67804700
2019-11-20,281.6501841603827,282.16593418758833,279.6414982342091,281.188720703125,79406200
2019-11-21,281.29736597532883,281.4059391324079,279.9401462864297,280.7363586425781,54664700
2019-11-22,281.4782868521623,281.6140032863701,280.3563275124406,281.36065673828125,44850200
2019-11-25,282.2836143726883,283.5412902832031,282.2836143726883,283.5412902832031,48647200
2019-11-26,283.5773846335351,284.3645673561452,283.26069462912875,284.18359375,37569000
2019-11-27,284.66316801468287,285.45037841796875,284.4460217587132,285.45037841796875,44444600
2019-11-29,284.889359653411,285.1336767941421,284.165520421141,284.3917236328125,36592700
2019-12-02,284.6450416588715,284.70838517885187,281.5505974957822,281.9758605957031,75767800
2019-12-03,279.27048230227246,280.1662658057704,277.8951767026078,280.0848083496094,73941700
2019-12-04,281.1253797697638,282.4101986278276,280.7815464488824,281.8130187988281,49080000
2019-12-05,282.5098243469022,282.5279106696213,281.016860535024,282.3197937011719,40709000
2019-12-06,284.2197973703587,285.2965268305146,284.2107404061352,284.8984069824219,48927000
2019-12-09,284.5093785762691,285.17893130524726,283.9302850497049,284.002685546875,34838500
2019-12-10,283.94837758133656,284.6088732952171,283.03450775915456,283.6859741210937,52649800
2019-12-11,284.1383817026879,284.7446184692884,283.60454542809504,284.49127197265625,53429100
2019-12-12,284.50035315953534,287.7214853233215,284.26512054939514,286.943359375,96389600
2019-12-13,286.7080270530041,288.33670665798,285.9389306517123,287.1152038574219,81503900
2019-12-16,288.834361024335,289.67583035344785,287.0518785933374,289.08770751953125,82749700
2019-12-17,289.46778259690007,289.7663587326568,289.0696626740905,289.1510925292969,61097700
2019-12-18,289.54013554774133,289.766338778638,289.11487236914763,289.1691589355469,48133000
2019-12-19,289.3591619313905,290.4268621669237,289.1058154172824,290.3544616699219,85310500
2019-12-20,291.3819840339873,292.75497802122635,290.4090951458185,291.62750244140625,147142100
2019-12-23,292.4094203827476,292.4639738562155,291.92751286814024,292.072998046875,52990000
2019-12-24,292.3002756332288,292.3457276057537,291.7819899538515,292.0820617675781,20270000
2019-12-26,292.46394678754814,293.6460033496912,292.4548730417836,293.63690185546875,30911200
2019-12-27,294.3642718901657,294.4188253533874,293.0367580376793,293.5641174316406,42528800
2019-12-30,293.6459903788321,293.7823740438549,291.4637407446412,291.9456481933594,49729100
2019-12-31,291.4456015823898,292.900425602452,291.10007775592334,292.6549072265625,57077300
2020-01-02,294.1824790593536,295.4099876573277,293.2641160474281,295.39178466796875,59151200
2020-01-03,292.01848272129286,294.2734616635699,291.9639292406983,293.1550598144531,77709700
2020-01-06,291.4092412616516,294.35526771417256,291.291032813915,294.2734375,55653900
2020-01-07,293.7096192068169,294.18245291277395,293.00039639633826,293.4459533691406,40496400
2020-01-08,293.6368940302927,296.21919321098,293.3914034289501,295.0098876953125,68296000
2020-01-09,296.5647856086365,297.0830714131627,295.9828448284393,297.01031494140625,48473300
2020-01-10,297.5921967694292,297.74675568148257,295.69184361108466,296.1555480957031,53029300
2020-01-13,296.7739367937053,298.2014565604585,296.3465826887822,298.1923828125,47086800
2020-01-14,297.7559376961937,298.8015831284965,297.18309837065016,297.7377624511719,62832800
2020-01-15,297.6468679179189,299.1653196467002,297.565037682398,298.41064453125,72056600
2020-01-16,299.78355255111995,300.8928527832031,299.55623715723783,300.8928527832031,54050300
2020-01-17,301.602060838024,302.0384886137536,300.8291829872231,301.8293762207031,95846000
2020-01-21,300.87464321259114,302.03849689387584,300.80191449746235,301.23834228515625,77742400
2020-01-22,302.09307968566543,302.7386754317191,301.1201908155379,301.2747497558594,48914900
2020-01-23,300.62911709140155,302.02938749135257,299.51981701453644,301.6202087402344,51963000
2020-01-24,302.27486782213623,302.3566980198879,297.6558042825811,298.9378662109375,87578400
2020-01-27,293.7186726961124,295.61902545785193,293.3822504593696,294.1460266113281,84062500
2020-01-28,295.56449078822,298.1013377120743,294.2369769931781,297.2284545898437,63834000
2020-01-29,298.5833109094205,298.81062629591605,296.78296305892985,296.9830017089844,53888900
2020-01-30,294.92799254211405,298.15588692212685,294.1824193381583,297.9467468261719,75491800
2020-01-31,297.32844873140954,297.4830353636168,291.6273903002229,292.5366516113281,113845600
2020-02-03,294.00971748755245,296.5647401340601,293.89150905042175,294.7098388671875,69083000
2020-02-04,298.3014086532792,300.0653780748739,297.9831615981231,299.2015686035156,62573200
2020-02-05,302.120399235468,302.8660005487385,300.66560259787417,302.6568603515625,65951100
2020-02-06,303.611485421549,303.866077510334,302.6021908116986,303.6751403808594,50359700
2020-02-07,302.62043938821614,303.68425987543606,301.5111391738703,302.05670166015625,64139400
2020-02-10,301.1746796413046,304.3752699512729,301.13830141378867,304.3116149902344,42070000
2020-02-11,305.65731897728693,306.4392704707863,304.3116021007704,304.8389892578125,54864500
2020-02-12,306.2665203619199,307.01212140657594,305.9028213335497,306.8030090332031,43992700
2020-02-13,305.384583005048,307.4395230692545,305.11181562858764,306.4757080078125,54501900
2020-02-14,306.884783584121,307.0848221757189,305.6936535268408,306.96661376953125,64582200
2020-02-18,305.9755900262363,307.030336674616,304.7935334511837,306.1756286621094,57226200
2020-02-19,307.1394741196409,308.31240156841585,306.857605252249,307.6395568847656,48814700
2020-02-20,307.0939373986902,307.9122948602321,303.4023383220383,306.3756408691406,74163400
2020-02-21,305.03003353463555,305.3391791928793,302.40225381686423,303.2206115722656,113788200
2020-02-24,293.8187317949431,303.29321971101865,292.09111299686066,293.1640625,161088400
2020-02-25,294.54617947757,295.15536915780245,283.40772583983846,284.2806091308594,218913200
2020-02-26,285.6717997537044,289.2451911436134,282.5075871787762,283.2349853515625,194773800
2020-02-27,277.74314208013254,283.28964541704363,270.5145263671875,270.5145263671875,284353500
2020-02-28,262.50382297406543,270.8599389145115,259.6305531200936,269.3778381347656,384975800
2020-03-02,271.15081146386314,281.1072340538252,267.7410815013355,281.0435791015625,238703600
2020-03-03,281.41641279396447,285.36260407327984,270.5689305856393,272.99664306640625,300139100
2020-03-04,278.343143597917,284.68979925998445,275.8062960824147,284.4715576171875,176613400
2020-03-05,277.3065542615763,280.47986769668034,272.7875239528955,275.01519775390625,186366800
2020-03-06,266.5500180417733,271.66916501204014,263.89498985282967,270.46893310546875,228667200
2020-03-09,250.31965987878343,258.40300728811127,248.6375484367583,249.3467712402344,309417300
2020-03-10,258.81222939877176,262.3401410197597,248.6830420803333,262.2492370605469,276444100
2020-03-11,255.2297704558784,256.3572460851051,246.30081389642223,249.46502685546875,255316300
2020-03-12,232.7709352018375,242.46366575529143,225.2058731481479,225.59686279296875,392220700
2020-03-13,239.21757012676,246.8462863283044,225.9696392013214,244.8822784423828,329566100
2020-03-16,219.29565492416745,233.5892450551575,215.82228363619475,218.0863494873047,297240000
2020-03-17,222.8054346579501,232.92553359423096,215.55863317608555,229.8613128662109,262070500
2020-03-18,214.81300234794617,225.8332459016625,207.3297850292438,218.2227325439453,327597100
2020-03-19,217.54082834842117,224.93312927499892,211.14872068807995,218.68649291992188,289322000
2020-03-20,221.8199425120468,223.59428478802053,208.9879896058837,209.2623748779297,347158800
2020-03-23,208.7044321349281,210.0671893215918,199.6223661157914,203.9118804931641,326025200
2020-03-24,214.4024671855112,223.25588242208775,213.8354145287145,222.38699340820312,235494500
2020-03-25,223.96010990179323,234.45982229383785,219.27732029095012,225.71615600585935,299430300
2020-03-26,228.21305908392085,240.35904181839467,227.7831920812227,238.89569091796875,257632800
2020-03-27,231.64282838705617,238.53896824316124,229.6123970169316,231.78001403808597,224341200
2020-03-30,233.86536432312167,240.0206749273395,231.88066577631795,239.30728149414065,171369500
2020-03-31,238.3103271414256,240.84378198565145,234.34093062328688,235.7402801513672,194881100
2020-04-01,226.80456373148897,235.6579793873622,223.07296016967285,225.13082885742188,189554600
2020-04-02,224.25277750810545,231.1031837108158,223.70400702849605,230.3257751464844,177660400
2020-04-03,229.34713296100213,231.68854153043867,224.2802099883143,226.99659729003903,135561200
2020-04-06,235.8225192513126,244.20033173436548,226.9782617204993,242.24305725097656,188061200
2020-04-07,250.7946963606101,251.5446817524612,242.270569501096,242.4900665283203,201427200
2020-04-08,245.07844752732385,252.4319065328866,242.5998666951021,250.630126953125,153774500
2020-04-09,253.87690451669425,257.18780928967254,251.94709482023472,254.4439849853516,189999200
2020-04-13,253.4745408871483,253.81294146989543,248.23382562674,252.12091064453125,114839100
2020-04-14,256.9866545266391,260.5719034927361,251.9837459245979,259.55670166015625,134143400
2020-04-15,253.8678176592332,259.6938677231057,251.9379797452276,254.0415954589844,121775000
2020-04-16,255.312915908226,256.1177757239409,252.21240810863327,255.26719665527344,131798300
2020-04-17,261.0109147166747,262.76694697908226,258.2853720013515,262.163330078125,146684800
2020-04-20,258.477384853948,262.3004679707895,257.3249976139845,257.54449462890625,100109300
2020-04-21,253.0995310421528,254.2976655219105,248.7917064291713,249.72462463378903,126385700
2020-04-22,254.5812403911935,257.0049469419496,253.26420213122947,255.26719665527344,92951600
2020-04-23,256.5383952163667,259.6938040576203,254.94698618945023,255.2487945556641,104709700
2020-04-24,256.7579880798874,259.47437574126815,254.7184016023535,258.80670166015625,85063200
2020-04-27,260.77308193998005,263.6540921481232,260.31577784625483,262.53826904296875,77896600
2020-04-28,266.1692506121664,266.5168061709099,261.02915733590845,261.3309936523437,105270000
2020-04-29,266.63576694119143,269.69971044755005,265.61141007125656,268.1723022460937,118745600
2020-04-30,266.8003346785692,268.2728683089117,263.94676172651174,265.6753845214844,122901700
2020-05-01,260.9468619298038,265.8400213562658,257.4804890548701,258.6420593261719,125180000
2020-05-04,256.7670513399849,259.657216085898,255.2945457981982,259.3554077148437,80873200
2020-05-05,262.16329381700166,264.5504076936841,259.4834707215646,261.751708984375,79569900
2020-05-06,263.4436975938998,263.8278173255188,259.54745856060816,259.9773254394531,73632600
2020-05-07,263.1785007061858,265.03515417332994,262.6114481071013,263.1144714355469,75250400
2020-05-08,266.2333213332557,267.9345072510261,265.10834309873604,267.4680480957031,76452400
2020-05-11,265.54730090616414,268.8947697566106,265.12658901363613,267.5228576660156,79514200
2020-05-12,268.70274053027424,269.11429745742555,262.0535213092714,262.19073486328125,95870800
2020-05-13,261.6328252672218,262.6663370220257,255.1391013207381,257.5536804199219,144721100
2020-05-14,255.1299635672098,260.7639254068416,249.67887870539943,260.6358947753906,121977900
2020-05-15,258.25792384810507,261.87976465743145,257.3158784788834,261.83404541015625,111146300
2020-05-18,268.0258902625386,271.4099513684289,267.7057997595582,269.80938720703125,119703800
2020-05-19,269.2148881042302,270.9160456986361,267.01983434205823,267.0381164550781,95189300
2020-05-20,270.559292125151,272.4342269922945,270.33064017005466,271.5744934082031,85861700
2020-05-21,271.4465815641365,272.2514412639975,268.6112904984,269.6996765136719,78293900
2020-05-22,269.41608749145286,270.3855697465573,268.1813610988964,270.2117919921875,63958200
2020-05-26,276.14759303154426,276.38540004868,270.230078020285,273.5409545898437,88951400
2020-05-27,276.3214220512036,277.6476150920947,271.51972905102286,277.61102294921875,104817400
2020-05-28,278.6353508202171,280.6383447830718,276.4311419598092,277.09881591796875,90405200
2020-05-29,276.63231080462043,278.918830663609,273.8976419849883,278.33349609375,119090800
2020-06-01,277.6933091449905,280.06214079412035,277.18113083769884,279.45849609375,55758300
2020-06-02,280.37311161244173,281.8182080910608,279.0469465684308,281.7724609375,74267200
2020-06-03,283.7480576450486,286.473600307981,283.47368633170566,285.5223999023437,92567600
2020-06-04,284.5436868628639,286.2723094131286,282.6870337042213,284.7723388671875,75794400
2020-06-05,290.1411436356498,293.83614034000306,290.07711436853054,292.0709533691406,150524700
2020-06-08,292.87586716507536,295.79346983737577,292.3362516244308,295.6014099121094,73641200
2020-06-09,292.9489787890649,295.6745211196793,292.08924489657664,293.39715576171875,77479200
2020-06-10,293.97343534314683,294.8606065808559,291.04667738676187,291.76007080078125,95000800
2020-06-11,284.86387360342525,285.4949555197141,274.3916260395954,274.9403686523437,209243600
2020-06-12,281.9188413658153,282.68710895546064,273.1020322461087,278.23297119140625,194678900
2020-06-15,272.571533180231,281.95542250093104,271.4008357686363,280.8304443359375,135782700
2020-06-16,288.5406401343892,288.6869808136118,281.3975514551438,286.2358093261719,137627500
2020-06-17,287.25102322318884,287.5437045654918,284.3151106090864,285.0468139648437,83398900
2020-06-18,283.53767829923845,285.63211084262696,283.08037422942215,285.1565246582031,80828700
2020-06-19,288.60695612206905,288.7998612118977,281.5885862007756,283.52691650390625,135549600
2020-06-22,282.9298155199833,285.74083072241143,281.7907193825039,285.3458251953125,74649400
2020-06-23,287.9822576249924,288.91008594994315,286.25522305494576,286.659423828125,68471200
2020-06-24,284.6292467086996,285.2447431567849,277.5190362259304,279.3471069335937,132813500
2020-06-25,278.7774368584688,282.60814714407536,276.7656292172746,282.3417358398437,89468000
2020-06-26,281.24860280201204,281.4598984244321,275.0570271107299,275.6357421875,127961000
2020-06-29,276.88519211835774,279.82480106993296,274.6069720524608,279.68701171875,79773300
2020-06-30,279.2552015830545,284.9599319805004,279.0990496919848,283.2696228027344,113394800
2020-07-01,284.3812521535075,286.5124876487332,283.9219356089049,285.2539367675781,72396500
2020-07-02,288.6712626090192,290.01248714880245,286.16341213389586,286.8248291015625,69344200
2020-07-06,290.62796070760163,291.83136787282604,289.8838701103089,291.25262451171875,61713800
2020-07-07,289.71850628424903,291.6843665045092,287.87204481586895,288.2486877441406,82910000
2020-07-08,289.01107826646074,290.5635700836482,287.2565141278047,290.4533386230469,54638600
2020-07-09,291.05960293018705,291.2984564209568,285.4008217135947,288.7997741699219,83354200
2020-07-10,288.7355118423281,292.0150381063535,287.31164202517806,291.7486267089844,57550400
2020-07-13,294.0819575281441,296.4520180972743,288.57016007630955,289.2223815917969,102997500
2020-07-14,287.80756789513765,293.74195437755253,286.61335678895995,292.9703063964844,93657000
2020-07-15,296.17638888538494,296.75513200455663,293.29186858806787,295.6619567871094,87196500
2020-07-16,293.769630017324,295.13838410027176,293.1265757580528,294.6882629394531,54622500
2020-07-17,295.68952611403404,296.3233849801392,293.7236384923287,295.54254150390625,62774900
2020-07-20,295.27616772327247,298.6751206832208,294.5320773134892,297.9310302734375,56308800
2020-07-21,299.88780591530656,300.3287318894932,297.582027715605,298.5649719238281,57292200
2020-07-22,298.20664479704493,300.57673367466816,298.096413320775,300.2643737792969,57792900
2020-07-23,299.9060815666081,300.604251536004,295.32211240358737,296.6816711425781,75738000
2020-07-24,294.83533766379713,295.7906960099343,293.2736500051928,294.7710266113281,73766600
2020-07-27,295.45993962173293,297.09510525887373,294.6699006548691,296.9205627441406,48293000
2020-07-28,296.19475068136944,297.3063164930224,294.74332327237306,295.03729248046875,57495000
2020-07-29,295.910055607234,299.2263352942239,295.8733024378187,298.6659545898437,48454200
2020-07-30,295.70796004076783,298.0137378647775,293.631868503502,297.600341796875,61861700
2020-07-31,299.3823870341238,300.05299898791674,295.1842289270002,299.9519348144531,84986800
2020-08-03,301.60553393405814,302.7997453852625,301.0635439348531,302.03729248046875,53077900
2020-08-04,301.18303648166886,303.2040405273437,301.18303648166886,303.2040405273437,41917900
2020-08-05,304.499247726503,305.344402327558,304.23283633651965,305.087158203125,42697700
2020-08-06,304.5085050498795,307.2460137006027,304.1869778632997,307.1265869140625,43679400
2020-08-07,306.16203189273534,307.631850428163,305.2617613816024,307.3470764160156,57308300
2020-08-10,307.79708281522653,308.4493042092727,305.8679484593915,308.2655944824219,44282100
2020-08-11,309.4415500274836,310.0754090778702,304.99536940766205,305.7210693359375,69601100
2020-08-12,308.14631518865264,310.7552300476463,308.1187573147163,309.98358154296875,53774400
2020-08-13,309.2210563466594,310.7276279995597,308.5045236917194,309.42315673828125,41816100
2020-08-14,309.0373370596852,309.9651653792216,308.3116091255592,309.4323425292969,47260400
2020-08-17,310.4428715922836,310.8103192248424,309.4415648789166,310.4153137207031,35481000
2020-08-18,310.8102697584453,311.50843977331124,309.2210246583516,311.0858764648437,38733900
2020-08-19,311.4624789799715,311.9769111702149,309.23020772218825,309.79058837890625,68054200
2020-08-20,308.0727671388715,311.2328670833461,307.9441730893931,310.75518798828125,42207800
2020-08-21,310.42438756219764,312.07791527896086,310.08446989976244,311.8574523925781,55106600
2020-08-24,314.28274638944663,315.0911479893347,311.8300117530821,315.0176696777344,48588700
2020-08-25,315.57797452610504,316.2026382005386,314.4204880441908,316.1199645996094,38463400
2020-08-26,316.7079196553296,319.55565950622474,316.1659295535639,319.2892761230469,50790200
2020-08-27,320.1528020072036,321.42968732403983,318.33389853954054,319.9874267578125,58034100
2020-08-28,321.0070943234452,322.18294335620885,319.8220499903276,322.0543212890625,48588900
2020-08-31,321.8430814950249,322.7157660361152,320.6580370594044,320.8876953125,66099200
2020-09-01,321.7144270095628,324.0110093091774,320.82335195593424,323.90997314453125,54908700
2020-09-02,325.811514381806,329.559523949686,324.6723906223596,328.594970703125,69540000
2020-09-03,326.91390709312424,327.38241887389745,314.71446250184243,317.2866516113281,148011100
2020-09-04,317.96637544605505,319.528034384878,307.6225611503972,314.696044921875,139156300
2020-09-08,309.3129638670282,314.7604798192922,305.7946111946916,306.0977478027344,114465300
2020-09-09,310.0845768752643,314.5950685448863,309.2210595597669,312.142333984375,91462300
2020-09-10,314.0071656953316,314.6593873315728,305.76702585786137,306.722412109375,90569500
2020-09-11,308.4953124238538,309.5517346698308,304.0674950426978,306.8785095214844,84680200
2020-09-14,310.02939619225884,312.68425862482945,307.02547682042814,310.92047119140625,65605700
2020-09-15,313.36404795300973,314.1908119497624,310.929676393618,312.4913635253906,52920900
2020-09-16,313.72237632422525,315.1462463127431,310.9756444899073,311.2512512207031,82096000
2020-09-17,306.419220280496,310.2223743451593,305.89559274386187,308.5137023925781,91523300
2020-09-18,309.3152200755453,309.4258928149711,302.4901290597288,304.9619140625,105877900
2020-09-21,300.39645567196135,301.7153525566458,296.7348829024936,301.5677795410156,99450800
2020-09-22,303.0435505779114,305.1925215366681,300.5440689988532,304.6391296386719,63612100
2020-09-23,305.19260814095253,305.469318241813,297.07628515611486,297.5743408203125,93112200
2020-09-24,296.26447402550286,301.41095239116913,294.9547811991592,298.3673400878906,76681300
2020-09-25,297.5188697250388,303.9750423791619,296.6519238635727,303.19110107421875,71069400
2020-09-28,307.3321951697752,308.9370058544443,306.34531653525386,308.2268371582031,64584600
2020-09-29,308.0240116252658,308.7618487014727,305.8565765122229,306.5483093261719,51304000
2020-09-30,307.21229184325324,312.00831599678094,307.0186145881831,308.8724670410156,104081100
2020-10-01,311.4549953869998,312.4234100301672,308.9832103165565,310.8554992675781,88698700
2020-10-02,305.93029309925635,310.82775782543484,305.4599059080019,307.9040222167969,89431100
2020-10-05,309.9515464147121,313.5485503664023,309.90544216593185,313.3641052246094,45713100
2020-10-06,313.5024779338328,315.58690808900525,308.4021034182183,308.90936279296875,90128900
2020-10-07,311.8515557905092,315.08887396765715,311.8238876072292,314.2864685058594,56999600
2020-10-08,316.2140965427438,317.13640685603946,315.30099019284074,317.07183837890625,45242500
2020-10-09,318.7136538086108,320.364597690227,318.0957214588196,319.9034423828125,59528600
2020-10-12,322.4303863309191,326.5162133421552,321.9415631009819,325.0497436523437,80388500
2020-10-13,324.9114587531888,325.08669995512446,321.96928675859624,322.9284973144531,73255500
2020-10-14,323.50030508369025,324.588624372676,320.1707787470456,320.8993835449219,57727900
2020-10-15,317.0072439350563,320.9823988080132,316.4723163816997,320.5028076171875,60357700
2020-10-16,321.84932413381205,323.50026709141184,320.1338408607783,320.30908203125,89501900
2020-10-19,321.5634563511587,322.1906205529244,314.54468900491094,315.4393310546875,68425600
2020-10-20,316.77665329081066,319.9309665581509,316.0203803185693,316.702880859375,60051900
2020-10-21,316.65678774336294,318.8150186473506,315.79904590648505,316.1034240722656,63575000
2020-10-22,316.3155349317443,318.4184013053326,314.1850003748197,317.8373413085937,55399300
2020-10-23,319.0547837817538,319.1101201460179,316.47232629384683,318.9164428710937,49143900
2020-10-26,315.5501323088047,316.33410195367554,309.54588125348374,313.02301025390625,91473000
2020-10-27,313.3641216886395,313.6961398493141,311.7316146253023,311.9437561035156,65994100
2020-10-28,306.29923020856904,311.9714324418126,300.793037060004,301.2818603515625,127094300
2020-10-29,301.5124944740212,307.4982799279928,299.8338828006587,304.343994140625,90597700
2020-10-30,302.7759837968387,304.07644452408306,297.5372687463835,301.1711730957031,120287300
2020-11-02,304.5469055175781,306.5390712136703,301.816846466365,304.5469055175781,86068300
2020-11-03,307.76574732319943,311.97148032731906,304.6298977179073,309.9239501953125,93294200
2020-11-04,314.3787116216634,320.9086850612525,313.2073875383157,316.8505249023437,126959700
2020-11-05,322.10753618912685,324.82836195451813,321.7570538847939,323.02984619140625,82039700
2020-11-06,322.74400475930975,324.20127065202445,320.6411386081411,322.9561462402344,74973000
2020-11-09,335.693318037009,336.07146867931255,326.55321857844086,327.0143737792969,172304200
2020-11-10,326.02747194823814,327.58617866916313,323.27900515845005,326.5347595214844,85552000
2020-11-11,328.71134641817173,329.7812296172515,327.4754541399261,328.9603881835937,58649000
2020-11-12,327.9550049012143,329.006451899736,323.97064675875447,325.7691345214844,67546200
2020-11-13,327.6692037314988,331.0171949671076,327.1527121622969,330.27935791015625,62892200
2020-11-16,332.9356294021844,334.59577691874864,331.6536043931228,334.402099609375,74541100
2020-11-17,332.0040500584204,333.80256645757106,330.5006797195766,332.6035461425781,66111000
2020-11-18,332.8709473128143,333.41510690360417,328.56374668695173,328.60064697265625,70591300
2020-11-19,327.9735014478599,330.3530492973279,326.63614044527395,329.984130859375,59940900
2020-11-20,329.72597433081063,329.9288837485737,327.6507758909664,327.7245483398437,70417300
2020-11-23,329.5229862809576,330.943351866366,327.3002153270848,329.6889953613281,63230600
2020-11-24,332.2253630547063,335.5456855418986,331.376853397614,335.00152587890625,62415900
2020-11-25,334.918533340122,334.9462015223956,333.3967270217236,334.48504638671875,45330900
2020-11-27,335.57337244610363,335.88695456701845,334.41125247407854,335.4165954589844,28514100
2020-11-30,334.64174820647105,334.9092260061544,331.2661181405952,333.9315795898437,83872700
2020-12-01,337.16899213449574,339.11505340908474,336.5787000163199,337.5840148925781,74231400
2020-12-02,336.47717640069897,338.45090537235035,335.90534864392777,338.29412841796875,45927000
2020-12-03,338.1927942556074,339.58549206347914,337.1044746630616,338.2020263671875,62882000
2020-12-04,338.7830112476437,341.116455078125,338.690774592366,341.116455078125,50749900
2020-12-07,340.3509588633568,340.9043507086095,339.151966654208,340.41552734375,48944300
2020-12-08,339.1520405140451,341.9743085781153,339.1059362446829,341.4117126464844,42458900
2020-12-09,342.0664269707274,342.2232039496902,337.5194442340086,338.3495178222656,74098300
2020-12-10,336.9845044596191,339.2810480632366,336.1175305396437,338.2388610839844,57735400
2020-12-11,336.5510562374535,338.24810398025454,335.03848183162887,337.84228515625,57698600
2020-12-14,340.0005174178294,341.0703727066199,336.15447068733243,336.3297119140625,69216200
2020-12-15,338.8567255407651,340.8765869140625,337.4917246049017,340.8765869140625,63865300
2020-12-16,341.0888983208952,342.3247910946587,340.21269202953687,341.4117126464844,58420500
2020-12-17,343.04414942379185,343.5237407227484,342.2232796167158,343.3208312988281,64119500
2020-12-18,343.60793195814915,343.7746487031401,339.94926543201143,341.949951171875,136542300
2020-12-21,338.0505313746445,350.5455264474356,335.32737773397275,340.72735595703125,96386700
2020-12-22,341.0515319715881,341.1626764801447,339.0323313550487,340.153076171875,47949000
2020-12-23,341.1162723357877,342.35743274971173,340.1344584521365,340.4586486816406,46201400
2020-12-24,340.93110916719627,341.81105028673863,340.34760050896585,341.78326416015625,26457900
2020-12-28,344.3211159320895,345.10842711140884,343.7005497585794,344.71942138671875,39000400
2020-12-29,346.2384414390911,346.41442964061537,343.4782307274557,344.061767578125,53680500
2020-12-30,344.8768636186617,345.5808164221914,344.16366761858706,344.5526733398437,49455300
2020-12-31,344.3581702862446,347.02575115427703,343.8487486102848,346.30328369140625,78520700
2021-01-04,347.6278008405059,347.75748825794324,337.91153359546706,341.5887145996094,110210800
2021-01-05,340.94957212585825,345.02502991311206,340.90324308131426,343.9413146972656,66426200
2021-01-06,342.4407638300221,349.1745581522752,341.89428469428384,345.9975280761719,107997700
2021-01-07,348.3595497218485,351.87925728639124,348.1835615169557,351.1382751464844,68766800
2021-01-08,352.5183216455743,353.3519335138123,349.28574719059816,353.138916015625,71677200
2021-01-11,349.9804137736542,352.509035392322,349.8599978362601,350.7584533691406,51034700
2021-01-12,350.9437227941285,351.8421500854146,348.600304213812,350.8325500488281,52547700
2021-01-13,350.75841136657687,352.7683396809025,349.980371864259,351.7772827148437,45303600
2021-01-14,352.51834010082484,353.01851855461456,350.2120072157381,350.5454406738281,49989100
2021-01-15,348.9338006185688,349.73035497253096,346.1365606500185,347.9890441894531,107160000
2021-01-19,350.43430286360933,351.25867159512734,348.9615818623468,350.721435546875,51233300
2021-01-20,352.99994173082,356.40853248612547,352.6109360670709,355.5749206542969,61836100
2021-01-21,356.130669316354,356.5567608588735,354.9821386306928,355.89910888671875,47840100
2021-01-22,354.0559589420297,355.79729820062977,353.67619637889595,354.6394958496094,52860500
2021-01-25,355.3711907354322,356.3900340645269,350.5454507834374,356.0380859375,70402000
2021-01-26,356.98283743956097,357.3903860722406,355.25076988400014,355.4823303222656,42665300
2021-01-27,352.1756519523896,352.2682817840443,344.57121482669146,346.794189453125,123351100
2021-01-28,348.6003272642872,353.7595005336595,348.1650207830178,349.77667236328125,94198100
2021-01-29,347.92419387265943,348.8874932095309,341.1070398783729,342.7742919921875,126765100
2021-02-01,346.1550437581806,349.508034136275,343.061399921302,348.4799194335937,75817600
2021-02-02,351.6476476844072,354.9543372615442,348.5632753314943,353.4075012207031,64450700
2021-02-03,354.2318734911407,355.3989470635839,352.4164476969592,353.6853942871094,52427100
2021-02-04,354.7135510817987,357.7516230488669,353.79658074701985,357.705322265625,47142600
2021-02-05,359.56715905555785,359.81723422188844,357.65910277911985,359.11328125,48669800
2021-02-08,360.558136499525,361.7529963401308,359.7060098700413,361.7066955566406,38365200
2021-02-09,360.8730120616109,362.0586285633891,360.46549172244113,361.4658203125,35551100
2021-02-10,363.1979826220544,363.34618472348745,358.9187494098211,361.3084411621094,59154400
2021-02-11,362.3829054127333,362.7997256129319,359.4745202765179,361.8919982910156,42913300
2021-02-12,361.0953430954692,363.9203690574968,361.0212279279476,363.6795654296875,50593300
2021-02-16,364.9022500003414,365.0967811507984,362.6514889735632,363.36468505859375,50972400
2021-02-17,361.6233614767793,363.6981342096576,360.6137329689735,363.4480590820313,52290600
2021-02-18,360.8545263633819,362.6421661884554,359.14097344228867,361.9011840820313,59712800
2021-02-19,363.15153409947,363.4386667208575,360.81738728477296,361.2619934082031,83241000
2021-02-22,358.51112352371484,360.88230010289743,358.2147193846534,358.4833374023437,67414200
2021-02-23,356.28817782496253,360.26176310227765,352.1571472693643,358.918701171875,107284100
2021-02-24,357.83496090759934,363.2998098164091,356.85314691923423,362.8737182617188,72433900
2021-02-25,361.614054243243,362.9756307811768,352.6943414403151,354.1300048828125,146670500
2021-02-26,356.00102164898425,357.1402809088511,350.33242667147107,352.3052978515625,152701600
2021-03-01,357.14958006161066,362.0864647926419,352.49985630016823,360.8452758789063,105348800
2021-03-02,361.0675208946455,361.2990813033666,357.5292710653906,358.0294494628906,79595300
2021-03-03,357.3348735423533,358.29814477451754,353.18529961920825,353.2872009277344,119940200
2021-03-04,353.1019475606932,355.6768989799336,344.45085137854505,348.91534423828125,183433000
2021-03-05,352.3979683617633,356.38082529964976,345.1547785357928,355.33416748046875,152039600
2021-03-08,356.28815545159534,359.0853953645612,353.2871412226747,353.56500244140625,123149200
2021-03-09,357.3903303667505,361.1508690367039,356.8901519833952,358.61297607421875,113633600
2021-03-10,360.9471771777907,362.5310427756807,359.53929978707265,360.8452758789063,109899400
2021-03-11,363.2998641432631,366.46759555552194,362.8459863990173,364.50396728515625,86245000
2021-03-12,363.151569660229,365.1337120879891,362.3457439492556,364.9947814941406,64653600
2021-03-15,365.2449404075043,367.43088589691,363.1145954350534,367.1715393066406,73427200
2021-03-16,367.7828484506394,368.4867730167218,365.9396079964905,366.7084045410156,73722500
2021-03-17,365.4301814608711,368.7553861785309,364.2908938545459,367.9588317871094,97959300
2021-03-18,365.3838583264933,367.458630815987,361.928966398314,362.6051330566406,115349100
2021-03-19,362.305878052196,363.87635566268045,359.7689461369749,361.9341735839844,113624500
2021-03-22,362.4452457226715,366.1995258918092,362.3894914731642,364.8241882324219,73778600
2021-03-23,364.19225443451546,365.6326196800884,361.1721099731542,361.9526977539063,90686600
2021-03-24,363.3467123632342,364.9729444518164,360.0663710560635,360.1128234863281,97588600
2021-03-25,358.681705445465,362.9284721903629,356.7487968597733,362.13861083984375,116128600
2021-03-26,363.28162946554033,368.3740689250356,362.6869079495488,367.9744873046875,114409100
2021-03-29,366.5062610108265,368.6900641641759,365.0287163307063,367.7886657714844,108107600
2021-03-30,366.52485411067954,367.4820067384965,365.22384572711366,366.81292724609375,76262200
2021-03-31,367.3798004306039,369.8516768498448,367.35192329787424,368.2997741699219,112734200
2021-04-01,370.2232262952749,372.3326991052344,370.0187846211649,372.2769165039063,99682900
2021-04-05,374.9254075734241,378.15929585241673,374.851078026896,377.6203002929688,91684800
2021-04-06,377.0628133197033,378.4381228272308,376.7282594129832,377.3973388671875,62021000
2021-04-07,377.23005259846207,378.17790328320166,376.7747167341118,377.8340759277344,55836300
2021-04-08,379.079324885548,379.6833482520154,378.1500494419872,379.6275939941406,57863100
2021-04-09,379.5068418281828,382.5548643881928,379.3860314735494,382.3875732421875,61104600
2021-04-12,381.7928115000192,382.796416474297,381.1887881496238,382.5269470214844,56704900
2021-04-13,382.42465983562346,384.2832104198822,382.0436535627427,383.66058349609375,56551000
2021-04-14,383.6327485367833,384.68283426978144,381.81137670460754,382.3503723144531,61659900
2021-04-15,384.4783721321406,386.72723094490885,384.4319197085877,386.4577331542969,60229800
2021-04-16,387.74027092230574,388.353596263842,386.3277821219221,387.7495727539063,82037300
2021-04-19,386.82020814297175,387.2662422093501,384.5248966456128,385.8444519042969,78498500
2021-04-20,384.6364310503438,385.7329693496417,381.5512295404741,383.0195007324219,81851800
2021-04-21,382.4061826077296,386.8481185088796,382.2667685907722,386.6436767578125,66793000
2021-04-22,386.47630498080514,387.30334522286734,382.0529456283418,383.1123046875,97582800
2021-04-23,383.6699137247093,388.66941970392514,383.5955841738986,387.2662048339844,73209200
2021-04-26,387.9167460859348,388.6415798025078,387.3312980150035,388.07470703125,52182400
2021-04-27,388.3720341226582,388.5672023617423,386.8573107884589,387.9910278320313,51303100
2021-04-28,388.26058398462,389.37572589844,387.41493989916654,387.8795776367188,51238900
2021-04-29,390.5930916563602,390.96479619087927,386.98749811712497,390.3514709472656,78544300
2021-04-30,388.09326732154926,388.93891128959154,386.8944941845188,387.7865905761719,85527000
2021-05-03,389.7660070457858,390.1470133949862,388.1305014883067,388.6230163574219,68128300
2021-05-04,386.6436491697438,387.1361640313671,382.5548427993879,386.2254638671875,101591200
2021-05-05,387.86091462560825,388.0932334418477,385.7886205754292,386.34619140625,60162200
2021-05-06,386.4206161525747,389.5615718594526,384.42267951252586,389.4314880371094,74321400
2021-05-07,390.1933595483974,392.9161289540298,389.51497847400793,392.265625,67733800
2021-05-10,392.6188410447039,392.8418580569698,388.2605373215281,388.38134765625,81852400
2021-05-11,383.8837094719311,385.9002213981806,381.0587040499787,384.9151916503906,116888000
2021-05-12,382.1459075857726,383.4097084334532,375.4272366804108,376.7375183105469,134811000
2021-05-13,378.2800958091241,383.1866681631853,378.2336150294906,381.2630615234375,106394000
2021-05-14,383.9859302588615,387.9632283561021,383.95805312758887,387.1175842285156,82201600
2021-05-17,386.0116948349033,386.9409701694624,384.1252386808852,386.1324768066406,65129200
2021-05-18,386.3926530585167,386.6342737081329,382.6476747856206,382.8056640625,59810200
2021-05-19,378.1408045892193,381.9786886398152,376.6632315660085,381.8021240234375,106467100
2021-05-20,382.6755660178314,387.1639817014691,382.55478404780166,385.9094543457031,78022200
2021-05-21,387.3869697719797,388.6229217383348,385.1381395432608,385.5934753417969,76578700
2021-05-24,387.82376329020775,390.5930139862954,387.5821426291598,389.52435302734375,51376700
2021-05-25,390.6023385429732,390.9554677524658,388.084010006822,388.66015625,57451400
2021-05-26,389.2456215946333,389.9332763851672,388.2141394088324,389.4314880371094,43088600
2021-05-27,390.4535699291524,390.9646599410983,389.35700364949895,389.63580322265625,56707700
2021-05-28,391.1971051438448,391.4573011473298,390.10056686910303,390.3328857421875,58520200
2021-06-01,392.6838758906309,392.8232615157594,389.55222262273975,389.9889831542969,54216600
2021-06-02,390.63944335593305,391.4386348403412,389.635838535603,390.6022644042969,49097100
2021-06-03,388.2977618897576,390.2863966542775,386.83879259158886,389.1526794433594,58138800
2021-06-04,390.99262682035794,393.0091669281305,389.21770739294345,392.7117919921875,55938800
2021-06-07,392.70245396777017,392.8790185472602,391.4014741919741,392.3307495117188,51555000
2021-06-08,393.1856231095798,393.2785563030446,390.5929656750556,392.4143371582031,47134300
2021-06-09,393.250708509469,393.325066413478,391.6059014634664,391.8289184570313,48436300
2021-06-10,393.0463672069907,394.5982698082267,391.73608531665377,393.650390625,51020100
2021-06-11,394.19869662303313,394.41241184797695,392.9162918364142,394.3009033203125,45570800
2021-06-14,394.4124621753045,395.2859835657898,393.17653802366686,395.1837768554688,42358500
2021-06-15,395.3323223462151,395.3694729406718,393.5852801928474,394.4588012695313,51508500
2021-06-16,394.5981393495388,394.82115632633617,390.2212610245156,392.25634765625,80386100
2021-06-17,391.8476324881136,393.1021317895134,389.6638292802219,392.12640380859375,90949700
2021-06-18,388.8594734739455,389.5493778481607,386.63125419537954,386.83636474609375,118676300
2021-06-21,388.5890691181396,392.56074204937937,387.7779592270013,392.374267578125,72822000
2021-06-22,392.3651533758406,395.30194277919645,391.6472519214041,394.47216796875,57700300
2021-06-23,394.5466142661028,395.3483919707271,393.9126465296074,393.9965515136719,49445400
2021-06-24,396.1316142561776,396.7469175537267,395.87987081880055,396.327392578125,45110300
2021-06-25,397.0731713740786,398.1826291109268,396.7468552540623,397.735107421875,58129500
2021-06-28,398.2573039797839,398.70479729962966,397.0639410401673,398.5369873046875,53159600
2021-06-29,398.91921379244826,399.553181588353,398.2199770743729,398.75140380859375,35970500
2021-06-30,398.2945316804088,399.75827397212026,398.2665633510391,399.0870056152344,64827900
2021-07-01,399.84219026940974,401.4551065140506,399.77692134836326,401.2966003417969,53441000
2021-07-02,402.4526561515775,404.7181760542259,401.38047053367126,404.3638916015625,57697700
2021-07-06,404.4198237331857,404.6342665447706,400.9050044776281,403.6273498535156,68710400
2021-07-07,404.3079005145231,405.3334531467924,402.3034280912744,405.0537414550781,63549500
2021-07-08,399.75830982322657,402.50865241662655,398.5835829803211,401.7534790039063,97595200
2021-07-09,403.25443886623873,406.3404010235605,401.55761775710965,406.04205322265625,76238600
2021-07-12,405.9582058292176,407.74826443657537,405.529348587086,407.49652099609375,52889600
2021-07-13,406.7133297443053,408.20504032687353,405.8462831042172,406.1073303222656,52911300
2021-07-14,407.7948378993106,408.2796602207777,405.47338115910287,406.7133483886719,64130400
2021-07-15,405.3801554114466,406.05142380082106,403.43161916568266,405.32421875,55126400
2021-07-16,406.4990077284757,406.5456121361388,401.7535238763816,402.1450805664063,75874700
2021-07-19,397.3436641815824,402.2103536866974,393.4092904555928,396.2062377929688,147987000
2021-07-20,396.8681095390226,403.1519362165868,396.07563556513816,401.8839721679688,99608200
2021-07-21,403.0774378045671,405.2777180418087,401.83747022256176,405.1378479003906,64724400
2021-07-22,405.3148766464578,406.2285561812566,404.33595664289896,405.9861450195313,47878500
2021-07-23,407.9067170456665,410.4985533135599,407.2261448569842,410.1629333496094,63766600
2021-07-26,409.5755177575135,411.1791015467012,409.5289133635764,411.1697692871094,43719200
2021-07-27,410.1349768235407,410.1629451546749,406.48028699392114,409.2958984375,67397100
2021-07-28,409.9205563033624,410.498587479619,407.71097266740617,409.1280822753906,52472400
2021-07-29,410.0510501972417,411.8970168587412,410.0417179366842,410.8248596191406,47435300
2021-07-30,408.27037783028055,410.2748509254597,408.1398399733207,408.8297729492188,68951200
2021-08-02,410.5358527939085,411.0859155902377,407.6177003787268,407.9719848632813,58783300
2021-08-03,408.7644180200078,411.4121906770932,406.5828031219588,411.2909851074219,58053900
2021-08-04,410.0137854934574,411.2630850809124,409.0348654177105,409.2679443359375,46732200
2021-08-05,410.4239672459952,411.9436461991985,410.1069833618935,411.8597412109375,38969700
2021-08-06,412.1766644565728,412.9598060171418,411.8969527515063,412.5402526855469,46930000
2021-08-09,412.5123940918411,412.82937801362914,411.4402367339076,412.2047424316406,41222600
2021-08-10,412.6521993404,413.426037231432,411.9716271529787,412.7174682617188,43339300
2021-08-11,413.78031206478073,413.8362487240308,412.6615219757521,413.7430114746094,44034300
2021-08-12,413.5937996763557,415.1228107611535,412.69878475833394,414.9829406738281,38909400
2021-08-13,415.4305706025511,415.7568868046491,414.9457766564748,415.7382507324219,39470300
2021-08-16,414.44228007699377,416.8476419659867,412.8946326638833,416.7171325683594,73740000
2021-08-17,414.1719502339325,414.8432187291261,411.01141455591,413.9855041503906,92673900
2021-08-18,412.9786205449046,414.535600531769,409.21208500004974,409.4544677734375,89351900
2021-08-19,406.7413688859858,411.2817703416824,406.60152721840166,410.08837890625,92812200
2021-08-20,410.4333467352419,413.6777871293946,409.94852436681583,413.3514709472656,72008700
2021-08-23,415.02961932645024,417.8918350704933,413.42603534317016,416.9874877929688,54973000
2021-08-24,417.6493835449219,418.1808102184209,417.1366213910618,417.6493835449219,38744700
2021-08-25,417.8358219994897,419.03848842800426,417.4628730630107,418.5257263183594,40529700
2021-08-26,418.2460947166087,418.4791736205417,415.9619385292738,416.05517578125,57829600
2021-08-27,416.8569634678312,420.1480365315559,416.80102680571815,419.7751159667969,77235100
2021-08-30,420.446336557588,422.40420486497374,420.203925414651,421.6210632324219,48357400
2021-08-31,421.5278561630646,421.8634761216063,420.3997622552805,420.9964294433594,59300200
2021-09-01,421.9287532996464,422.4415155081253,420.9871054219515,421.2201843261719,48721400
2021-09-02,422.6373188627889,423.3178910483312,421.322750439352,422.51611328125,42501000
2021-09-03,421.3880192926544,422.92633435744506,420.98710195716393,422.4135437011719,47170500
2021-09-07,422.0686539613797,422.1618912265063,420.2319908012583,420.90325927734375,51671500
2021-09-08,420.3717753085308,421.0989803051799,418.47914741318687,420.3904113769531,56181900
2021-09-09,420.1946484083509,421.9380740118784,418.348653294726,418.591064453125,57970400
2021-09-10,420.5116222919028,420.9311472268283,415.1694438377463,415.2906494140625,89948200
2021-09-13,418.2741120636888,418.5351593108477,414.0506948028417,416.353515625,83738600
2021-09-14,417.7892579298286,417.9943684978522,413.2209172260456,414.1066284179688,78197100
2021-09-15,414.5261329422168,418.0596168232787,413.4260074279271,417.56549072265625,78792200
2021-09-16,417.04340609771833,418.01299380157405,413.9667476565997,416.903564453125,77786700
2021-09-17,416.1347509343631,416.5556198829702,412.48704878745247,412.8424682617188,118425000
2021-09-20,406.7443298239284,408.31563107334745,401.1137908654286,405.9586791992188,166445500
2021-09-21,408.2875051943148,409.5782269140936,405.0513672813698,405.57513427734375,92526100
2021-09-22,407.838568692879,411.5610822337272,405.687384755819,409.5314636230469,102350100
2021-09-23,411.3927493965041,416.1066812903445,411.1589238061392,414.5072937011719,76396000
2021-09-24,412.8799262600289,415.90096352552064,412.66479641554514,415.1901245117188,62094800
2021-09-27,414.161213191573,415.3209789209963,413.3100846651488,414.0022277832031,61371100
2021-09-28,411.24311932770905,411.5704808801535,404.9298280542011,405.6593627929688,130436300
2021-09-29,407.0343083385425,408.7646237192778,405.78100637960586,406.3421936035156,82329200
2021-09-30,407.81052769400486,408.5120044691004,401.0389476922281,401.3756713867188,140506000
2021-10-01,403.0966246093554,407.8198901478323,399.58924073132897,406.1456909179688,129240100
2021-10-04,404.9859554641585,405.8838378121313,398.7755335780304,400.9080505371094,128570000
2021-10-05,402.4045487478,407.3148869982612,401.6095644370215,405.07952880859375,90682500
2021-10-06,401.49724350728303,406.96876815418193,399.8791886529931,406.7630004882813,113032200
2021-10-07,410.0272332659466,413.1043576140897,409.84952352630745,410.2797546386719,72437500
2021-10-08,411.0466773706098,411.4301547502559,408.9048270474794,409.5314636230469,74557400
2021-10-11,408.8767873502811,411.7762304048919,406.5011113392327,406.5665893554688,65233300
2021-10-12,407.4832134822191,407.8853866681187,404.78017581687527,405.5658264160156,71181200
2021-10-13,406.58533954701886,407.83864146494665,403.62044662249696,407.0249328613281,72974000
2021-10-14,410.6725303601032,414.02092865194055,410.2048791998145,413.8712768554688,70236800
2021-10-15,415.9756898880979,417.3880054676226,415.3583869568452,417.0232238769531,66260200
2021-10-18,415.2462593259366,418.5946297754783,414.5915361472241,418.2579345703125,62213200
2021-10-19,419.8758981308074,421.55006860524617,419.2679288345012,421.484619140625,46996800
2021-10-20,421.94292042936127,423.43940977991457,421.8306887231228,423.1401062011719,49571600
2021-10-21,422.54154774240834,424.46826836998736,422.1113166378559,424.2438049316406,41305400
2021-10-22,423.81362241263184,425.2539962411946,421.8681772467244,423.8042602539063,58845100
2021-10-25,424.8891720800844,426.40435739743305,423.1214653908989,426.0769958496094,45214500
2021-10-26,427.62024353585866,428.8267630097883,426.086333989396,426.46044921875,56075100
2021-10-27,426.918846485335,427.5829032821589,424.4963878416024,424.57122802734375,72438000
2021-10-28,425.9927757181125,428.7425667516378,425.9834421045025,428.6677551269531,51437900
2021-10-29,426.3762409018072,429.82750855867687,426.0862994818022,429.5375671386719,70162400
2021-11-01,430.5197095224262,430.8938533397437,428.5555971973382,430.2765502929688,48433600
2021-11-02,430.4449339426002,432.3249011723894,430.313977886936,432.0162353515625,48908400
2021-11-03,431.4550309735482,435.05595130001086,431.0154376576969,434.6537780761719,52509800
2021-11-04,435.252290589815,436.7862001540291,434.90623328507866,436.7020263671875,52847100
2021-11-05,438.9187009079529,440.2000606050428,436.71140098602126,438.21722412109375,66390600
2021-11-08,439.3116319161153,439.807341140291,437.9086780503536,438.5914306640625,50405200
2021-11-09,438.9561822740007,439.19000790226266,435.7387393456625,437.1416931152344,51149100
2021-11-10,435.45815451293214,437.14171625142313,432.1472039925876,433.6249694824219,69429700
2021-11-11,435.11203553677166,435.1868757153558,433.7465019808427,433.7651977539063,34848500
2021-11-12,435.0278931802968,437.59061289028136,434.08322852376944,437.0387878417969,53466700
2021-11-15,438.32009084504045,438.4790762545081,436.0660088394629,437.1883544921875,46980500
2021-11-16,436.92650252909095,440.0504090632692,436.85169089743965,438.918701171875,48857500
2021-11-17,438.65685496204304,438.8345647133914,437.2352054944223,437.8525085449219,47858300
2021-11-18,438.8812820313448,439.601483135465,436.1689108233059,439.339599609375,50625600
2021-11-19,439.2273759676528,440.4713442276694,438.1892039343977,438.5539855957031,57315600
2021-11-22,440.42460812441726,442.9031540419021,437.11362928083673,437.31939697265625,72762000
2021-11-23,436.9920474001148,438.7504207161458,434.4012696782756,437.8992919921875,73206500
2021-11-24,435.9070327073579,439.189953253473,435.0933241891635,439.068359375,61858800
2021-11-26,432.4277521953583,433.88682180438246,428.1534129420354,429.2757873535156,112669600
2021-11-29,434.0458252551393,436.37471927780655,431.8572208947111,434.5415344238281,86268800
2021-11-30,432.10971456592034,434.0083773215289,425.8431769850362,426.08636474609375,148559600
2021-12-01,431.77301163649753,434.6069767536424,421.1573237370427,421.3537292480469,131939200
2021-12-02,421.56889106102784,429.369310207567,421.1760514660489,427.8073425292969,127637800
2021-12-03,429.4628587252186,430.51972656716913,419.8760081618024,424.0848693847656,137331600
2021-12-06,426.6194835756699,430.9779961367995,424.2157495838104,429.1073913574219,98977500
2021-12-07,434.3638433156849,438.5446466888678,428.9764917091224,437.98345947265625,95484700
2021-12-08,438.37632310215554,439.59220501791617,436.62728333146055,439.1432495117188,72238800
2021-12-09,437.86187787932255,439.2461359124412,435.98193918547975,436.1783447265625,61272600
2021-12-10,438.8720447732283,440.4339841150365,436.3280205855886,440.2843322753906,77159800
2021-12-13,439.7698847210869,440.1159420791506,436.1034863624048,436.3840942382813,87724700
2021-12-14,433.129161990558,435.6077075103081,430.4729067407916,433.3816833496094,97264100
2021-12-15,433.437885904042,440.3965100644385,430.9312535760348,440.1533508300781,116899300
2021-12-16,441.99589716215934,442.276476487203,434.7285786686983,436.2718505859375,116568600
2021-12-17,433.2054531879676,436.1995523968272,429.9297889238789,431.6286315917969,135511600
2021-12-20,426.56967673583256,427.4331620445399,423.4347948406732,427.0389709472656,107134800
2021-12-21,430.4460118667737,434.76352423036354,428.2872700067012,434.6227416992188,69806300
2021-12-22,434.36936703944747,439.0810708579234,434.1722428370173,438.9684448242188,58890200
2021-12-23,439.9632519663119,443.1919979095506,439.8600210053688,441.69964599609375,56439700
2021-12-27,443.0699825475692,447.9975710329418,443.0230645907993,447.9506530761719,56808600
2021-12-28,448.3823699323735,449.40542766483634,446.8243100349208,447.5845642089844,47274600
2021-12-29,447.6879323342068,449.1708894924968,446.69303086170095,448.1572265625,54503000
2021-12-30,448.57956514884495,449.583861651596,446.4583747572178,446.9182739257813,55329000
2021-12-31,446.4301930229222,447.5752433544864,445.5197611440757,445.79193115234375,65237400
2022-01-03,447.0496642498278,448.5044935235423,444.7501397489699,448.3730773925781,72668200
2022-01-04,449.7904169452743,450.5037534264149,446.3739407918644,448.2229614257813,71178700
2022-01-05,447.8568326219161,448.6264819641344,439.5221632658069,439.6160278320313,104538900
2022-01-06,439.15611548728646,441.9061724699496,436.8471675300687,439.2030334472656,86858900
2022-01-07,439.21243352735695,440.385668974707,436.1150747602866,437.4666442871094,85111600
2022-01-10,434.2849014246999,437.1381897824005,428.5595059644335,436.9223327636719,119362000
2022-01-11,436.65944664953486,440.995720027767,433.6747140760685,440.90185546875,74303100
2022-01-12,442.62887430153415,444.140016431985,440.1416209152974,442.0938720703125,67605400
2022-01-13,443.1920935855011,443.83972192368026,434.9794444425232,436.0025024414063,91173100
2022-01-14,432.86757035006775,436.52805924491486,431.6567833390416,436.1807861328125,95890900
2022-01-18,431.50661955919577,431.71311015183727,427.34867984369737,428.4562072753906,109709100
2022-01-19,429.9954920501737,431.3845844979552,423.735095055278,424.0072937011719,109357600
2022-01-20,425.8844492805024,430.56799582128895,417.202507339247,419.3143310546875,122379700
2022-01-21,418.19743405643766,420.5439049938418,411.05479027183264,411.08294677734375,202271200
2022-01-24,405.49842188976055,413.33564223860753,394.9205389356339,412.8287963867188,251783900
2022-01-25,406.4651000702844,412.7161024030997,400.9180390545414,407.78851318359375,167997300
2022-01-26,413.6547393232573,416.7708601265954,402.5230644296047,406.7655029296875,186391100
2022-01-27,411.3457135541372,414.47119995985975,403.0767530024136,404.7568054199219,149878300
2022-01-28,406.1083507585733,414.85599998563714,401.54682568405286,414.80908203125,164457400
2022-01-31,414.14275997921226,422.6276076174351,412.8005853653847,422.28033447265625,152251400
2022-02-01,423.0029920638759,425.7718391626573,419.4926807894892,425.1336059570313,123155400
2022-02-02,427.52703339584536,429.9861305198032,425.2274802659756,429.263427734375,117361000
2022-02-03,423.2564184267008,425.1523565396717,418.338196105121,419.1735534667969,118024400
2022-02-04,418.9389039958587,424.97402004258834,416.5736430884237,421.14459228515625,118454400
2022-02-07,421.9048228773997,423.2939151867245,418.4695863682104,419.7929992675781,84472900
2022-02-08,419.2955605639941,424.16683612077446,417.87828306849536,423.24700927734375,81012000
2022-02-09,427.2642403570165,429.7608891004601,427.067144800374,429.4417724609375,92589900
2022-02-10,423.6224701723359,429.6012734878491,419.7367292271085,421.7265319824219,140103700
2022-02-11,421.8109600128864,423.8758370313711,411.983939630044,413.41058349609375,153214600
2022-02-14,412.9037733723224,414.480594825984,408.6050229613756,412.05902099609375,123006300
2022-02-15,416.4798347763938,418.8732237029998,415.9635939780953,418.7042846679688,88482700
2022-02-16,416.667510025212,420.5438844069948,414.79972841637374,419.1735534667969,84863600
2022-02-17,416.0011290518587,419.1454057486569,409.618739738148,410.2194213867188,102259100
2022-02-18,410.4727719418629,411.7211103095957,405.30117034871625,407.5631713867188,132642900
2022-02-22,405.3669238698727,408.7552139612039,399.7072087942436,403.18939208984375,124391800
2022-02-23,406.0897515824007,406.6529104772887,395.4743166910495,396.0374755859375,132578000
2022-02-24,385.7786286542128,402.4292078496642,385.4219890905369,401.9974365234375,213942900
2022-02-25,403.2268523785691,410.9514433755462,401.58432307123695,410.8669738769531,121804500
2022-02-28,405.4983445727152,411.2894475933548,404.2500346060891,409.81585693359375,145615000
2022-03-01,408.3235042650858,410.3227021337157,400.8804765076019,403.5742492675781,137785900
2022-03-02,405.8174178662053,412.7160475859228,405.06655868510256,410.9984436035156,117726500
2022-03-03,413.42005221055416,414.020733918867,407.1596546990393,408.9523620605469,105501700
2022-03-04,405.23554101174136,406.7560496342077,401.6032084928617,405.6297607421875,113978200
2022-03-07,405.0478371744708,405.75177851724425,393.6064415917838,393.6721496582031,137896600
2022-03-08,393.8504466666385,400.97432894741854,389.626799007749,390.6874084472656,164772700
2022-03-09,399.0314934618867,403.1331202623526,396.85396145942144,401.1620788574219,116990800
2022-03-10,396.5723437671384,400.2422276939095,394.620092580412,399.3505859375,93972700
2022-03-11,401.8284832426369,402.43856000737617,393.7660118820792,394.2728576660156,95636300
2022-03-14,395.04251079882187,398.4777193572372,390.2557039226716,391.3913879394531,95729200
2022-03-15,393.9911511436533,400.62697646982326,392.7240800117482,399.9981384277344,106219100
2022-03-16,403.4897056559551,408.9241108535681,398.7122663861141,408.8677978515625,144954800
2022-03-17,406.9624734004391,413.9831237792969,406.58704383141486,413.9831237792969,102676900
2022-03-18,412.3788887995638,418.8375945905653,411.6445165852454,418.5174865722656,106345500
2022-03-21,418.3480186293664,420.34400315492985,414.9021094318173,418.3951110839844,88349800
2022-03-22,419.7790420837932,424.2229429857744,419.7790420837932,423.2908630371094,74650400
2022-03-23,420.76769294259685,422.2552571041615,417.7548676697066,417.839599609375,79426100
2022-03-24,419.8543815321978,424.1476383476217,418.7434134818091,424.1382141113281,64736900
2022-03-25,424.7690334312819,426.48257795134367,422.1987166511893,426.2095336914063,77101300
2022-03-28,425.6163835275033,429.2411804199219,423.7333751400057,429.2411804199219,68529800
2022-03-29,433.1108300293189,435.0409312276602,430.4369610658824,434.5513305664063,86581500
2022-03-30,433.4120635055574,434.2217721023706,429.76844665097167,431.8680114746094,79666900
2022-03-31,431.1053481916122,431.92445220332144,424.7690149308357,425.220947265625,121699900
2022-04-01,426.7932581156167,426.9344779963225,422.8672017698552,426.4260864257813,89048800
2022-04-04,426.62385782767655,430.1827430138928,425.80475366510456,430.07916259765625,59601000
2022-04-05,428.5915418482088,431.0488540116193,423.5074249292268,424.6466369628906,74214500
2022-04-06,420.7488628977492,422.6695109480676,417.52890560703577,420.4004821777344,106898000
2022-04-07,419.5248831878406,424.32656069949695,417.5853866950133,422.5188598632813,78097200
2022-04-08,421.7656645610829,424.2700693409283,419.8544120623101,421.3890686035156,79272700
2022-04-11,418.131430249241,418.9693828064198,413.6875578619317,414.1865539550781,89770500
2022-04-12,417.1617012912827,419.6755303463953,411.1078357022038,412.6519165039063,84363600
2022-04-13,412.4070635602776,418.1313961761753,412.22817547236576,417.3782043457031,74070400
2022-04-14,417.6041663493815,418.7151631152427,412.0775414258065,412.1811218261719,97869500
2022-04-18,411.2584985167614,414.0265235080533,410.128681843096,412.35064697265625,66002500
2022-04-19,412.2469973434697,419.7225426658893,412.0775334906012,419.0070190429688,77821000
2022-04-20,420.77706452379897,421.38903649977607,417.5382878170949,418.6963195800781,65224400
2022-04-21,422.3023077479575,423.6863200903773,411.53149725254485,412.4353332519531,85417300
2022-04-22,411.35267818921,412.45422221313805,400.5536219043403,401.1185302734375,132471800
2022-04-25,398.8871834126549,403.613525176202,394.339701051996,403.4440612792969,119647700
2022-04-26,400.92073603730137,401.1184726141431,391.7316742351174,391.7599182128906,103996300
2022-04-27,392.8332062183936,398.1809719519438,390.7336702250882,392.8614501953125,122030000
2022-04-28,397.58781923542455,404.5078808966821,393.1721622102616,402.784912109375,105449100
2022-04-29,398.811717778329,400.9583459743796,387.1558924375432,387.8996887207031,145491100
2022-05-02,387.9655908731996,391.5903873064927,381.32796990855087,390.234619140625,158312500
2022-05-03,390.73364246013386,394.42432259994985,389.1801376426985,392.02349853515625,100028200
2022-05-04,392.6826502664453,404.5267919425674,389.5097849729607,403.9618835449219,144247900
2022-05-05,399.7155972479429,400.1392856315828,385.4894825550537,389.6038513183594,172929100
2022-05-06,387.0523990067409,390.53594745704976,381.996525832566,387.2783508300781,151770800
2022-05-09,381.4033711108714,382.6367393593701,373.3064289483557,374.8787536621094,155586100
2022-05-10,380.829020441603,382.32600865511546,371.7246910186968,375.7449035644531,132497200
2022-05-11,374.7846276976837,380.4054095794836,369.03202142087446,369.77581787109375,142361000
2022-05-12,366.59347147586817,372.64733635025226,362.6203227573482,369.3897399902344,125090800
2022-05-13,373.5041843615176,379.5957186833356,372.4685238252672,378.22113037109375,104174400
2022-05-16,376.5829107180343,380.3395037850034,374.3421258246029,376.68646240234375,78622400
2022-05-17,382.749727398076,384.6704041422355,379.0307740612988,384.4350280761719,83029700
2022-05-18,379.8969587790726,380.17939855656863,367.7044674442447,368.9378356933594,117674500
2022-05-19,365.8873321136663,371.08445332431154,364.4656516763447,366.6781921386719,98510700
2022-05-20,370.2465587736136,373.8054438090952,358.2800473984459,366.83831787109375,131432200
2022-05-23,369.8511565779709,374.4645510711327,367.5444880638237,373.7019348144531,76414900
2022-05-24,369.596934771464,372.03542752036105,364.3245048157043,370.8491516113281,91448800
2022-05-25,369.3615701104793,376.0839249767093,368.96615437272027,374.1255798339844,91472900
2022-05-26,375.3494410853935,383.229825572082,375.142309040224,381.60101318359375,82168300
2022-05-27,384.0489933488559,391.08203108602834,383.8512855059234,390.9690551757813,84768700
2022-05-31,389.3590576074352,392.0988383279228,386.0449731059071,388.77532958984375,95937000
2022-06-01,390.8842854474684,391.89167303805095,383.1262718156382,385.6306762695313,86585800
2022-06-02,385.47069700399817,393.0215510259649,383.2299122085265,392.9744873046875,79609600
2022-06-03,388.2762692120269,389.8203496644341,385.5553374151809,386.5250854492188,71874300
2022-06-06,390.517114758432,392.2400548190691,386.5345416096812,387.7020263671875,57508900
2022-06-07,384.2279420082469,391.872952952458,383.7665853254526,391.4210205078125,59272400
2022-06-08,389.7168124827089,391.4962691477678,386.3744841868418,387.1653442382813,64350000
2022-06-09,385.3953361293416,387.6549405235344,377.95745849609375,377.95745849609375,86289800
2022-06-10,371.7811170749004,372.6284649579487,366.9511967893753,366.9982604980469,132893900
2022-06-13,357.63035727236417,359.4756973620504,351.4634878478497,353.0640563964844,170004900
2022-06-14,354.8058760643675,355.8321122307695,348.91205036955256,352.00018310546875,104011800
2022-06-15,355.28597872744456,361.4434236791229,350.3525063636279,357.01837158203125,125666800
2022-06-16,348.83676669769454,349.2416066501107,342.7828722240161,345.2025451660156,134473300
2022-06-17,345.61569795995496,349.2750534571848,342.4574939856124,345.9466247558594,111113900
2022-06-21,351.6485465469434,356.0359826472647,351.5728846785572,354.65545654296875,76811900
2022-06-22,350.4476289196659,358.1067621844924,350.031575241124,354.012451171875,90059400
2022-06-23,356.1399101885615,358.21068433345846,352.5940185911068,357.48260498046875,79292100
2022-06-24,360.6408676942553,368.8578841360136,360.6125017111181,368.8484191894531,98050300
2022-06-27,369.7656419748431,370.05876676666566,366.352143463888,367.4395446777344,66009600
2022-06-28,368.99032196028793,371.7608391177079,359.8182682316561,359.9317321777344,86548900
2022-06-29,360.48012203098745,361.4634953106421,357.8230692449071,359.6385498046875,65676000
2022-06-30,355.7617301279105,359.9411678938424,352.2820347335468,356.7167663574219,112508300
2022-07-01,356.0643267434046,360.9245770809683,353.4545407189356,360.4895935058594,74839700
2022-07-05,355.4212892140825,361.18927901231945,352.6034767929001,361.17034912109375,81438000
2022-07-06,361.312232629602,364.8675899225477,358.9388683085116,362.3901977539063,70426200
2022-07-07,364.1584231396316,368.61205598920736,362.4091104215268,367.8177795410156,64525900
2022-07-08,366.191374892305,369.37797430776754,364.6690190006268,367.5151977539063,72397800
2022-07-11,364.84868487322194,365.8131571923528,362.6265865895648,363.3168640136719,58366900
2022-07-12,362.76841613095786,365.1418092800132,358.36205049936086,360.1018981933594,62219200
2022-07-13,354.6838222143904,361.1326258025633,354.26776850827935,358.2107849121094,84224600
2022-07-14,353.2748467855768,358.4187564891479,350.84475070087467,357.3408203125,89704800
2022-07-15,361.72822647198586,364.28128008136326,359.8276481114005,364.1678161621094,79060400
2022-07-18,367.2409348746152,367.9122823241178,359.9411243028026,361.1609191894531,63203600
2022-07-19,365.0661316858812,371.4865684860797,364.413714078224,370.9192199707031,78506000
2022-07-20,371.1083094752707,374.6920322047229,369.74668471412105,373.2831115722656,71843800
2022-07-21,372.70632110715457,377.1315870823754,370.3140272958178,377.0843200683594,64903900
2022-07-22,377.2073701915935,378.3987705792751,371.3731817307929,373.5858154296875,72197300
2022-07-25,374.2097771777864,374.8905895501605,371.808018411836,374.0395812988281,53631500
2022-07-26,372.40379790822186,372.6118247488071,368.7255405509069,369.6143798828125,52946400
2022-07-27,372.8954459743451,380.9517310966384,372.6023212097732,379.2118835449219,82342100
2022-07-28,380.01559818530455,384.65832707525976,376.4791425096834,383.9680786132813,73966600
2022-07-29,385.3959148037413,390.5492896244354,384.630004404881,389.5658874511719,87003700
2022-08-01,386.8804412732961,390.9085837211499,386.1712628905919,388.4122619628906,69997500
2022-08-02,386.852126269156,390.5209475361801,384.6773238182315,385.8498229980469,63435400
2022-08-03,387.9679453326452,393.05512423189873,387.6842854468894,391.89208984375,67820600
2022-08-04,391.8163857696468,392.4971982786844,389.9914400358886,391.6272888183594,45656600
2022-08-05,387.36270800499386,391.6083135328843,387.3059760405287,390.96533203125,56814900
2022-08-08,392.64847494128367,394.8894742630945,389.414608459216,390.511474609375,53886100
2022-08-09,389.7833967965728,390.2845484240548,387.8922542239548,388.9607543945313,44931800
2022-08-10,395.9863295063462,397.2723214201462,394.03845502715103,397.1304626464844,68665700
2022-08-11,399.9671764150068,401.8205168538203,396.3929182209303,397.1304626464844,59489700
2022-08-12,399.0594018073081,403.9574535679473,398.1138306323642,403.85345458984375,61694500
2022-08-15,401.6502867542093,406.03775117563913,401.593554788117,405.5176696777344,54048300
2022-08-16,404.4492350458775,408.23152036285336,403.6454936447108,406.31201171875,59289000
2022-08-17,402.7282345419043,406.1228316979683,401.43280661081104,403.4279479980469,63563400
2022-08-18,403.6264674106733,405.2812168418877,402.3405045609831,404.6004333496094,49023200
2022-08-19,401.8488709739081,402.1136297635589,398.2935139215599,399.1634521484375,68016900
2022-08-22,394.3504330682569,394.5206578047191,389.9535330310516,390.8518371582031,77695600
2022-08-23,390.426424797038,392.8092831902288,389.3579244993357,389.9063720703125,49105200
2022-08-24,389.6793622511617,392.5160760613263,388.99857863900553,391.1544799804688,49177800
2022-08-25,392.6390881305863,396.7239638082428,391.5516867109482,396.67669677734375,50942300
2022-08-26,396.5630774113692,397.1020310073054,383.1926882085487,383.2494201660156,103087000
2022-08-29,380.3088043159643,383.7506689865791,379.36323297639854,380.7153930664063,65370800
2022-08-30,381.8689858376693,382.1053786692072,374.4462451560691,376.5359497070313,85652400
2022-08-31,378.1622699284396,379.40096584880325,373.53844192677496,373.6708068847656,76029700
2022-09-01,371.50554853268886,375.1838061478932,368.8106643632465,374.8434143066406,78740100
2022-09-02,378.493270301563,379.7036003840941,369.0848245354376,370.890869140625,99632100
2022-09-06,371.7324237676469,372.6685300550319,367.2787913361997,369.4914245605469,76637400
2022-09-07,369.1794089387667,376.8952744855444,368.9619460001777,376.1293640136719,70964200
2022-09-08,373.8694080507733,379.0416547769603,372.6685141668355,378.5877990722656,80821700
2022-09-09,380.8193186091283,385.3297114970701,380.5545598393792,384.46923828125,76706900
2022-09-12,386.5305458980339,389.31999213364895,386.2279562261052,388.6013488769531,69256300
2022-09-13,379.958889742438,381.1597837204144,370.5883038747845,371.7040710449219,122947100
2022-09-14,372.99953814630686,374.6353869989232,369.8318682968079,373.1224670410156,85023700
2022-09-15,371.5717414225696,374.40845571539126,367.6192597668101,368.8863220214844,87633800
2022-09-16,364.7238414484203,366.7271786001775,362.7964190108314,366.0720520019531,103084800
2022-09-19,362.9388349935968,368.910888671875,362.8628623346067,368.910888671875,73278500
2022-09-20,365.5973646765914,366.6037852771278,361.93248003220094,364.6763916015625,77274900
2022-09-21,366.5942260628629,369.6324950611645,358.3054986149796,358.31500244140625,106746600
2022-09-22,357.5459685886099,359.17903334074293,354.564693142615,355.3052673339844,89472600
2022-09-23,351.8491550778172,351.887141405295,344.92764635528243,349.35211181640625,122346900
2022-09-26,347.8899804357397,351.4978996129984,344.6808163277676,345.8961181640625,92581200
2022-09-27,349.4186734566479,351.67838264038414,342.6300710515762,345.0132141113281,108294100
2022-09-28,345.9625820630532,353.4822530130937,344.2725525183402,351.8017272949219,110802200
2022-09-29,348.2697422736175,348.55456731120603,341.51912810704937,344.45294189453125,112952300
2022-09-30,343.51297496490554,347.4152519853497,338.9935866635343,339.1264953613281,153711200
2022-10-03,342.8294068400838,349.9218411560904,341.05392954790506,348.07989501953125,89756500
2022-10-04,353.5772481816866,358.8942051643231,348.04193496218414,358.86572265625,103602800
2022-10-05,354.517213813191,360.2803868520497,352.2005400048697,358.0301818847656,88065700
2022-10-06,356.63455014344555,359.5778686476277,353.8431480302955,354.3368835449219,82333500
2022-10-07,350.32056946949496,354.42222386124985,342.69644356252195,344.45294189453125,107789500
2022-10-10,345.5638554657178,345.8012193680551,339.5918005449729,341.822998046875,76042800
2022-10-11,340.13290031732214,344.6807998911892,337.73077926423,339.6581726074219,92482800
2022-10-12,340.0664188676814,341.6330143237362,338.2909131107378,338.53778076171875,76991800
2022-10-13,331.5593165001294,348.9343679346623,330.5149097513193,347.4721984863281,147254500
2022-10-14,349.9218726099101,351.54546265385306,338.91768496528886,339.5538330078125,123737000
2022-10-17,345.6112684910676,349.38060757787383,339.221423235325,348.2792358398437,93168200
2022-10-18,356.1692823447375,356.473115089462,348.9439101925136,352.3714599609375,97162900
2022-10-19,350.33955250549025,353.05501012296355,347.0734234834684,349.87432861328125,79746900
2022-10-20,349.42812063236454,353.8336082385052,346.18096994205536,346.9405517578125,88283100
2022-10-21,346.6652142635387,355.8559372584329,345.1650872068647,355.3717346191406,131038400
2022-10-24,356.8908558861546,360.85006925134127,354.2513416759188,359.72021484375,85436900
2022-10-25,359.6442798008037,365.77775460734784,359.5303497695806,365.4644470214844,78846300
2022-10-26,362.3312221104294,367.9899690715865,362.0748795431326,362.71099853515625,104087300
2022-10-27,363.70792288491305,365.5403650335289,360.15693963581714,360.7741088867188,81971800
2022-10-28,360.6696058800712,369.8318443830528,360.489207042208,369.3571166992188,100302000
2022-10-31,366.90759418543263,368.7685188952542,365.78724362365824,366.689208984375,96631300
2022-11-01,370.4205895928183,370.6579534722492,363.9168135013934,365.0846252441406,85407600
2022-11-02,364.4959449170633,368.9868796691869,355.8179370887984,355.92236328125,126990400
2022-11-03,352.69424875731005,355.2862727989772,350.1497148774445,352.25750732421875,87100100
2022-11-04,357.9447159505611,359.7201930621012,351.29852759073634,357.3275756835937,103505200
2022-11-07,358.61889659631265,361.33435490676914,356.5490901689926,360.7456970214844,68286900
2022-11-08,361.8470177086489,365.65434401980673,358.62837822141654,362.6920471191406,84641100
2022-11-09,360.72664884786775,361.8755109531058,354.726082673286,355.2198181152344,78495500
2022-11-10,368.4361720364201,375.0728852674968,366.1480099232559,374.7405700683594,141455800
2022-11-11,375.59513065911824,379.1650929237687,373.7151981734616,378.3675537109375,93839900
2022-11-14,376.61103437675337,379.9531074146063,374.8735145291,375.14886474609375,71903500
2022-11-15,380.8740658346402,381.9754376853018,374.550688764078,378.3485107421875,93194500
2022-11-16,376.7249517855088,377.6744072846381,374.8355446142679,375.4621887207031,68508500
2022-11-17,370.72435314810673,374.9874276635937,370.4205494364328,374.3132934570313,74496300
2022-11-18,377.6363779885907,377.7028468199875,373.17395503541496,376.0128173828125,92922500
2022-11-21,374.69315056273854,375.8135011529424,372.8132181507224,374.6456604003906,51243200
2022-11-22,376.5825164784589,379.84864551592176,375.1773119937102,379.6872253417969,60429000
2022-11-23,379.3549333957438,382.5640976214252,379.1270733477937,382.0798950195313,68261600
2022-11-25,381.5196570576308,382.5450851329431,381.24433584905154,381.994384765625,30545400
2022-11-28,378.9181565167745,380.5512209827744,375.1393135497884,375.8988952636719,67881600
2022-11-29,376.031857943791,377.218677377997,373.4208551885378,375.2533264160156,52310000
2022-11-30,375.5001700531818,387.0740356445313,373.59178408114326,387.0740356445313,144566700
2022-12-01,388.108882020916,389.2767226198042,384.2920816594287,386.7891540527344,76398200
2022-12-02,381.91849025775207,387.2449219192482,381.8140640565856,386.3429565429688,85342700
2022-12-05,383.5325856510467,384.4630335572461,378.044733664679,379.3929443359375,77289800
2022-12-06,379.2314924684404,379.77266003087607,371.84473054042496,373.9240112304688,77972200
2022-12-07,373.0790519775326,375.64259345528575,372.158078969978,373.2879333496094,65927900
2022-12-08,375.1678414205636,377.2756047091014,373.39233538526526,376.2122192382813,60737900
2022-12-09,374.9778937727972,377.5224271264173,373.2783606035541,373.40179443359375,81447700
2022-12-12,374.1898279681524,378.78521728515625,373.5252266190553,378.78521728515625,75405800
2022-12-13,389.4855949322845,389.741937458983,378.8991730285727,381.652587890625,123782500
2022-12-14,381.31081297545614,385.00420881267286,376.27871036892407,379.2125244140625,108111300
2022-12-15,374.3703120452637,375.2723064084485,368.28432746344345,369.9363708496094,117705900
2022-12-16,367.39057737229774,368.72591299649264,363.44179709016913,365.56878662109375,119858000
2022-12-19,365.75960801741,366.0934492431071,360.8093035541265,362.4689331054688,79878100
2022-12-20,361.7154394063112,364.5768857232749,360.399169443206,362.9649353027344,74427200
2022-12-21,365.5496795192156,369.5175542889034,365.01554532984704,368.3920593261719,78167400
2022-12-22,365.3589430278992,368.3730029019242,357.4613534216276,363.1365661621094,100120900
2022-12-23,362.1160163012456,365.3685303577384,360.57083998702353,365.2254638671875,59857300
2022-12-27,365.1110041419453,365.45436371312377,362.1160098220325,363.7851867675781,51638200
2022-12-28,363.7184005781533,365.6832870108895,359.0351927479394,359.2640991210937,70911500
2022-12-29,362.0969229072174,366.5989324853657,361.5723070042855,365.73095703125,66970900
2022-12-30,363.0603000709137,364.9106751278943,360.9523471240934,364.7676086425781,84022200
2023-01-03,366.61802772104494,368.5828851543406,360.38006673429567,363.2319946289063,74850700
2023-01-04,365.48293416385536,368.05824707832414,362.4498085414863,366.0361633300781,85934100
2023-01-05,364.0903838205467,364.20483700123856,361.26709863365966,361.85845947265625,76970500
2023-01-06,364.93930570815047,371.2726541006817,361.8871138136949,370.15667724609375,104189600
2023-01-09,372.3409551357516,375.5171770773959,369.7656707294841,369.9468688964844,73978100
2023-01-10,369.3650365764805,372.6080033161442,368.43028694753167,372.5412292480469,65358100
2023-01-11,374.1150503530879,377.3294038131555,373.3043013861297,377.2530822753906,68881100
2023-01-12,378.35000138117096,380.0859234423217,374.2962855684355,378.6265869140625,90157700
2023-01-13,375.4408047607676,380.66772351572655,375.1737376190185,380.0954284667969,63903900
2023-01-17,380.0763387209346,381.7455155288635,378.7219081606364,379.3991088867188,62677300
2023-01-18,380.5818589835857,381.6405800136429,373.208856103612,373.4091491699219,99632300
2023-01-19,371.3775455516614,373.018109183576,369.37455652309,370.6908264160156,86958900
2023-01-20,372.0833537682657,377.7490189700336,370.4427902905125,377.5964050292969,91806400
2023-01-23,378.3976836413568,384.0538025302996,377.4438681481197,382.1271057128906,84178800
2023-01-24,380.45787568340137,382.6230260729778,379.2751539508917,381.7169189453125,59524900
2023-01-25,377.6632639518551,382.19388763784025,375.3836309042629,381.8600463867188,84800300
2023-01-26,384.5115864864833,386.2189241123005,381.55475308151983,386.0567626953125,72287400
2023-01-27,385.0171509118084,389.3093204688235,384.8073103469176,386.94384765625,68346200
2023-01-30,384.19688290612737,386.4192893861794,381.79327825530487,382.0889587402344,74202000
2023-01-31,382.6039606559222,387.7545577869354,382.2605719895161,387.7068786621094,86811800
2023-02-01,386.495567469355,394.56486749175457,383.7676691333913,391.827392578125,101459200
2023-02-02,395.6998201767223,398.9904947612399,393.8112844222463,397.5311584472656,101654500
2023-02-03,392.580846652655,397.7123777653695,392.1039389895125,393.3057556152344,94736800
2023-02-06,390.8640595002032,392.29478274143617,389.2521089864295,390.9021911621094,60295300
2023-02-07,389.98649761106446,397.2545662956194,388.74654923536696,396.0146179199219,90990700
2023-02-08,394.0497990721952,395.3851349400619,390.9975778529523,391.684326171875,76227500
2023-02-09,395.2706317979571,395.4232457504512,387.067813777245,388.2886962890625,78694900
2023-02-10,387.115514984604,389.5763750852586,386.304795158678,389.1948547363281,70769700
2023-02-13,389.84341318387385,393.8971284439127,389.3855713343999,393.7635803222656,64913500
2023-02-14,392.2470022111371,395.88103624546926,389.6431050211973,393.5823669433594,88389300
2023-02-15,391.39808914040646,394.93673552677575,390.55872707279593,394.8604431152344,61555700
2023-02-16,389.91022227936105,393.8399372390062,389.2902480643342,389.42376708984375,76431500
2023-02-17,387.3063070107498,388.6893510840452,385.3891286034692,388.4508972167969,89257800
2023-02-21,384.4447899703579,385.4939926151098,380.40062243945897,380.65814208984375,82655900
2023-02-22,381.068295847592,382.6039536880312,378.68375748701857,380.1335754394531,83742300
2023-02-23,383.01409817857655,383.6245539881261,377.94934088551855,382.1556701660156,96242400
2023-02-24,377.1577095966057,378.9031790234191,375.45991929796907,378.0733642578125,108194400
2023-02-27,381.4021421594611,382.7565727740271,378.4262429028199,379.3609924316406,80444700
2023-02-28,378.88415609227326,380.83946629909735,377.85401901216034,377.9589538574219,96438600
2023-03-01,377.1481328157973,378.3690153052319,375.21188881048784,376.5090637207031,99706800
2023-03-02,374.54423904245056,380.2766791369024,374.2103978176706,379.4373168945313,85127800
2023-03-03,381.2495104460485,385.7706148212673,380.6009230194376,385.5226135253906,90120000
2023-03-06,386.3429034754456,388.63208364699216,385.35095644978605,385.7897033691406,72795900
2023-03-07,385.7420873976109,385.9805412788421,379.2656718330934,379.8760986328125,108310600
2023-03-08,379.9905117430244,381.2495258844479,378.2736266459541,380.49603271484375,74746600
2023-03-09,381.27812390527305,382.9377823434292,372.4934930227915,373.4759216308594,111945300
2023-03-10,372.9322836127058,375.0020758920174,366.5703510301064,368.0869140625,189253000
2023-03-13,364.1762836068756,372.3600366700291,363.0698541646436,367.5623168945313,157790000
2023-03-14,372.46494954234544,375.27871688636895,369.17427445242896,373.6381530761719,149752400
2023-03-15,368.06785035886526,371.5015626213284,365.9885105986922,371.30126953125,172996900
2023-03-16,368.954812379468,378.1591234805641,368.4492914744623,377.8157348632813,143254200
2023-03-17,376.4907246980815,377.62051539098667,372.019393803673,373.3981323242188,140553400
2023-03-20,374.17366441642594,377.4003145707897,373.4747404771312,376.9885864257813,93055800
2023-03-21,380.3396957804733,382.4173875215719,378.7503158002034,381.9386596679688,91524200
2023-03-22,381.7662363043328,385.36624906123177,375.3895792637276,375.4278564453125,111746600
2023-03-23,378.281200344851,382.3025263056836,373.7428693010328,376.4429016113281,119351300
2023-03-24,375.169340068492,378.9991618689698,372.8331464326629,378.9129943847656,107682400
2023-03-27,381.1821781326801,381.94816006250136,378.7310943956981,379.62152099609375,74010400
2023-03-28,378.9322213165427,379.62159057011246,376.9407263724681,378.76947021484375,62871700
2023-03-29,382.9151805733512,384.5141441543579,381.7183611687493,384.2747802734375,77497900
2023-03-30,386.8982032553057,387.1471510443152,384.6673447173855,386.5248107910156,69840000
2023-03-31,387.44403279107553,392.2696177717363,387.3386974685205,391.9728088378906,112062600
2023-04-03,391.4557374933837,393.8685151455685,391.06317718146,393.4664001464844,67391100
2023-04-04,394.1079241464662,394.3951783979073,389.91426336080593,391.283447265625,66601500
2023-04-05,390.555750574138,391.3121487439596,388.612116709327,390.2589416503906,65200200
2023-04-06,389.4642249836437,392.05895083799805,388.4206018294357,391.7812805175781,63743300
2023-04-10,389.311073872341,392.2600539859392,388.6983173778572,392.1834411621094,63681000
2023-04-11,392.8057610347012,393.6866038625685,391.5227739807362,392.2887268066406,59297900
2023-04-12,394.3473074281028,394.6345616936378,390.1057853353767,390.6898193359375,86420400
2023-04-13,391.7717786727525,396.2335264512484,390.6324038708568,395.8792724609375,85814800
2023-04-14,395.2473162929602,397.43031429203455,392.6143129106926,394.9122009277344,78161500
2023-04-17,394.82598073584927,396.348331709265,393.600438675659,396.3291931152344,66436400
2023-04-18,397.89941712105417,398.0334749409728,395.2185529149656,396.5877075195313,63560000
2023-04-19,394.6823936174116,397.4207029205089,394.6249486123977,396.5207214355469,55227300
2023-04-20,393.7153338921518,396.0994183553833,392.815323233928,394.3568420410156,75840400
2023-04-21,394.65359358487166,395.1227374400652,392.71954395114506,394.6631774902344,73457400
2023-04-24,394.4621350268415,395.4962034683657,393.1312868972539,395.0749206542969,64332100
2023-04-25,393.1120777066821,393.6674182755135,388.7460828379071,388.8035278320313,97766700
2023-04-26,389.4163794213185,390.4887251190853,386.6014573550663,387.1567687988281,80447000
2023-04-27,389.684419637304,395.1323442051522,389.4354718372607,394.8642578125,92968400
2023-04-28,393.983452291085,398.2441420130027,393.9260072843417,398.2345581054688,89433100
2023-05-01,397.794121569062,399.8526454839488,397.6026187410231,397.8324279785156,62122300
2023-05-02,397.1239085646286,397.1717988833843,390.46960867294274,393.3611145019531,103998500
2023-05-03,393.8589396037128,396.2621626197753,390.4216773488184,390.6610412597656,91531800
2023-05-04,389.617390281609,389.9429216709352,386.56310465857086,387.89398193359375,94901900
2023-05-05,391.51318454758655,396.1185437830316,391.25468204681897,395.0749206542969,87891800
2023-05-08,395.400431600904,395.6589340882948,393.7823293349685,395.1802062988281,50046800
2023-05-09,393.6387989860176,394.5579483522174,393.217516105836,393.4472961425781,49220100
2023-05-10,396.2717004907046,396.90362464850057,391.4748389224309,395.2855224609375,96142900
2023-05-11,394.42397842336425,394.88353856522616,392.52820518047616,394.5963134765625,70157100
2023-05-12,395.8313534314941,396.0419948569671,391.6664152391856,394.0791931152344,70481500
2023-05-15,394.6823226474805,395.8408356659164,392.77699547892223,395.438720703125,54289400
2023-05-16,394.3376932756012,395.25687179173696,392.7866197060623,392.7962036132813,57705500
2023-05-17,394.8067934195903,398.16744245894745,393.1695526455843,397.5642700195313,87287000
2023-05-18,397.24833527836256,401.815417336472,397.0281391836375,401.3941345214844,97177200
2023-05-19,402.2941016746988,402.8206905269098,399.5940700756856,400.8100280761719,103793300
2023-05-22,400.8291963525048,402.5047435268616,399.5940705397391,400.9728088378906,60745400
2023-05-23,399.33562263531513,400.9058640562647,396.08027900023137,396.4728393554688,86383500
2023-05-24,394.87383509017286,395.256811470501,392.44188978529047,393.6004028320313,89213700
2023-05-25,397.0951396685856,398.4547395231807,394.8642809013447,397.0089721679688,90961600
2023-05-26,397.6600131701632,402.8685738627077,397.5834295802253,402.1504821777344,93830000
2023-05-30,404.0749484428724,404.6015372866297,400.92491162792754,402.30364990234375,72216000
2023-05-31,400.4845443720238,401.3845550121544,398.5121880889872,400.0728454589844,110811800
2023-06-01,400.3026421930234,404.9271694953685,399.0579614953215,403.87396240234375,88865000
2023-06-02,406.43990546910896,410.4995078956091,405.9133165725639,409.7144165039063,91426200
2023-06-05,410.05908136180767,411.3420683537517,408.23033766769487,408.9292907714844,65460200
2023-06-06,408.5176070327736,410.34632157550055,407.8665149969257,409.8197326660156,64022200
2023-06-07,410.2123458801246,411.34213665805225,407.9814576089103,408.4027404785156,85373300
2023-06-08,408.4697322463781,411.3229606548177,407.7037793999708,410.8729553222656,61952800
2023-06-09,411.6676134571485,413.6112472123868,410.6239903293828,411.6101684570313,85742800
2023-06-12,412.586760311463,415.42082057078096,411.8686686457449,415.3442077636719,76104300
2023-06-13,416.7996543712614,418.7241206070974,416.13900754994665,418.0826416015625,95899700
2023-06-14,418.41769324198367,420.3804655912217,415.1431821385499,418.5804443359375,100612100
2023-06-15,417.7665412829039,425.0144863580732,417.6708191092391,423.7698059082031,110303100
2023-06-16,425.7476478890072,426.31464161242656,421.8555599029222,422.3264465332031,114165800
2023-06-20,420.3947764739272,421.278891227802,418.0691141682308,420.1352844238281,76160400
2023-06-21,419.1551021215464,419.9527293765365,417.3964332987813,417.982666015625,76982300
2023-06-22,417.0312964707104,419.5971828706533,416.69493630245177,419.4914855957031,70637200
2023-06-23,416.051016626355,418.0979773634387,415.60895921346514,416.3200988769531,92074500
2023-06-26,415.75309747622674,417.66550238868285,414.3788570549921,414.6191101074219,72823600
2023-06-27,415.493629733563,419.77973592551575,415.0419528273242,419.1647033691406,72813700
2023-06-28,418.088316566666,420.38514964096186,417.4732840522237,419.3760986328125,75636000
2023-06-29,418.96288231167824,421.1924377171977,418.559273599848,421.029052734375,67882300
2023-06-30,424.2292689763498,426.9777500570544,423.9121184961037,425.9975280761719,104964000
2023-07-03,425.6515339467941,426.7662822836005,425.37283219871017,426.4876098632813,32793400
2023-07-05,424.6809269189928,426.5837417319984,424.6713074116075,425.8533630371094,58418400
2023-07-06,422.2879821858995,422.9414634252197,420.0199782059898,422.51861572265625,80658300
2023-07-07,421.5287711761449,425.38243934770526,421.2116207377336,421.4518737792969,86134200
2023-07-10,421.0963071478734,422.6915908752238,420.52931348483696,422.51861572265625,62443500
2023-07-11,423.2778275943565,425.69956773672544,422.3071959049608,425.2094421386719,64463800
2023-07-12,428.9862143541203,430.03371404566207,427.5639058584264,428.630615234375,91924500
2023-07-13,430.43733958982216,432.82066029903234,430.0049017154937,432.0326232910156,72425200
2023-07-14,432.9167455493579,433.76241157020985,431.0043115089997,431.7635192871094,69815800
2023-07-17,431.6194640248455,434.3102867651178,431.5713958126242,433.2627868652344,52680200
2023-07-18,432.9359794712025,437.1259784249401,432.5035122667073,436.4821166992188,80668200
2023-07-19,437.2701946323452,438.6348156080869,436.4052601424123,437.4527893066406,65891700
2023-07-20,436.4629102357604,437.3566445153663,433.8393364531686,434.5504760742188,70591600
2023-07-21,436.2610765640321,436.4629102357604,434.54088589539646,434.5504760742188,71275600
2023-07-24,435.6941036910491,437.29900699604326,434.6658135812287,436.4917602539063,54023400
2023-07-25,436.2226826187103,438.93271480747865,436.1746144107411,437.6834106445313,55191200
2023-07-26,436.7512713946656,439.1730118894519,435.7037714824368,437.750732421875,71052900
2023-07-27,441.12379698695344,441.5274350037331,433.94503488325,434.848388671875,92194400
2023-07-28,438.10622153007387,439.9321387407508,434.848376279896,439.1056823730469,80011800
2023-07-31,439.5766136336967,440.2973728160184,438.26962173264826,439.9418029785156,62040400
2023-08-01,438.48102764934566,439.42283016702106,437.7314393035273,438.682861328125,55291500
2023-08-02,435.578736374447,435.8381990846735,431.8307950323649,432.5803833007813,93933400
2023-08-03,430.5719307015857,433.21471435225743,429.9280395988413,431.3407287597656,64276100
2023-08-04,433.1474540956089,435.2424538180626,428.8709377374494,429.389892578125,100128900
2023-08-07,431.21576252551705,433.29155233174345,430.5238325901082,433.1377868652344,58357500
2023-08-08,430.61038131148536,433.128258189368,427.9099390769486,431.2542724609375,71361300
2023-08-09,431.5233348668106,431.6867198555809,427.6120079214979,428.3712158203125,78789600
2023-08-10,430.71607007168745,434.0892323553797,427.3621468022029,428.5249633789063,93005500
2023-08-11,426.6605919753528,429.28416586620887,426.06476909769503,428.2750854492188,68690900
2023-08-14,427.3621646686425,430.6391906738281,427.05463370611966,430.6391906738281,47867400
2023-08-15,428.87090781167177,429.22650696420783,425.0556881700834,425.6227111816406,75707500
2023-08-16,425.2094830101528,426.8624252963623,422.3937240828985,422.49945068359375,80107200
2023-08-17,423.96009239515706,424.2195550985568,418.76101352715807,419.2799682617188,95711300
2023-08-18,416.4738690425287,420.510132174717,416.1279187140494,419.4818420410156,98852000
2023-08-21,420.4908700639508,422.9510589127824,418.3478316599045,422.2110900878906,68719000
2023-08-22,423.97943223887614,423.97943223887614,420.5101916451149,421.0675659179688,64994200
2023-08-23,422.12460773274086,426.37229454971487,421.98046176867535,425.7572326660156,68441000
2023-08-24,427.35254280721006,427.861878130185,419.827800413188,419.8566589355469,88517300
2023-08-25,421.57678397318654,424.0946310005655,418.0402664588185,422.8164978027344,102325100
2023-08-28,424.9980575834004,426.1128353377253,422.81657028498825,425.497802734375,61595400
2023-08-29,425.3920554264297,431.9269561514873,425.2094607575032,431.6482543945313,83081900
2023-08-30,431.9845986592022,434.0603885077203,431.2830492029172,433.4261169433594,69053900
2023-08-31,434.0412049094315,435.1751923990844,432.6093059492388,432.7919006347656,66084600
2023-09-01,435.5019359140747,435.98244204092543,432.1479832057756,433.59912109375,58944100
2023-09-05,433.15705635053166,433.474177484678,431.6578796063077,431.7251281738281,55166200
2023-09-06,430.91793692058695,431.0236635307652,426.506893701765,428.8229370117188,70758500
2023-09-07,425.8340750379796,428.1789470044785,425.4881247451009,427.5062561035156,70355400
2023-09-08,427.5542626602355,429.6780911161226,427.1986928879559,428.1500854492188,61659700
2023-09-11,430.7641697069155,431.2735050832395,429.0631883922719,430.9660034179688,60180100
2023-09-12,429.5243688529451,431.04275506328975,428.0251923265627,428.6017761230469,67565400
2023-09-13,428.8228912507801,430.2547901313596,427.72732319853264,429.1015930175781,60199300
2023-09-14,431.56182883974674,433.4934437462635,430.264456284297,432.801513671875,83430800
2023-09-15,431.22275924982887,431.5506524245771,427.15298130374185,427.5869445800781,111848900
2023-09-18,427.2783073434339,429.129972189574,426.80575976702727,427.8376770019531,55752200
2023-09-19,426.9215390832902,427.5098397023098,424.2790865955192,426.9504699707031,66514600
2023-09-20,428.2041638924205,428.6188497106749,422.8227839687489,423.02532958984375,82562600
2023-09-21,420.1899564292669,420.45033436985153,415.87907838119946,416.0333862304688,104095800
2023-09-22,417.0556045109426,418.6468617256799,414.6831546971935,415.0978698730469,100829700
2023-09-25,413.89246826227424,416.88209127104136,413.4584755384381,416.8435363769531,70874500
2023-09-26,413.8152657492611,414.5192898301892,409.8901424025337,410.7195434570313,96168400
2023-09-27,411.88643967289465,412.4458093049011,407.2573219237748,410.8834533691406,104705800
2023-09-28,410.33374226373326,414.9339288576924,409.7454417843653,413.2655029296875,92258300
2023-09-29,416.3034199344097,416.4770052291024,410.7484550545368,412.2625732421875,115111300
2023-10-02,411.4332235195831,413.34275029290137,409.3501114299314,412.0986633300781,83798600
2023-10-03,409.9287210662224,412.1564873822703,405.2224344904491,406.5822448730469,103760600
2023-10-04,407.0451710291783,410.28554771633696,405.5889145488821,409.54296875,87453000
2023-10-05,409.25364146047264,410.2276969528872,406.1772259852912,409.388671875,70142700
2023-10-06,406.9487369471333,415.7826633161712,405.62751083875975,414.249267578125,113273300
2023-10-09,412.3590425619845,417.47039142005065,411.8093557252524,416.9013977050781,80374400
2023-10-10,417.52823984465374,421.6558795794434,417.1328314591845,419.0712890625,78607300
2023-10-11,420.1321469819624,421.0386578835823,417.7596966141307,420.7879333496094,62451700
2023-10-12,421.3954861900704,421.7715876841516,415.8791053042313,418.22259521484375,81154200
2023-10-13,419.717326971412,420.9132052959393,414.5770779862603,416.139404296875,95143100
2023-10-16,418.3768791839652,421.5787008605216,418.1357786859934,420.5178527832031,75433200
2023-10-17,417.40284337508905,422.5431227149567,417.0556727686725,420.4985656738281,75324700
2023-10-18,418.733716385894,419.68846496991176,413.8152601862858,414.8953857421875,93559800
2023-10-19,415.6090548532042,417.4124818893336,410.57487522165394,411.24993896484375,121323000
2023-10-20,410.8159967559263,411.3560595506144,406.09040315558224,406.1965026855469,123919900
2023-10-23,404.6727145608842,409.3404462034215,402.9271492717955,405.4924621582031,92035100
2023-10-24,407.604557926276,409.6973235164309,405.7625463101056,408.5496826171875,78564200
2023-10-25,406.8715964855641,406.90052736992106,402.1749337627123,402.6860656738281,94223200
2023-10-26,401.6252356371067,402.4738846980561,396.9478799231693,397.8640441894531,115156800
2023-10-27,399.4456991403426,399.8411075241665,394.6429661954743,396.0606384277344,107367700
2023-10-30,398.83807208389743,401.8470014890533,397.54577698969393,400.7958068847656,86562700
2023-10-31,401.36484674476185,403.63119749728736,399.4649734881191,403.3129577636719,79665200
2023-11-01,404.27734347074426,408.4242604346672,403.746904694568,407.6141662597656,98068100
2023-11-02,411.3945588491805,415.5800890892324,411.37528140598056,415.42578125,94938900
2023-11-03,417.7211309317513,420.7589915965887,417.59575395239466,419.2159423828125,100167800
2023-11-06,419.96815874248256,420.6239450680749,418.24187084518337,420.1803283691406,67831700
2023-11-07,420.1803714654247,422.0127296483834,419.0423840017281,421.376220703125,64256100
2023-11-08,421.9740622310195,422.4948475257227,419.3894720637267,421.6847534179688,61746000
2023-11-09,422.822781049031,422.86136537152765,417.9718399454001,418.3961791992188,83174400
2023-11-10,420.4600141525394,425.23378661631307,418.386526210925,424.9251708984375,89462200
2023-11-13,423.5943238724324,425.6195446365516,422.8131605648516,424.5201416015625,52236100
2023-11-14,430.4318608990323,434.0387145688406,430.2100378679161,432.7560729980469,97176900
2023-11-15,434.0870186065259,435.31182811938703,432.8236541998296,433.6723327636719,77327600
2023-11-16,433.2286728217944,434.5209679855736,432.1678247228073,434.2027282714844,66665800
2023-11-17,434.2124200388414,435.3504369578268,433.2962556435923,434.7428588867188,83133200
2023-11-20,434.4920338445369,438.92828895080976,434.482380406505,438.0892639160156,69936200
2023-11-21,437.0477288286672,437.9639225798321,435.8711571103787,437.134521484375,49244600
2023-11-22,438.7837107286047,440.133867882905,437.7325158930703,438.822265625,59394900
2023-11-24,438.8703694900702,439.2850552339357,438.54247638344094,439.0921630859375,29737400
2023-11-27,438.4653539741319,439.2754481049459,437.91563778247536,438.3014221191406,50506000
2023-11-28,437.91563451759527,440.02767719087626,437.3562943235412,438.7353820800781,62115000
2023-11-29,440.876316326254,442.004679482677,438.0313484211019,438.4267272949219,63146000
2023-11-30,439.2658123386298,440.500245661758,437.201978031331,440.1530456542969,79752700
2023-12-01,439.5455132066452,443.2873978821826,438.9572420811565,442.7569885253906,89183400
2023-12-04,439.3815750840775,442.7762596678929,438.1664190963143,440.4327697753906,72430900
2023-12-05,439.0536825800783,441.3007263857532,438.67755165712543,440.3459777832031,69793500
2023-12-06,442.47728857768345,442.50621946104377,438.1374794863498,438.5714721679688,69124700
2023-12-07,440.6449205313009,442.56407108973934,440.04699600140833,441.9179382324219,66995400
2023-12-08,441.1753589138319,444.3482499376319,440.93425839840177,443.8178405761719,83194400
2023-12-11,443.3259849367736,445.7177126387657,443.11381530650647,445.5440979003906,65002200
2023-12-12,445.1968446358487,447.67536453128673,444.20351187655774,447.5789184570313,68327600
2023-12-13,447.9550638637653,454.00188308183056,447.5982398420778,453.7511291503906,93278000
2023-12-14,455.6799755722313,456.8662007070536,452.54566886194607,455.2074279785156,119026000
2023-12-15,454.61281921772417,455.7844980857444,452.6180987398149,454.4578857421875,141553700
2023-12-18,456.05563220988086,457.9922563619539,455.00017559306576,457.0142517089844,70375300
2023-12-19,457.5565059029809,459.8707859580484,457.4790539388314,459.7933044433594,55761800
2023-12-20,458.9411749679152,460.8197027254295,452.9957542950649,453.42181396484375,102921000
2023-12-21,456.3944875747375,457.9922260348309,453.9834001212354,457.7210998535156,86667500
2023-12-22,458.8443895271257,460.3162429341364,456.75286124971245,458.64105224609375,67160400
2023-12-26,459.0477166286851,461.4781598644946,458.97023511368405,460.57763671875,55387000
2023-12-27,460.3742993690924,461.5556412930502,459.8417395433534,461.410400390625,68000300
2023-12-28,461.76866793794215,462.4174204811319,461.16831917837936,461.5846862792969,77158100
2023-12-29,461.3909836566184,461.913880420099,458.3020659574586,460.2483825683594,122283100
2024-01-02,457.1982964831812,458.6604573760186,455.5812020907248,457.6727600097656,123623700
2024-01-03,455.5230751447963,456.2590018309508,453.3347097921151,453.93505859375,103585900
2024-01-04,453.4605375615008,456.03625125353045,452.2501474553143,452.4728698730469,84232200
2024-01-05,452.6761936894624,455.53272607542186,451.6497852739501,453.0925903320313,86118900
2024-01-08,453.58641462800097,459.70615398593577,453.46052933115607,459.5609130859375,74879100
2024-01-09,456.9173918638988,459.8804243051442,456.41388024759897,458.86370849609375,65931400
2024-01-10,459.1348885576282,462.3206437773004,458.85406976244286,461.4588317871094,67310600
2024-01-11,462.45619075983615,462.969395011308,457.29510006298005,461.2554931640625,77940700
2024-01-12,462.6982578072772,463.434184471362,460.1709773696293,461.5750122070313,58026400
2024-01-16,460.1999916518418,461.5071892712775,458.0696933340662,459.8804321289063,85014900
2024-01-17,456.8690498182248,457.8083137942025,454.9808292885089,457.32415771484375,68843900
2024-01-18,458.9896266398581,461.9429667160371,457.4500139514087,461.3910217285156,91856200
2024-01-19,462.514291382207,467.42364106257526,461.4394790826515,467.142822265625,110834500
2024-01-22,468.6728066779351,469.84445618903175,467.4817720101061,468.1305541992188,75844900
2024-01-23,468.6727773973201,469.7378971314764,467.5882725076425,469.4958190917969,49945300
2024-01-24,472.3523319806955,473.2819033399484,469.515184566706,470.009033203125,81765000
2024-01-25,472.12958588323926,472.8364643322263,470.0090096373567,472.5653381347656,72525000
2024-01-26,472.1393464785506,473.6208629764191,471.1226304792355,471.9650573730469,76641600
2024-01-29,472.2748637327061,475.8479376894722,471.73261132929,475.7026672363281,61322800
2024-01-30,475.0151572718124,476.0415656816074,474.5794050287412,475.334716796875,58618400
2024-01-31,473.1366851322255,473.5821004537836,467.5591976080332,467.5785827636719,126011100
2024-02-01,469.2730794881658,473.7273208849261,468.4693639281419,473.6982727050781,91891600
2024-02-02,474.1340406811921,480.33123256171854,473.7951255169084,478.6851196289063,99228200
2024-02-05,478.0556601095021,478.71410519650345,474.6956161898589,476.9420776367188,75757100
2024-02-06,477.88139839934,478.6560658444282,476.45797836644056,478.3268432617188,55918600
2024-02-07,480.5636111587944,482.7326207649877,479.6630584646698,482.3162536621094,70556500
2024-02-08,482.3162670291635,482.9069232309363,481.5028884042988,482.529296875,52343600
2024-02-09,483.0328221928446,485.7537769299286,482.693907035265,485.3180541992188,63979400
2024-02-12,485.28896212192205,487.5451161916344,484.3884094588291,485.10498046875,56502300
2024-02-13,478.8594583897525,481.3383353990608,475.1701910614246,478.4237060546875,113099200
2024-02-14,481.0478287962483,483.2555794425452,478.7335484410746,482.77142333984375,68387800
2024-02-15,483.4685459216356,486.2863376159792,482.99405290883,486.1023559570313,61683000
2024-02-16,485.802216073848,486.9351247377766,482.9456834193714,483.6816101074219,75532900
2024-02-20,481.94837030636216,482.6165081174358,478.781999912981,481.018798828125,71736700
2024-02-21,479.7211799226085,481.609370733512,477.92010410161913,481.4544372558594,59293400
2024-02-22,488.0389961871901,492.3770155291545,487.0803471035888,491.41839599609375,76402500
2024-02-23,493.1322803007743,493.9650440524054,491.03105964418,491.7572937011719,61321800
2024-02-26,492.1930364153986,492.6287886875252,489.830352489886,489.9562377929688,50386700
2024-02-27,490.6437622032437,491.089177503547,488.7555417521869,490.866455078125,48854500
2024-02-28,489.3171596556616,490.798676044666,488.9588888927158,490.21771240234375,56506600
2024-02-29,491.9703174424767,493.5873820410347,489.336507446408,491.97998046875,83924800
2024-03-01,492.8515431020925,497.0249366755796,492.4448389850068,496.598876953125,76844800
2024-03-04,495.804880097644,497.90610083671146,495.7758023657051,496.0662841796875,49799300
2024-03-05,494.0716145533947,494.5170594481704,488.91052345565936,491.1085815429688,72855600
2024-03-06,494.3717142498123,495.84356750478094,492.3092343684573,493.5970764160156,68382400
2024-03-07,496.8796700098079,499.54252820351775,493.65517426694095,498.4967346191406,58652100
2024-03-08,499.1262072798715,501.7986991966138,494.93339907868494,495.5046997070313,86532500
2024-03-11,494.30403635490205,495.6596675628064,492.38676750694464,495.0786743164063,62557200
2024-03-12,497.17986205272086,500.9853215326309,494.6719076966977,500.40435791015625,73114400
2024-03-13,500.7238851600706,500.89817425614416,498.1869120376378,499.6199951171875,55104100
2024-03-14,500.5882438210127,500.74320684304695,495.601472306832,498.6322937011719,110171800
2024-03-15,495.57751113868864,497.0247990949515,493.5474544938414,495.2084045410156,107646300
2024-03-18,499.2588396012805,500.69637526560086,497.743581681272,498.1515197753906,88893300
2024-03-19,497.461870313395,501.2014309193572,496.4613816361032,500.9197692871094,60755300
2024-03-20,500.9780959649054,505.6889776418347,500.30788231111256,505.552978515625,69594600
2024-03-21,508.37953729329536,509.07885971572495,506.941942394898,507.2236633300781,60256100
2024-03-22,507.1362074525522,507.621867774784,506.028887689534,506.2620544433594,79070800
2024-03-25,504.8924815953154,506.0095241000229,504.7079282932692,504.8633728027344,48512100
2024-03-26,506.2814571224077,506.62145492992863,503.5326622935472,503.9308776855469,65463700
2024-03-27,506.7476509466845,508.2046317298903,504.591288559496,508.1657409667969,82999800
2024-03-28,508.2047247122474,509.5645381212143,507.78706392547616,508.0687255859375,96294900
2024-04-01,508.8069321681379,509.341146689148,506.0289099464076,507.1847839355469,62477500
2024-04-02,503.3772245058647,504.0959923303483,501.6676906072498,503.9600524902344,74230300
2024-04-03,502.87210705946654,506.0095131262112,502.8235528830779,504.5136413574219,59155800
2024-04-04,508.5058120444784,508.845750562364,498.0543922336854,498.3554992675781,96858100
2024-04-05,499.7056832607285,505.5141622452848,499.2685770760186,503.5617980957031,74546500
2024-04-08,504.26119543845846,505.2616249915614,503.0373217973172,503.8434753417969,48401800
2024-04-09,505.5723596612767,505.8151898052063,499.59871440672913,504.42620849609375,68049200
2024-04-10,498.7537372482173,501.35686962666665,497.4036465229804,499.3753967285156,82652800
2024-04-11,500.8906633299254,504.5816702204379,497.3939324409582,503.1441345214844,70099000
2024-04-12,499.618257171698,501.0266841379513,494.4799620247676,496.19921875,92561100
2024-04-15,500.3564559239092,500.5215638494566,489.1376836277077,489.9827575683594,92101400
2024-04-16,490.458646470413,491.9739042978493,487.8069304512228,489.0890808105469,73484000
2024-04-17,491.5368440989878,491.7019816659058,484.8055985468662,486.194580078125,75910300
2024-04-18,487.5835926622845,489.6719263116465,484.26166270979206,485.1941223144531,74548100
2024-04-19,485.11641894359934,486.10715539894034,479.6964327690104,480.9591674804688,102212600
2024-04-22,483.5525564034497,487.9720832401042,481.2213927224744,485.3883666992188,67961000
2024-04-23,487.3892787074855,491.5756683731246,485.2038072264388,491.1482849121094,64633600
2024-04-24,492.03223509825074,492.8190025317232,488.7006120510912,490.9152221679688,55928100
2024-04-25,484.8638422405587,489.8078608662871,483.2223079459974,489.05023193359375,69122400
2024-04-26,491.82824557353393,495.2570064811488,491.1968930428971,493.6834716796875,64306100
2024-04-29,495.4609926845512,496.1020679300017,492.70244534017297,495.4318542480469,46415400
2024-04-30,493.97486496700367,494.9461856908876,487.5835876464844,487.5835876464844,77483600
2024-05-01,487.00076428433056,493.6154557030375,485.5340605810027,486.0003051757813,80242800
2024-05-02,489.69131460230034,491.3814327412964,485.2232335484866,490.5460815429688,62550200
2024-05-03,496.5003409855499,497.8504614761827,493.9749009908093,496.6266174316406,72756700
2024-05-06,499.01590448932194,501.7938668777135,498.578798409472,501.7550354003906,47264700
2024-05-07,502.71671493012,503.6977582754664,501.6385632333307,502.3087768554688,52561300
2024-05-08,500.4827189819793,502.8915753738944,500.3661652394486,502.35736083984375,42047200
2024-05-09,502.54195892504737,505.2908133815383,501.89119059047965,505.2519226074219,43643700
2024-05-10,506.8448320283961,507.6510447771952,504.6885286164305,505.9026794433594,52233200
2024-05-13,507.5734061946242,507.68023725667433,504.83427436338025,505.970703125,36716400
2024-05-14,506.16494992736375,508.8069732378154,505.6307353632332,508.2921447753906,57535900
2024-05-15,510.7495751277046,514.8776880610556,510.1181929651904,514.5863037109375,59504900
2024-05-16,514.6833396504084,516.2763195865357,513.3817440234014,513.5274658203125,50244800
2024-05-17,513.644148566722,514.3338076754613,512.1968900639675,514.2658081054688,59187600
2024-05-20,514.3823996621339,516.3153187057068,513.993847600682,514.8583374023438,37764200
2024-05-21,514.1006672352606,516.2764161967744,513.8966685383514,516.1209716796875,33437000
2024-05-22,515.4313778215733,516.1404229953789,512.468802117107,514.6348876953125,48390000
2024-05-23,517.6751302863473,517.7819613409337,509.6713974758972,510.8758850097656,57211200
2024-05-24,512.7115556042107,515.062194143986,511.7694030777515,514.2559814453125,41291100
2024-05-28,515.0622463447778,515.2953538271266,511.992839734623,514.6154174804688,36269600
2024-05-29,510.60381121104734,512.1870685483111,510.3027041932999,511.0117492675781,45190300
2024-05-30,509.4771735375275,510.13766452659,506.3786580054075,507.6219177246094,46377600
2024-05-31,508.5738001358681,512.3716377541396,503.4937528735391,512.245361328125,90785800
2024-06-03,513.848128094292,514.1297897725609,507.6122061219912,512.6630859375,46835700
2024-06-04,511.36162485784064,513.9744804630104,509.90464350071375,513.2362670898438,34632700
2024-06-05,515.5480047275573,519.3555659942656,513.5664721813766,519.3361206054688,47610400
2024-06-06,519.6371847519142,520.0645682770622,517.4031587596616,519.3263549804688,30808500
2024-06-07,518.3549484930342,521.4923544849469,517.2670741151577,518.6949462890625,43224500
2024-06-10,517.8888118681492,520.6182209175571,517.2963204143864,520.2976684570312,35686100
2024-06-11,518.7532508345464,521.608936050015,516.791164059003,521.5506591796875,36383400
2024-06-12,526.0964430443454,528.5150221365492,524.8045698950608,525.8341674804688,63251300
2024-06-13,527.5728807070939,527.7477113251548,524.1149812633378,526.8929443359375,44760900
2024-06-14,525.3680286737572,527.2426708093075,524.3675397366727,527.2135620117188,40089900
2024-06-17,526.5334956885656,532.7985255135613,526.0769441713737,531.4094848632812,55839500
2024-06-18,531.4678314025467,532.8859810291509,531.0501705974204,532.7597045898438,41376400
2024-06-20,533.6824639158926,534.3429548976981,529.5446281232266,531.3124389648438,70328200
2024-06-21,530.4929219620788,531.7109897848462,529.148170327666,530.60009765625,64338600
2024-06-24,530.4247748607555,532.9778406049528,528.7584364421938,528.8753662109375,45528700
2024-06-25,530.0933585291979,531.2724695843536,528.5829663352164,530.9119262695312,37936200
2024-06-26,529.8010709636176,532.2859175813455,529.1579572826417,531.5745849609375,38550600
2024-06-27,531.4380824208646,532.9874907686532,530.6974877125363,532.4125366210938,35041500
2024-06-28,533.1823416161415,536.2226934820135,529.0799274394088,530.3174438476562,76144500
2024-07-01,531.6915669508893,531.9351805545184,528.6610279959765,531.4089965820312,40297800
2024-07-02,529.8108184673043,534.9851684570312,529.7621076471618,534.9851684570312,40434800
2024-07-03,534.6733620352073,537.7331629819162,534.6344052723863,537.3726196289062,32789900
2024-07-05,537.6746952876072,540.8708746254604,537.041276170241,540.4713745117188,41488400
2024-07-08,541.2508572097279,542.0401627530802,540.0327894282602,541.094970703125,36110500
2024-07-09,542.0499781069125,542.946459442177,541.3288914148972,541.6212158203125,27289700
2024-07-10,542.83922140572,547.3216870432971,542.546897033872,546.9806518554688,38701200
2024-07-11,547.0975967198616,547.9648752769439,541.6309226493873,542.2642822265625,53054200
2024-07-12,543.3850551249718,549.2707387585696,542.9173360080182,545.6847534179688,53084400
2024-07-15,547.6725909303428,550.4108051950651,545.3338767680585,547.1853637695312,40584300
2024-07-16,548.4911431126284,550.72262227623,547.7407941926679,550.4302978515625,36475300
2024-07-17,544.5251174294385,546.191455897242,542.3910598728387,542.712646484375,57119000
2024-07-18,544.2424632762184,545.2266716040288,536.3688561297039,538.5418701171875,56270400
2024-07-19,538.3080081974957,539.9256355832753,533.9132099479913,534.9656372070312,65509100
2024-07-22,538.8732057821688,541.0852359846874,536.9438053796708,540.4810791015625,43346700
2024-07-23,540.3738360482369,542.5176472841652,539.1460736583557,539.63330078125,34439600
2024-07-24,534.8388986294111,535.1409770414671,526.4878192997799,527.40380859375,74515300
2024-07-25,527.5208430163394,533.474804346627,523.7205067049787,524.6559448242188,61158300
2024-07-26,528.4271869821433,533.2117321557627,527.6573299030541,530.531982421875,53763800
2024-07-29,532.0715107948711,533.0751677112492,528.8557642968128,530.8436889648438,39515800
2024-07-30,532.3054822300633,533.357909659398,524.7632145177835,528.154296875,46853600
2024-07-31,534.9559895004857,539.3605426844409,533.5917889444148,536.7392578125,65663400
2024-08-01,538.4542703754322,540.6955035812163,525.6499253938641,529.1384887695312,76428700
2024-08-02,522.0639756127396,523.2722896238993,515.0966024511276,519.2868041992188,82789100
2024-08-05,498.5697588887383,510.204744362721,497.23473166092106,504.1631164550781,146267400
2024-08-06,505.9561368728723,516.2171692769037,504.6406473484446,508.8113403320313,84826300
2024-08-07,514.9698872095724,518.0102396495081,504.8160890347594,505.4104919433594,70698300
2024-08-08,510.52636582888704,517.7178438799879,508.509297609946,517.09423828125,63276600
2024-08-09,516.2756927717697,520.8556404311238,515.0576247493872,519.3744506835938,45619600
2024-08-12,520.563206135425,522.0443360943832,517.3864758873478,519.647216796875,42542100
2024-08-13,522.8239831490899,528.4270952564345,522.5803695792055,528.1931762695312,52333100
2024-08-14,528.9824644571885,531.0386081211183,526.3222233938623,529.8594970703125,42446900
2024-08-15,535.4625975238755,539.22397656437,534.8584406614526,538.94140625,60846800
2024-08-16,537.3335322529779,540.8416031495808,537.1776457463574,540.1497192382812,44430700
2024-08-19,540.5590500378348,545.3143920898438,539.7112794996588,545.3143920898438,39121800
2024-08-20,544.8661286211883,546.5129587158026,543.0926147134523,544.4276123046875,33732300
2024-08-21,545.4703215908407,547.7505114259203,540.55903368272,546.298583984375,41514600
2024-08-22,548.1889915317105,548.79314842079,540.8026115148097,542.0109252929688,56121500
2024-08-23,545.236462053231,548.7055171032431,543.053634385247,547.77001953125,50639400
2024-08-26,548.7932548639113,549.5045875863843,544.7687531917659,546.4642944335938,35788600
2024-08-27,545.197411094177,547.7017657101911,544.057316249273,547.2145385742188,32693900
2024-08-28,546.8735372102509,547.3022994954773,540.8611111576025,544.037841796875,41066000
2024-08-29,545.9964997373786,549.2804060501943,542.9464529460971,544.0865478515625,38715200
2024-08-30,546.4447596496766,549.7871307787254,542.9074857644326,549.2803955078125,62700100
2024-09-03,546.1523719656589,546.4837125964749,535.4723909219692,537.9767456054688,60600100
2024-09-04,536.1447696240151,540.2666922950722,535.4236829556569,536.8756103515625,47224900
2024-09-05,536.8170931187602,539.652728695669,533.1238736044508,535.5697631835938,44264300
2024-09-06,535.8913798019039,537.5089477091443,525.659610039857,526.5560913085938,68493800
2024-09-09,530.7365485093424,533.718376233379,528.8168426461983,532.4515380859375,40445800
2024-09-10,534.3517437427556,535.1216007015946,529.4989803786028,534.770751953125,36394600
2024-09-11,534.683107736862,541.1729474655668,526.1663863296421,540.2569580078125,75248600
2024-09-12,540.831888043875,545.1097566752126,538.619857760852,544.8076782226562,51819600
2024-09-13,545.4117823691347,548.646977454259,545.1584147606665,547.6530151367188,39310500
2024-09-16,547.389917673041,548.7249152296453,545.5969551700833,548.4618530273438,36656100
2024-09-17,550.6640853659264,552.1063181322738,546.4641898322706,548.6859741210938,49321000
2024-09-18,549.3389057758787,554.1624668793891,546.5032696834501,547.0587158203125,59044900
2024-09-19,556.4232441155169,558.245469176007,553.5680997187276,556.3939819335938,75315500
2024-09-20,555.0314034219361,556.4682163688195,552.4215869805491,555.43212890625,77503100
2024-09-23,556.4974940475859,557.465153194272,555.2854144616904,556.8200073242188,44116900
2024-09-24,557.6117584874984,558.471913246618,554.7967173955426,558.4132690429688,46805700
2024-09-25,558.2569861308538,558.9900686130115,556.0772469828556,557.1817626953125,38428600
2024-09-26,561.4238456875147,561.7464186568862,557.0449191197562,559.3907470703125,48336000
2024-09-27,560.4561405350975,561.2673753932927,557.5531033653197,558.5794067382812,42100900
2024-09-30,557.5531235786384,561.4238200592039,555.2659399397932,560.8178100585938,63557400
2024-10-01,560.4660310099997,561.1111173600859,553.2329264823798,555.7938232421875,72668800
2024-10-02,554.9042355240985,557.0448382675937,552.519272009238,556.0282592773438,38097800
2024-10-03,554.562134456547,556.9470981426042,552.7343205282026,555.0117797851562,40846500
2024-10-04,559.4396258955153,560.4268531332793,555.2854920412735,560.055419921875,42939100
2024-10-07,558.413299806086,559.0584457401652,553.8486566717974,554.9922485351562,49964700
2024-10-08,557.553120131347,560.8373745453375,556.683241044493,560.2410888671875,37398700
2024-10-09,560.2313175326061,564.6787318135322,559.6350914993983,564.12158203125,37912200
2024-10-10,562.7824731556751,564.5516429072721,561.5313172618801,563.1343383789062,44138100
2024-10-11,563.0561277259117,567.2396131412746,562.9192713637127,566.5065307617188,42268000
2024-10-14,568.1095385598273,572.0682314590191,567.6306009114653,571.1396484375,36217200
2024-10-15,571.4034640590625,571.7064690209895,565.4898858259329,566.7019653320312,54203600
2024-10-16,566.7021056174783,569.6832957534668,565.900594951752,569.1652221679688,30725400
2024-10-17,572.6936230449172,572.8989075595229,569.0282116594574,569.2139282226562,34393700
2024-10-18,570.8952748825009,572.1855071059618,569.4388940141822,571.403564453125,37416800
2024-10-21,570.6802188403536,571.6576620923939,567.5035282712228,570.4652099609375,36439000
2024-10-22,567.9432944740728,571.3154850600835,567.2884243093201,570.162109375,34183800
2024-10-23,568.1486509721636,568.5885123492586,561.4629131521561,564.952392578125,49314600
2024-10-24,566.8974316514852,566.9756438040564,563.5643769207462,566.1741333007812,34979900
2024-10-25,568.39295320261,571.27642231265,565.0403304898274,565.9786376953125,47268200
2024-10-28,569.4389192842264,569.5659916825215,567.4253885260767,567.7283935546875,30174700
2024-10-29,566.7704218431865,569.7613956814984,565.382469188388,568.6471557617188,42899700
2024-10-30,568.1778539048111,570.1620919492663,566.2229677881332,566.9267578125,41435800
2024-10-31,562.5772452055423,562.6456733933426,555.617853906816,555.8133544921875,60182500
2024-11-01,558.4328313722141,562.5673968338307,557.748609230934,558.1591186523438,45667500
2024-11-04,558.2960015952809,559.5862337823984,555.0802349340614,556.9569091796875,38217000
2024-11-05,557.8658847297456,563.7305435334926,557.6508758763042,563.6914672851562,39478300
2024-11-06,575.9095457320777,578.57794657906,572.1854895240832,577.7080078125,68182000
2024-11-07,579.7020872739936,583.191567003201,579.6238751058823,582.1749877929688,47233200
2024-11-08,582.722322897382,586.1140819812399,582.722322897382,584.69677734375,46444900
2024-11-11,586.2801485471324,586.6320137481925,583.5335357984702,585.2538452148438,37586800
2024-11-12,585.1757310882224,585.7719571662951,580.9629529710414,583.4359130859375,43006100
2024-11-13,583.8952319310844,585.7132619411553,581.5396200997641,583.7192993164062,47388600
2024-11-14,583.8464232004079,584.3253608590082,579.2817798181851,579.9659423828125,38904100
2024-11-15,576.4178358264271,576.8870491794336,570.6900323906797,572.5374145507812,75988800
2024-11-18,572.9967218779136,576.1929802203847,572.1366267509276,574.8832397460938,37001700
2024-11-19,571.5208668268807,577.7080396739373,570.856212572816,576.9847412109375,49412000
2024-11-20,577.0629483995475,577.463673880748,571.4426497345274,577.1802368164062,50032600
2024-11-21,580.0148784351488,581.6960522761343,574.1990788649406,580.2787475585938,46750300
2024-11-22,580.2688429124006,582.7027263378066,579.7703970458107,582.0771484375,38226400
2024-11-25,585.9967993093868,587.3065398623395,581.7742372889147,584.0516967773438,42441400
2024-11-26,585.2929516850081,587.7659115133398,584.5794372696156,587.1012573242188,45621300
2024-11-27,586.9156250460375,587.2967825924234,583.8073625128942,585.3223876953125,34000200
2024-11-29,586.13348818314,589.7402555167076,585.8598351444666,588.9583129882812,30177400
2024-12-02,589.3688921712513,590.6884762739834,588.8801705758093,590.0140380859375,31746000
2024-12-03,589.7794898104154,590.5320805361104,588.7531863419945,590.2877197265625,26906600
2024-12-04,591.9689462717889,594.1974858067216,591.3042920365143,593.953125,42787600
2024-12-05,593.9531512779432,594.7546619184587,592.6238427485821,592.9757080078125,28762200
2024-12-06,593.738143242676,595.3313805479372,593.3276337729875,594.0997924804688,31241500
2024-12-09,593.982457801793,594.1486064406603,590.4539021843977,591.0403442382812,34742700
2024-12-10,591.7147337183083,592.135027098725,588.5478275712469,589.2026977539062,37234500
2024-12-11,592.115471217255,594.7056594686418,591.8417585310408,593.757568359375,28677700
2024-12-12,592.8974892997352,593.4643633790662,590.6982421875,590.6982421875,31543800
2024-12-13,592.7215354493896,593.4350498406591,589.2124883774769,590.5809326171875,35904700
2024-12-16,592.3305635374098,594.0704410234347,591.5584049068509,593.1027221679688,43695200
2024-12-17,590.5613981975558,591.5192734247074,589.2907339933267,590.6591186523438,55773500
2024-12-18,590.3561165933274,592.7312963771194,572.674202761188,573.055419921875,108248700
2024-12-19,578.020816522432,579.6238377441589,572.6350947579137,572.8794555664062,85919500
2024-12-20,570.561034960996,584.27166262691,569.7175591199479,579.7603149414062,125716700
2024-12-23,579.5053432293004,583.8303494697157,576.337534899556,583.2321166992188,57635800
2024-12-24,584.5756905048978,589.7539893082886,583.997031715741,589.7147216796875,33160100
2024-12-26,587.9493923534018,590.8719573339298,586.5567683514358,589.7539672851562,41219100
2024-12-27,586.0271215733671,586.2625477535164,579.3777835694219,583.5458984375,64969300
2024-12-30,576.5631809695095,580.3389793589591,573.1501891693375,576.8867797851562,56578800
2024-12-31,578.5441892688881,579.2601650774656,573.1599745686183,574.7880249023438,57052700
2025-01-02,578.0342139844852,579.740679758371,569.3154835989945,573.375732421875,50204000
2025-01-03,576.2100381173573,581.1823013188991,575.1311959956543,580.5448608398438,37888500
2025-01-06,584.7816606701658,588.145567536734,582.1630605707853,583.88916015625,47679400
2025-01-07,585.9095629934586,586.2332216831945,575.4746081038332,577.2889404296875,60393100
2025-01-08,577.3574447409104,579.2012273003362,573.9248797422833,578.1322021484375,47304700
2025-01-10,574.5917674597674,574.6604259424307,567.4029789022777,569.3056030273438,73105000
2025-01-13,564.6766400021115,570.5414039943755,564.2646890570356,570.1883544921875,47910100
2025-01-14,573.101074063849,573.7287574980859,567.2068596443902,570.972900390625,48420600
2025-01-15,578.956079102548,582.4965105633459,577.847846118657,581.35888671875,56900200
2025-01-16,582.7220679112103,582.8985926554029,579.5445027973688,580.2408447265625,43319700
2025-01-17,585.4583566167607,587.8120797540519,584.1343312340456,586.06640625,58070600
2025-01-21,589.0968201243991,591.4407861448484,587.1353543049476,591.4309692382812,42532900
2025-01-22,594.2456759945876,596.1090924921224,593.6964679520279,594.7556762695312,48196000
2025-01-23,594.1280457618639,598.001953125,593.8534716457165,598.001953125,41152100
2025-01-24,598.0607394613536,599.0120815203885,595.1087237951253,596.2561645507812,34604700
2025-01-27,583.3496990163546,588.1356800712656,583.1829911938827,587.8218383789062,70361100
2025-01-28,589.0478589949998,593.7063408187366,585.742793521421,592.8727416992188,44433300
2025-01-29,592.0880171861997,592.4901511824414,587.6747192887742,590.21484375,37177400
2025-01-30,592.3234809305729,594.9125703683252,589.1458559611356,593.3826293945312,39281300
2025-01-31,595.7952259985301,598.2078504382997,589.4694869358445,590.2246704101562,66566900
2025-02-03,581.2509726905776,588.7241528776601,579.1129820721995,586.2527465820312,65857200
2025-02-04,586.3115788306599,590.695426254437,585.7721876960313,590.1854858398438,33457800
2025-02-05,589.0673886644034,592.7255030106178,587.0470814039787,592.578369140625,30653100
2025-02-06,594.3143418590737,594.7655005585997,591.0190935628144,594.6380004882812,35771500
2025-02-07,595.1970887375172,596.4131881290857,588.4888484089631,589.1950073242188,50788500
2025-02-10,592.3921407355843,593.8337894109928,591.1269569453736,593.1962890625,26048700
2025-02-11,590.940628411795,594.1868520894046,590.8229452462591,593.6474609375,30056700
2025-02-12,587.6551628450902,592.9020598913557,586.9784547529548,591.7349853515625,45076100
2025-02-13,592.8334516677448,598.1882752794738,591.5781445820884,597.9822998046875,40921300
2025-02-14,598.1882471856823,599.2180047928703,597.3350143232245,597.952880859375,26910400
2025-02-18,599.1101412981178,599.7083740234375,596.6583089558027,599.7083740234375,26749000
2025-02-19,598.3256014161959,601.4148744301086,597.8156011046507,601.1206665039062,31011100
2025-02-20,599.7574359511714,599.8947529370754,595.3245635051746,598.6198120117188,36554000
2025-02-21,598.4039822903428,598.5412992676794,587.9199448031515,588.3809204101562,76519800
2025-02-24,590.420875386549,591.4114252530362,584.997393388531,585.7035522460938,50737200
2025-02-25,585.6447380509082,586.3704708973501,578.2009482027341,582.790771484375,58266500
2025-02-26,584.4481941378576,588.0278934374002,580.4566037497201,583.0849609375,43321600
2025-02-27,585.3504072406853,586.4979078319449,573.3855137517263,573.7777709960938,74196700
2025-02-28,574.2779596736045,583.2614467800305,571.2180777869312,582.7318725585938,88744100
2025-03-03,584.6933298193593,585.8310134980443,568.727029424783,572.5224609375,74249200
2025-03-04,568.5407303426414,574.1112864169365,561.2244408531591,565.74560546875,109648200
2025-03-05,565.5788471805596,573.611051865237,562.038415848593,571.8261108398438,71230500
2025-03-06,564.3921877543482,568.9918277562862,559.1354734261878,561.6755981445312,80094900
2025-03-07,559.9004915315724,566.2654391000913,554.7320094861279,564.82373046875,81158800
2025-03-10,556.6542444695278,558.5666258451241,544.8854490052353,549.779296875,99326600
2025-03-11,548.6220367842027,553.1530182295099,541.3842228164132,545.2090454101562,88102100
2025-03-12,551.3385793423611,552.2604706321457,543.0219837811946,548.1021728515625,69588200
2025-03-13,547.7295658893665,548.337615563181,539.0893105175023,540.7957763671875,74079400
2025-03-14,545.3953255555126,552.966614210826,540.8643446212099,551.9662475585938,62660300
2025-03-17,551.9466155584751,558.7333299355132,551.5150907128783,556.22265625,49008700
2025-03-18,553.9180162778352,554.1338086762437,548.2886181319476,550.2108764648438,66041400
2025-03-19,551.9859243939003,559.9494708906026,550.8090329217521,556.2030639648438,66556000
2025-03-20,552.4762478943836,559.5767440833547,551.7602722164517,554.5946044921875,62958200
2025-03-21,550.1542647224634,555.6727120199162,548.9246609553351,554.7775268554688,83763000
2025-03-24,561.4864414688424,565.7655000443008,560.8962554773906,564.7129516601562,58766800
2025-03-25,565.9129505962637,567.0048245728844,564.3292350043083,566.0703735351562,38355700
2025-03-26,565.8047238585734,566.926137079624,557.9352585138073,559.3124389648438,51848300
2025-03-27,557.9254317069114,561.5847644413973,555.7219909391279,557.8270874023438,42164200
2025-03-28,556.3023301483869,557.0302460332103,546.0129833491962,546.5933227539062,71662700
2025-03-31,540.8585040275307,551.5609811237723,537.9467803924824,550.2625122070312,95328200
2025-04-01,548.3542481941281,553.7546597137996,544.6457430717568,551.8167724609375,54609600
2025-04-02,545.993387136237,558.1615443859063,545.7573127576624,555.3088989257812,76014500
2025-04-03,536.2155597389653,539.02887941269,527.9428100585938,527.9428100585938,125986000
2025-04-04,515.1253804215398,517.2894955361414,496.81904991432106,497.0354614257813,217965100
2025-04-07,481.2079959957712,514.6335325434056,473.9385626025981,496.150146484375,256611400
2025-04-08,513.3449138965836,516.4140007584771,481.1784904190608,488.3790588378906,165816600
2025-04-09,485.3886419991045,539.6682739257812,485.0049911405844,539.6682739257812,241867300
2025-04-10,523.4867529065492,524.795068576413,501.0096123168745,516.0206298828125,162331200
2025-04-11,514.47613358467,527.6771446389012,511.58410272380377,525.227783203125,97866300
2025-04-14,535.1728543881914,535.3991423599505,525.1491197771261,530.3233032226562,68034000
2025-04-15,530.8642142693149,534.3661235223595,528.0508951584542,528.8378295898438,56892900
2025-04-16,523.0046160988867,529.1133096787019,511.8004513369463,517.0828247070312,83484800
2025-04-17,519.0305887702018,522.5029590498531,515.3614098145464,517.8206176757812,79868100
2025-04-21,512.6562685653938,513.1874958754851,500.1635109491862,505.4950866699219,69368100
2025-04-22,511.6529392279992,520.6634499571472,510.7184282802911,518.6469116210938,75948100
2025-04-23,531.6118557355538,536.5302712837308,525.1687433752924,526.68359375,90590700
2025-04-24,527.9624825083663,538.4977524760462,526.7132455190999,537.7698364257812,64150400
2025-04-25,537.7304480905381,542.0586181694788,534.8187241892716,541.6553344726562,61119600
2025-04-28,542.3931048050576,544.5178341418862,536.127047500035,541.8618774414062,47613800
2025-04-29,539.9535089190233,546.3868353532918,539.5993973829874,545.2752685546875,47775100
2025-04-30,538.6354556420874,547.4394329210733,532.6841838633078,545.49169921875,93101500
2025-05-01,551.2265048528457,554.8661444027258,548.7574506167018,549.3574829101562,63186100
2025-05-02,555.5153624660799,559.105829955879,553.203731094349,557.5122680664062,60717300
2025-05-05,553.390643044351,557.4040871519024,552.5348434974896,554.3153076171875,38659200
2025-05-06,548.8263903141681,554.1579367361115,547.8722463773032,549.6821899414062,48264700
2025-05-07,551.0102132045591,554.6203140304898,546.9672292946763,551.993896484375,55588000
2025-05-08,556.0171436814404,561.0044252601681,552.5349263835409,555.840087890625,65130800
2025-05-09,557.2368112120467,558.2401872369107,553.577538715433,555.1317749023438,37603400
2025-05-12,571.9822603015932,573.487324465949,567.6245507869492,573.4774780273438,78993600
2025-05-13,573.8906230635715,579.4681503640297,573.3299764411289,577.2647094726562,67947200
2025-05-14,578.2187618347115,579.3696542531599,575.9857819804191,578.0023803710938,66283500
2025-05-15,576.0054901792878,581.3271894858746,575.5529743261593,580.8255615234375,71268100
2025-05-16,581.6027001482121,584.7996705930015,579.664873035907,584.5045776367188,76052100
2025-05-19,578.5040593733968,585.8226647003453,578.5040593733968,585.1439208984375,68168500
2025-05-20,583.4127091135157,584.3570065824167,579.9796042324612,583.1765747070312,60614500
2025-05-21,578.8384555269332,582.9109177576073,572.3264785482603,573.3494873046875,95197700
2025-05-22,573.1528300863163,577.0482371941405,571.9232260794693,573.5758666992188,70860400
2025-05-23,566.5818940711587,572.3167845833995,566.2080896099602,569.6608276367188,76029000
2025-05-27,576.5072061511252,581.6616963869777,568.9918522772189,581.5043334960938,72588500
2025-05-28,581.9076603733905,583.0979387188073,577.4122207207761,578.14013671875,68445500
2025-05-29,583.383198499108,583.5209285665185,576.5072620387259,580.4223022460938,69973300
2025-05-30,579.3204944032111,581.4846092815853,573.7233350319688,579.7730102539062,90601200
2025-06-02,578.1696356443219,583.1175308206884,575.51367904973,583.0388793945312,61630500
2025-06-03,582.6748360752176,587.3374840604879,582.1927809545153,586.3636474609375,63606200
2025-06-04,587.2195213026215,588.1933580255613,585.77347583579,586.206298828125,57314200
2025-06-05,587.8785767379185,589.2262178754949,581.405924678812,583.373291015625,92278700
2025-06-06,588.8917438854173,591.0263796061765,587.1211261759919,589.3639526367188,66588700
2025-06-09,589.9344062766999,591.4394702547755,588.7244952632093,589.8950805664062,53016400
2025-06-10,590.426305457828,593.6232758793388,589.3147986704665,593.2396850585938,66247000
2025-06-11,594.3315085062023,595.1873080200999,589.4918043518763,591.5476684570312,73658200
2025-06-12,590.2197770479303,593.8987426757812,589.7377818775473,593.8987426757812,64129000
2025-06-13,588.7343748466453,592.0296894370186,585.7636324727854,587.2588500976562,89506000
2025-06-16,590.6034249017806,594.5873299052357,590.4263090889528,592.84619140625,79984100
2025-06-17,590.4165373080118,591.9313878788944,587.0228181324287,587.7802734375,82209400
2025-06-18,588.675394655937,591.4100028153547,586.7375074721152,587.6917114257812,76605000
2025-06-20,590.3564623402502,591.421997724495,584.9104595060545,586.3114624023438,94051400
2025-06-23,587.0611954614843,592.4874469643536,583.9534693671619,592.1027221679688,87426000
2025-06-24,596.2266992885851,599.699459496435,595.3189919942236,598.6438598632812,67735300
2025-06-25,599.7586334214261,600.4492593088346,597.4204170810242,598.979248046875,62114800
2025-06-26,600.8242007377552,604.0996909412141,600.2125189749694,603.6655883789062,78548400
2025-06-27,604.6619851770232,608.1249297272853,602.6394853750887,606.6647338867188,86258400
2025-06-30,609.1016386885779,610.9169326524568,606.7929889413094,609.5653076171875,92502500
2025-07-01,608.0953617899536,610.5322734636828,607.2666588703396,609.3681030273438,70030100
2025-07-02,608.9636353224103,612.1700572103479,608.3420779544849,612.130615234375,66510400
2025-07-03,614.1036930875782,617.882354174148,614.0839419945853,616.9549560546875,51065800
2025-07-07,615.0015403770067,615.6625999062851,609.5851637565357,612.3574829101562,74814500
2025-07-08,613.0184402574613,613.7682592313246,611.2130216520668,612.0220336914062,59024600
2025-07-09,614.4194576258184,616.3432624074327,612.5843521193799,615.692138671875,66113300
2025-07-10,615.8302548644143,618.4644365752275,614.6562088976586,617.4285278320312,57529000
2025-07-11,614.389851486408,616.4814202079069,613.196114561925,615.258056640625,63670200
2025-07-14,614.8042291186631,616.7774117864018,613.4624793566222,616.43212890625,51898500
2025-07-15,619.1058400574967,619.4412474042338,613.7190294619737,613.7979736328125,74317300
2025-07-16,615.3764310442137,616.3531467698953,609.7627242916457,615.8499755859375,88987500
2025-07-17,616.0275671883336,619.9739319743786,615.8104858123922,619.6187133789062,68885700
2025-07-18,620.8618249379944,621.0295285799061,618.0599396747441,619.1649169921875,65621600
2025-07-21,620.3389282226562,623.0717447236228,619.9147012599321,620.3389282226562,63375000
2025-07-22,620.6645066309135,621.2860639110608,617.7935527028395,620.427734375,60046300
2025-07-23,623.0816274772815,625.7059936523438,621.2860243619085,625.7059936523438,70511000
2025-07-24,626.0908482604223,627.6201130303268,625.4890419873703,625.9132690429688,71307100
2025-07-25,626.5743140212653,629.0309167973285,626.3276661888614,628.5573120117188,56865400
2025-07-28,628.9321516432593,629.4846403177779,627.0181622678288,628.3994140625,54917100
2025-07-29,629.7904764849706,630.1061928990167,625.8342963044605,626.741943359375,60556300
2025-07-30,627.3930824208583,629.129492632239,623.0718079865017,625.9526977539062,80418900
2025-07-31,630.8856625012866,631.2703873241156,622.3121821287813,623.6046142578125,103385200
2025-08-01,617.9020886786027,617.9415908673775,610.9860743719428,613.3834838867188,140103600
2025-08-04,617.2805351933534,622.7561046288977,617.191775701563,622.706787109375,73218000
2025-08-05,623.3184070376644,624.1274190145356,618.6320990296246,619.5496215820312,68051400
2025-08-06,620.615200817688,624.9463507668227,619.7075537473198,624.2952270507812,64357500
2025-08-07,627.7087670325432,628.4388348760696,620.6743670535704,623.7722778320312,74205800
2025-08-08,625.5579489909923,629.0998375270564,625.2422326137232,628.6361083984375,64051600
2025-08-11,628.9124554108,630.382466681372,626.1499518449814,627.39306640625,58742300
2025-08-12,629.7312404986845,634.2300937128912,628.251353780633,634.072265625,64730800
2025-08-13,636.2625497647373,637.5254154950222,634.0624705008762,636.2428588867188,60092800
2025-08-14,634.1709312549185,636.9630011917295,633.7270133914775,636.302001953125,59327500
2025-08-15,637.3281739765669,637.4268692474167,633.9047306950813,634.8123779296875,68592500
2025-08-18,634.2400307460651,635.3647592128409,633.5691559281859,634.6741333007812,43804900
2025-08-19,634.4965103700933,635.4732259966958,629.9187128752989,631.2308959960938,69750700
2025-08-20,630.8265133126017,631.0829764734092,624.4629872631401,629.5537719726562,88890300
2025-08-21,627.7482676486437,629.4155489420286,625.3113561107211,627.0280151367188,54805800
2025-08-22,629.2084140029245,637.8312114652382,628.70524285572,636.6571655273438,84083200
2025-08-25,635.404241216521,636.6374803454853,633.736899505491,633.8552856445312,51274300
2025-08-26,633.5888838455812,636.85449832521,632.9673265691392,636.5091552734375,51581600
2025-08-27,635.9271580330511,638.6896016147832,635.7791452521487,637.9595336914062,48341100
2025-08-28,638.5612839961418,640.7712386679527,636.6867968305069,640.21875,61519500
2025-08-29,638.7881685836082,639.1532627231435,634.5162720889837,636.400634765625,74522200
2025-09-02,628.9519373540064,631.9018356294255,626.4065150056712,631.684814453125,81983500
2025-09-03,634.05255551225,635.5719445130327,631.8722274787872,635.1082153320312,70820900
2025-09-04,635.7790859642552,640.4457033002755,634.8813144651941,640.4160766601562,65219200
2025-09-05,642.7444163544111,643.4646688785257,634.7037341963564,638.561279296875,85178900
2025-09-08,639.922799046398,641.1264716601992,638.5514227841185,640.1300048828125,63133100
2025-09-09,640.2681753176894,642.1328474672615,638.5416404125504,641.6099853515625,66133900
2025-09-10,644.855788891868,645.7733115580726,641.9058905935132,643.4647216796875,78034500
2025-09-11,645.4082598463015,649.502637640468,644.8262047273438,648.81201171875,69934400
2025-09-12,648.7824254618777,650.272187984056,648.0918597139254,648.594970703125,72780100
2025-09-15,650.7950437367242,652.1762353081463,650.499078415473,652.0479736328125,63772400
2025-09-16,652.6004677140577,652.9063688014267,650.3708221309846,651.1502075195312,61169000
2025-09-17,651.1600740883537,652.8471065185831,645.5266166017295,650.3411865234375,101952200
2025-09-18,653.0148488941834,655.9746224265324,651.4165760040546,653.3798828125,90459200
2025-09-19,655.2606553211801,657.4569312262267,653.3215535907623,656.6160278320312,97945600
2025-09-22,655.1320445581616,660.1676828141602,655.1023357778903,659.7225341796875,69452200
2025-09-23,659.6037721086419,660.2172101260659,654.914373896894,656.1312866210938,81708900
2025-09-24,657.4173995788382,657.5163080809864,652.6290324775867,654.0437622070312,68082200
2025-09-25,650.91749472694,652.3717757310584,647.4251431178142,651.0263061523438,89622100
2025-09-26,652.4707007820219,655.3001599546333,650.8580938277397,654.7560424804688,69179200
2025-09-29,657.2689872647139,658.1792111877495,654.7956708332731,656.5962524414062,73499000
2025-09-30,655.8541471878013,659.5344728182262,654.5482290856307,659.0694580078125,86288000
2025-10-01,656.0916347397471,662.2254710850941,655.9828233173913,661.3153076171875,72545400
2025-10-02,663.2939389771905,663.4126533220159,659.6631277666079,662.0770263671875,56896000
2025-10-03,662.838842966907,665.5001336306916,661.0283585893458,662.0671997070312,70494400
2025-10-06,664.451431246289,665.3319462864663,662.314512664693,664.4415283203125,54623300
2025-10-07,665.3616905172978,665.8068995645011,660.5436748009873,661.9782104492188,72020100
2025-10-08,663.0960778489103,666.0245059882836,662.2749199573431,665.925537109375,60702200
2025-10-09,666.3411584665431,666.7467557943302,662.0672604073742,663.9963989257812,66501900
2025-10-10,664.9560020556908,666.7565834688588,645.8719162752307,646.0499877929688,159422600
2025-10-13,653.5985682812151,658.030731623523,652.7279561413051,655.9630126953125,79560500
2025-10-14,650.1556923521978,658.7232938317348,646.1983862715207,655.1616821289062,88779600
2025-10-15,659.7026642450096,663.0762408380068,651.8968641380318,658.0702514648438,81702600
2025-10-16,659.7027147054259,661.5725563129243,650.0963324960569,653.5886840820312,110563300
2025-10-17,652.4608239631079,658.6540174880462,651.1153544209424,657.2986450195312,96500900
2025-10-20,660.197387427611,665.0352086527322,660.1479331778372,664.1348876953125,60493400
2025-10-21,664.2733620876278,665.8068060270512,662.8289237149189,664.1249389648438,56249000
2025-10-22,664.8273632729761,664.8273632729761,656.2202112252926,660.6721801757812,80564000
2025-10-23,660.988802941274,665.5298380529869,660.6722112216523,664.5899658203125,65604500
2025-10-24,669.2398161192735,671.2283116328227,668.4384640813665,670.0213623046875,74356500
2025-10-27,675.442806418656,678.2228112394536,674.8393317954225,677.926025390625,63339800
2025-10-28,679.7167206093349,681.5568533012904,677.520444889974,679.7266235351562,61738100
2025-10-29,681.3688000916466,682.338380954642,675.581265222451,680.0530395507812,85657100
2025-10-30,676.6004800474726,678.6186845559015,672.5739135742188,672.5739135742188,76335800
2025-10-31,677.728264242081,677.7678759511788,671.9901821072642,674.7800903320312,87164100
2025-11-03,678.3514739521635,678.4800912258883,672.6826525168186,676.04638671875,57315000
2025-11-04,668.8934850512616,672.702428076588,667.3798469971412,668.0327758789062,78427000
2025-11-05,667.7754935295252,673.5927374125945,666.9741415856171,670.3477783203125,74402400
2025-11-06,669.2497429273029,670.1500639573375,661.5824616992899,663.155517578125,85035300
2025-11-07,660.781013040124,663.9172214121945,654.1525740278607,663.808349609375,100592400
2025-11-10,670.011442763763,674.8987178962867,667.8250699305912,674.1666259765625,75842900
2025-11-11,672.6925881240425,676.2739453424548,671.4855783543771,675.7100219726562,58953400
2025-11-12,677.4808612736824,677.6490902522322,673.6818813898049,676.0859375,62312500
2025-11-13,673.2367288900627,673.5928719621189,663.3632690735044,664.8670043945312,103457800
2025-11-14,658.2780414721369,668.4482860302248,656.1905771441307,664.7581176757812,96846700
2025-11-17,662.5519561070769,666.5191649555097,655.1022987242936,658.56494140625,90456100
2025-11-18,655.0330664835586,658.0208519047019,648.8596786437042,653.03466796875,114467500
2025-11-19,653.7271433162842,660.217122241199,651.718781691756,655.557373046875,94703000
2025-11-20,665.7276649913678,668.3494043558474,644.9320631333248,645.5652465820312,165293500
2025-11-21,648.0582892153691,657.4568906385811,643.9031059831046,651.995849609375,123956200
2025-11-24,655.6167748873626,662.9081062970187,654.5285399004904,661.59228515625,80437900
2025-11-25,661.4933747936815,668.9924864834618,657.3876457131933,667.815185546875,81077100
2025-11-26,670.3973686817876,674.4239350690651,669.4970476879164,672.4254760742188,71879600
2025-11-28,673.5928002628821,676.3728052050843,673.2366572287348,676.0958251953125,49212000
2025-12-01,671.5647168500374,675.7000943604489,671.4954567492206,673.0091552734375,61201200
2025-12-02,674.6414676887413,676.5212120744054,672.0791460292079,674.2556762695312,62953800
2025-12-03,673.3059439079583,677.5995871066391,672.4353317565424,676.5905151367188,57238500
2025-12-04,677.9854656605314,678.0547257643626,674.0677712084201,677.085205078125,61970300
2025-12-05,678.1535936302283,681.0424704296607,677.2731389541586,678.3712768554688,79241000
2025-12-08,679.2617413091358,679.3111955598065,674.2953027143022,676.3333129882812,55231500
2025-12-09,675.8584445640498,678.0745263345831,675.3044241214166,675.7495727539062,58310100
2025-12-10,675.2746659471688,681.6162219852988,674.0380078724895,680.231201171875,85671300
2025-12-11,677.82719343181,681.8933109790751,674.8888622374254,681.8141479492188,86173700
2025-12-12,680.8248329648462,681.5272765513724,671.9208940415416,674.4832763671875,113160300
2025-12-15,678.4207075198718,678.4405133715769,671.999988545765,673.4641723632812,90811000
2025-12-16,671.9802275249427,673.8105178026394,667.7755898483048,671.6240844726562,122030600
2025-12-17,672.6331978735437,673.1773153631458,664.035948310003,664.2338256835938,110625200
2025-12-18,670.3675775068244,673.4740770479272,667.6964444022054,669.2496337890625,108650100
2025-12-19,671.3463691548195,675.8114935895343,671.2272434527378,675.3153686523438,103599500
2025-12-22,678.639344063116,680.0483218496023,675.3153313921905,679.5224609375,69556700
2025-12-23,678.6194459960617,682.8663040830753,678.569845619967,682.628173828125,64840000
2025-12-24,682.6183200290311,685.4760045408373,682.4694583215327,685.0294799804688,39445600
2025-12-26,685.2874813951044,686.2995351048382,683.9281038851597,684.9600219726562,41613300
2025-12-29,682.2114479341877,683.8586166189733,680.7528697076866,682.51904296875,62559500
2025-12-30,682.1221392108215,683.2235219572843,681.2588867271484,681.685546875,47160700
2025-12-31,681.8145855439083,682.0328514439952,676.4266760541103,676.635009765625,74144800
2026-01-02,680.3956585252009,681.5466416904673,674.5512924418268,677.8753051757812,89377200
2026-01-05,681.2192280630002,684.0868448237256,681.0604947255163,682.3900756835938,71927200
2026-01-06,682.5984300063299,686.9544213697425,682.4496288665487,686.4483642578125,69273800
2026-01-07,686.8254142672773,688.5817158514149,683.9776620917838,684.2356567382812,75588300
2026-01-08,683.4815439165204,685.2675815209567,682.1618346683338,684.1661987304688,64019200
2026-01-09,685.2775150455628,689.9212370510019,683.8387406584166,688.6908569335938,80125500
2026-01-12,685.3271398200249,690.6952455853734,685.2775394384523,689.7723999023438,63976000
2026-01-13,690.0998291255927,690.6952153647912,685.9919002674054,688.3931884765625,78309700
2026-01-14,685.6446369497345,686.3590277621203,680.7230559588451,685.0095825195312,94676700
2026-01-15,689.1870202593807,690.0602050162862,685.8927433241695,686.8750610351562,77862000
2026-01-16,688.2839991969948,688.869453251486,684.7515921796883,686.2994995117188,79289200
2026-01-20,676.2082832182709,679.4628915199756,671.3264313278333,672.32861328125,111623300
2026-01-21,674.3826370735425,683.402154325963,672.8743979165272,680.0880737304688,127844500
2026-01-22,684.5035723961656,685.7736813437502,681.5962874434288,683.6403198242188,77112200
2026-01-23,682.8167194920136,685.6049389887335,681.8343413244536,683.8883056640625,63059600
2026-01-26,685.1386369609629,688.7504412014587,684.5730472396109,687.3612670898438,60473800
2026-01-27,688.799947686109,691.1317710154308,688.1946898528689,690.0997924804688,55506100
2026-01-28,691.6477064811113,692.4316225777728,688.5618241580821,690.0303344726562,61172200
2026-01-29,690.9928952881424,691.657685737667,679.5224893166136,688.6610717773438,97486200
2026-01-30,686.4285800085149,688.8298685233847,681.7947896393288,686.607177734375,101835100
2026-02-02,684.2356737126761,691.5286859406688,684.0768798206813,690.0204467773438,79286500
2026-02-03,690.8142565672537,691.5584439188771,678.7286612443456,684.18603515625,107904600
2026-02-04,684.9996810996682,686.0911923060062,676.4762885369656,680.8719482421875,105204600
2026-02-05,675.6626239798336,678.3913111024622,670.5525129616972,672.3683471679688,113610800
2026-02-06,676.1785962582386,686.9444827733389,675.5732778299765,685.267578125,89127600
2026-02-09,684.0768565720822,690.4768800480663,683.0052703670985,688.57177734375,73885200
2026-02-10,689.5640042757049,691.1416475283962,686.2994637039938,686.7559204101562,65185700
2026-02-11,690.9928885783248,691.7370759669038,683.8387453470867,686.5972290039062,76353900
2026-02-12,688.8595645054852,689.9609473653614,675.097063165144,675.9901123046875,118829000
2026-02-13,676.4067760275798,680.96122930703,672.2691112734435,676.46630859375,96267500
2026-02-17,674.8688419019007,679.6316291710169,670.5426469985775,677.5578002929688,81354700
2026-02-18,678.7187643851827,683.8090109802145,677.53798463666,680.9711303710938,73570300
2026-02-19,678.5401770095443,680.8620077880265,676.2678860499572,679.1751708984375,58649400
2026-02-20,677.0319706522042,684.71197532004,676.4465165538227,684.0868530273438,100034000
2026-02-23,682.4992209190492,684.6523861034582,675.0970153480879,677.1013793945312,90558100
2026-02-24,676.6151751251432,683.0151380016027,674.7298762460771,682.0228881835938,73798700
2026-02-25,684.8310015582731,688.3038760705598,684.7516046120257,687.7780151367188,56369500
2026-02-26,687.9069589925494,687.926762805978,679.0461151309984,683.957763671875,71671000
2026-02-27,677.795973699009,681.5367144347911,676.35719931042,680.6734619140625,83308900
2026-03-02,673.4399535831263,683.2830546740443,672.765230984366,681.0604248046875,87477200
2026-03-03,669.8281968363514,677.3196712649806,664.4700232973693,675.057373046875,105003100
2026-03-04,676.3473157204403,681.7650220692323,674.3528836974749,679.8201904296875,79182200
2026-03-05,676.7937758642711,680.2170498641997,670.3738880206191,676.0297241210938,106606500
2026-03-06,668.1908700160953,670.869956423512,664.569194806431,667.1688842773438,100687000
2026-03-09,661.2253729422058,674.650481531912,657.2563736570586,673.0133056640625,102667700
2026-03-10,672.4675558251363,678.0638596518006,669.5305349566006,671.9317626953125,81505300
2026-03-11,672.3286912573745,674.8093159596237,668.1215614523004,671.08837890625,68441700
2026-03-12,665.9583993556241,666.4446526664856,660.7094193200438,660.89794921875,108882200
2026-03-13,664.0831110227487,667.1293254881115,656.2343803863124,657.1571655273438,97200200
2026-03-16,663.1999840519829,666.8613885560293,661.9497395049242,663.844970703125,82023100
2026-03-17,667.1788836379297,669.2129836950214,664.5097291491037,665.5912475585938,87128000
2026-03-18,663.1800557566115,664.5295009374192,656.0656417127632,656.3037719726562,82062600
2026-03-19,651.8783174953539,657.8417484417536,650.0922799802194,654.6864013671875,111272500
2026-03-20,653.2010079047443,653.380093364961,641.4703940766159,645.301025390625,163617500
2026-03-23,654.7531040433624,659.2801583045331,650.6439158314106,652.07666015625,134802700
2026-03-24,648.0371459178807,653.7183875512989,646.604401549905,649.8877563476562,96457500
2026-03-25,655.3500504609481,657.5588924447279,650.9423865337293,653.5093994140625,90653800
2026-03-26,648.773401781548,651.5493174066021,641.5699034672713,641.8385620117188,96494400
2026-03-27,639.2615657472361,639.4207325687934,629.9188801961861,630.8939819335938,103649400
2026-03-30,636.8836547011163,637.1423539459004,626.108284608157,628.78466796875,99275900
2026-03-31,635.719508676349,648.255975728372,634.7643255692599,647.0620727539062,152534100
2026-04-01,650.6041659517412,655.2008748639518,649.7086779392242,651.9373779296875,97841500
2026-04-02,643.161809607987,654.8824636102106,641.858414876014,652.5244140625,68358700
2026-04-06,652.5542919409455,656.3948220300638,652.2160396308291,655.6088256835938,39105800
2026-04-07,653.3402849463747,656.285326673986,647.7784337275787,655.8972778320312,69980400
2026-04-08,672.980811715349,673.6673363432215,668.0756676404139,672.6027221679688,93606100
2026-04-09,671.438579338256,677.7266707213284,670.3739652533407,676.4829711914062,57134400
2026-04-10,677.885949822129,678.5923930707559,675.0304203424645,676.0353393554688,42253500
2026-04-13,673.9956432299357,682.8408497944083,673.1698703787699,682.641845703125,54185800
2026-04-14,684.2238203737314,691.0791070995066,684.193942434314,690.959716796875,63480500
2026-04-15,691.7557051691649,696.7504224001667,690.7010502942645,696.412109375,58240400
2026-04-16,697.5264615426626,699.2378238459212,695.0092450197437,698.1234130859375,49972400
2026-04-17,702.5808909886877,708.7993894133457,702.2028014262665,706.5607299804688,70661900
2026-04-20,705.20752199003,706.3317705126415,702.5808139687996,705.1477661132812,43546800
2026-04-21,706.7000123508461,707.6949720613851,699.098505587723,700.53125,58941400
2026-04-22,705.5756906371417,707.8640857857167,704.6503246823615,707.6253051757812,42518500
2026-04-23,705.9239069650033,708.7694771316526,698.7403270820959,704.8792114257812,56174000
2026-04-24,707.1676287635845,710.8688498134599,705.4364085481575,710.341552734375,45182000
2026-04-27,709.5753882284523,712.023010938504,708.7097781525541,711.5653076171875,33135900
2026-04-28,708.2321938525355,709.2868486650957,705.6751402340362,708.1028442382812,43117400
2026-04-29,707.4163145996059,708.6102783309316,704.7995658491443,707.993408203125,41859200
2026-04-30,711.0280636665188,716.1620290590424,706.8691393587039,715.0377197265625,67240900
2026-05-01,717.6146516977453,721.216400793299,716.8385540170647,717.0177001953125,43049800
2026-05-04,716.4406056700121,718.4802608161392,711.3861936216806,714.3909912109375,51950600
2026-05-05,718.1320898558575,721.3855668152729,717.8534719876392,720.1220092773438,36933200
2026-05-06,724.489821452625,730.8874657022126,724.1515691652952,730.1312866210938,53288900
2026-05-07,731.3451201928577,732.4196936796947,726.0718458933673,727.8926391601562,51724600
2026-05-08,731.2257166531052,734.359863963193,730.8675457398152,733.9021606445312,47227100
2026-05-11,732.7380586745534,737.0561496205491,732.7380586745534,735.5736694335938,44024000
2026-05-12,733.1758744234386,735.1160580011854,728.1413807257971,734.4593505859375,54185300
2026-05-13,734.7478704606156,740.1604537310201,731.7629913201908,738.5685424804688,44200200
2026-05-14,739.9018102364839,745.7521781705404,739.8122371427646,744.3989868164062,45307600
2026-05-15,738.0511867146383,739.712813256131,734.2405345152865,735.4443969726562,60410800
2026-05-18,736.1010471042457,737.682999009625,729.6935042484962,734.927001953125,47843900
2026-05-19,731.0765556379026,733.9320852676053,727.8429364442825,730.0317993164062,54255900
2026-05-20,732.0018002736176,738.1307251173267,730.1909663879147,737.5138549804688,45768000
2026-05-21,734.9170485709385,741.1156280791548,733.3151780259534,738.9764404296875,43332200
2026-05-22,742.4787264390759,745.1651298094138,740.7275876279662,741.8817749023438,41762000
2026-05-26,746.2297301040182,748.3390397979183,744.5979816306177,746.8068237304688,41123600
2026-05-27,747.0953563113346,747.5928361692701,744.4487294597059,746.677490234375,42106300
2026-05-28,746.4685193943138,751.3438462445121,745.4536410614309,750.7965698242188,41562600
2026-05-29,752.0900813404212,754.2590862562773,750.8861582097875,752.6671142578125,55075700
2026-06-01,751.5527711685265,756.4480167905853,750.8861651495049,754.7167358398438,43634900
2026-06-02,753.2144012702464,756.5674107365072,752.9357833937803,755.7415771484375,31581900
2026-06-03,754.3287420712209,754.9754294579049,749.7718095132926,750.4384155273438,51402500
2026-06-04,748.3091480570178,754.4878695071194,747.6823186029123,753.2740478515625,49923000
2026-06-05,748.5181345185488,749.0255736853693,731.82274221843,733.83251953125,93989400
2026-06-08,739.6132273185567,741.5832888174093,734.4693026781229,735.4940795898438,49319100
2026-06-09,739.881873688386,743.1354112835509,718.9479438267383,733.3350219726562,87683500
2026-06-10,729.69352181897,734.6583610930755,721.6741489247238,721.7736206054688,60341300
2026-06-11,725.0868662900759,736.2702039965386,720.7587550057447,734.04150390625,86330500
2026-06-12,736.9766163198905,740.6877965432628,731.3252525489901,738.0113525390625,57079500
2026-06-15,748.0604304424444,752.8661028247,747.9709180763429,751.0254516601562,60176400
2026-06-16,750.7468576807364,751.6323864215939,746.100412710964,746.5481567382812,67093100
2026-06-17,747.5032315039188,748.3589429763433,735.4940609532621,737.225341796875,85945200
2026-06-18,745.907751654771,746.3765582049119,742.0173878962117,744.8902587890625,80875700
2026-06-22,745.8479411927095,748.321778689857,741.2892538871644,742.546142578125,46628100
2026-06-23,731.9922892059834,737.7978798883457,730.4860198600484,731.7628784179688,66846800
2026-06-24,733.3489180103626,738.1171068570358,729.0296875445486,731.4237060546875,57439500
2026-06-25,737.0796452204372,737.5385276888334,727.7927091295785,732.4810791015625,53934400
2026-06-26,727.144386135875,734.7056273477464,714.8050317832251,727.1842651367188,71034000
2026-06-29,734.7055914816465,739.7231001504891,730.27658724538,739.1644897460938,58035200
2026-06-30,739.4537599262709,746.1671307285668,739.0547872797607,744.9202270507812,55626000
2026-07-01,743.1545925484338,747.5835968507926,740.541087308444,743.9127197265625,47100900
2026-07-02,745.5486859530862,749.4489739445169,738.1969465958291,742.9351806640625,57447800
2026-07-06,746.885320136641,750.5462122974698,745.5585975722108,749.4190673828125,50673300
2026-07-07,748.3616416292718,749.0998597580657,743.364102770238,745.85791015625,43721500
2026-07-08,741.3191472958572,744.3017921335774,737.6782249675691,743.5536499023438,43767400
2026-07-09,745.4987759890873,750.1073272936331,743.7431866839036,749.8480224609375,41441700
2026-07-10,750.187115173852,753.5487626123848,746.2468873823584,753.0799560546875,42191300
2026-07-13,750.6060836597362,752.0425191788765,746.1471851864706,747.3142700195312,44013600
2026-07-14,749.0499474324819,751.4739818301254,746.8055207475287,749.9677124023438,35143100
2026-07-15,752.3717122204262,753.7084197839658,748.3417413555546,752.9403076171875,43844800
2026-07-16,750.8953984161742,752.7009125511715,746.0274814662645,748.8604125976562,46409800
2026-07-17,740.241827732839,745.438883195828,738.9649691671198,741.4487915039062,62651000
2026-07-20,745.2094908804986,746.8753371556621,739.6732506975046,740.2518310546875,50422300
2026-07-21,744.4413918284653,747.1845799829406,742.3366329839115,746.426513671875,34324300
2026-07-22,744.7705725456777,748.1621748950539,744.5211918106933,745.55859375,32836200
2026-07-23,737.5385562389782,740.7206569606348,733.3888874570794,736.3515014648438,55437300
2026-07-24,736.6806667930385,741.8777222786117,735.4636571620507,737.099609375,44782000
2026-07-27,743.0648074406847,743.6833276942111,734.0472217265344,737.25927734375,41461200
2026-07-28,737.3589950224286,740.9500533043114,734.156924420905,739.0248413085938,47322200
2026-07-29,738.1370526174048,740.8403618199718,727.2939826612791,727.6531372070312,70697200
2026-07-30,734.2267392747757,740.6109103701467,732.7703947650456,739.852783203125,66811300
2026-07-31,742.835410914187,747.0449895804718,735.8527500027326,745.1796264648438,62445900
2026-08-03,747.5836183167282,756.7009928898597,746.9451890027125,755.793212890625,59927500
2026-08-04,758.7458651152236,771.494176400126,758.6361522059436,769.4193725585938,69154800
2026-08-05,773.928165423025,774.9256883846499,767.6039039413469,767.8831787109375,44689100
2026-08-06,768.3021872511085,769.9081846177485,765.5589990885744,766.65625,38416900
2026-08-07,769.1101628301597,772.0029428489042,767.703621378493,771.3446044921875,43586300
2026-08-10,770.6861849056471,773.1301282404592,769.7086319253093,771.1151733398438,39249500
2026-08-11,772.6115040483734,772.6912620504304,767.2946895097219,768.6513061523438,36740600
2026-08-12,772.7910096110111,772.9805414027246,769.369513273419,770.5764770507812,33179100
2026-08-13,772.9506321027081,777.4394855444215,772.1925048911166,775.9531860351562,35634500
2026-08-14,776.6114939657781,776.8708596736758,773.509212209858,774.4169921875,31367900
2026-08-17,774.2573577843602,774.8559080861019,770.5964655970525,770.7560424804688,34356600
2026-08-18,766.7959149360092,767.5939211307613,765.0202948350139,765.5490112304688,43920900
2026-08-19,768.4517358705159,770.5564946026684,766.1973243479778,767.1549682617188,40306000
2026-08-20,764.0627220124634,766.2472997692572,760.1523881029335,760.7109985351562,45520300
2026-08-21,764.1524418077088,765.9479709365374,762.2770937955632,763.8232421875,39188700
2026-08-24,762.8856098637509,763.3244615010249,760.1922857963137,761.5787963867188,32430900
2026-08-25,764.262137078792,764.8806573052586,761.159855395616,764.0127563476562,27422300
2026-08-26,762.8356805789958,765.449185749943,762.0376744224566,764.182373046875,28751600
2026-08-27,766.5964060257239,770.4468300957561,765.2596984507333,769.18994140625,34557100
2026-08-28,769.8483393622295,773.3795487683207,766.4068729286823,767.4442749023438,36744300
2026-08-31,765.4292990280279,766.097622354185,762.8257178677422,765.1499633789062,38810800
2026-09-01,760.1224772031874,762.7758614763637,757.5987149009983,759.89306640625,41126300
2026-09-02,760.5614001563074,764.5315220914426,759.8431519587122,763.2646484375,29566200
2026-09-03,765.99791709853,772.112737807933,765.5490195828438,771.2548217773438,43531600
2026-09-04,770.0977256925568,770.9555808433835,767.0951717806925,768.2822265625,34054200
2026-09-08,767.1649647963771,767.7934091111229,763.2447069992287,764.0626831054688,44746100
2026-09-09,762.1873669257697,762.5763546117217,759.055130192088,760.5115356445312,32812400
2026-09-10,756.1523365872063,758.2271404471661,754.7657651010062,755.9528198242188,42740400
2026-09-11,762.8257171109622,764.4816392943262,761.7084962835214,762.3967895507812,45512700
2026-09-14,757.119891309806,761.6287143614769,756.0525344863368,758.9952392578125,43992400
2026-09-15,758.2371341657202,758.4665449596201,754.2769973083872,755.513916015625,46195000
2026-09-16,757.6187023523285,759.7833101686804,747.7432005092232,752.1821899414062,59217700
2026-09-17,761.2596848801362,761.6786274833105,758.0775841455181,760.7109985351562,49652800
2026-09-18,761.3099975585938,762.0,757.969970703125,761.6900024414062,65395100
2026-09-21,766.25,774.8900146484375,766.030029296875,773.5,50484700
2026-09-22,774.030029296875,775.1400146484375,772.5700073242188,773.3800048828125,34802300
2026-09-23,772.7899780273438,773.0499877929688,766.5,767.8099975585938,54931700
2026-09-24,764.0700073242188,768.9500122070312,763.25,767.1799926757812,43983700
2026-09-25,768.780029296875,772.280029296875,766.2899780273438,771.3499755859375,36666700
2026-09-28,768.3499755859375,769.5399780273438,763.719970703125,765.6099853515625,42694500
2026-09-29,766.8300170898438,766.97998046875,762.3499755859375,764.2000122070312,36910500
2026-09-30,766.4500122070312,769.4099731445312,762.1799926757812,762.6300048828125,62110000
2026-10-01,764.3599853515625,765.6500244140625,758.7899780273438,763.989990234375,47708100
2026-10-02,770.5800170898438,772.6500244140625,767.1500244140625,769.6400146484375,46335300
2026-10-05,769.6900024414062,776.6099853515625,769.6300048828125,774.8300170898438,44840200
2026-10-06,778.1500244140625,781.6199951171875,777.9600219726562,779.0900268554688,35461764
